
[1m[7m[36m RUN [39m[27m[22m [36mv2.1.9 [39m[90mD:/pulse-forge[39m
      [2mCoverage enabled with [22m[33mv8[39m

 [32mÔťô[39m tests/instruments.test.ts [2m([22m[2m60 tests[22m[2m | [22m[33m32 skipped[39m[2m)[22m[90m 281[2mms[22m[39m
 [31mÔŁ»[39m tests/project-model.test.ts [2m([22m[2m60 tests[22m[2m | [22m[31m1 failed[39m[2m)[22m[33m 581[2mms[22m[39m
[31m   [31m├Ś[31m normalizeProject ÔÇö macros, returns, master[2m > [22mcreates default master when missing[90m 123[2mms[22m[31m[39m
[31m     Ôćĺ expected { masterGain: 1, ceilingDb: -1, ÔÇŽ(13) } to deeply equal { masterGain: 1, ceilingDb: -1, ÔÇŽ(12) }[39m
stderr | tests/scheduler.test.ts > scheduler ÔÇö recovery > does not throw when the active pattern id points to a deleted pattern
[scheduler] cannot schedule pattern mode: active pattern deleted-pattern-id is not present in the project

stderr | tests/scheduler.test.ts > scheduler ÔÇö recovery > clears a pending launch whose target pattern was removed from the doc
[scheduler] dropping queued launch for missing pattern second-pattern

 [32mÔťô[39m tests/scheduler.test.ts [2m([22m[2m46 tests[22m[2m)[22m[33m 1132[2mms[22m[39m
   [33m[2mÔťô[22m[39m scheduler ÔÇö recovery[2m > [22mschedules a 64-clip song arrangement without dropping events or duplicating across scene boundaries [33m558[2mms[22m[39m
 [32mÔťô[39m tests/ai-markov.test.ts [2m([22m[2m71 tests[22m[2m)[22m[33m 1645[2mms[22m[39m
   [33m[2mÔťô[22m[39m markov engine[2m > [22mencodeState / decodeLevelPrev / decodeLevelCurr / decodePosition round-trip [33m320[2mms[22m[39m
 [32mÔťô[39m tests/commands.test.ts [2m([22m[2m68 tests[22m[2m)[22m[33m 1474[2mms[22m[39m
 [32mÔťô[39m tests/effect-intent.test.ts [2m([22m[2m39 tests[22m[2m)[22m[33m 2978[2mms[22m[39m
   [33m[2mÔťô[22m[39m Effect Intent Engine ÔÇö curated descriptors and planner[2m > [22madapts every rack ParamDef without implying that every parameter is intent-editable [33m668[2mms[22m[39m
   [33m[2mÔťô[22m[39m Effect Intent Engine ÔÇö curated descriptors and planner[2m > [22madapts FXEQ deep descriptors from the authoritative active-band schema [33m417[2mms[22m[39m
   [33m[2mÔťô[22m[39m Effect Intent Engine ÔÇö curated descriptors and planner[2m > [22mkeeps generated proposals deterministic and schema-valid across boundary intensities [33m316[2mms[22m[39m
 [32mÔťô[39m tests/ranking-adversarial.test.ts [2m([22m[2m45 tests[22m[2m)[22m[33m 5727[2mms[22m[39m
   [33m[2mÔťô[22m[39m rankCandidatesWithModel ÔÇö adversarial inputs[2m > [22m50-candidate rapid-fire ranking: identical inputs Ôćĺ identical ranking (no shared state) [33m4708[2mms[22m[39m
   [33m[2mÔťô[22m[39m rankCandidatesWithModel ÔÇö adversarial inputs[2m > [22mconcurrent ranking calls (8 in parallel) stay consistent [33m370[2mms[22m[39m
 [32mÔťô[39m tests/sound-quality-pass.test.ts [2m([22m[2m33 tests[22m[2m)[22m[33m 1350[2mms[22m[39m
   [33m[2mÔťô[22m[39m drill + phonk genre plumbing[2m > [22mbuildSong end-to-end: drill song carries cue clips and the swapped kit [33m645[2mms[22m[39m
   [33m[2mÔťô[22m[39m genre song references ÔÇö per-genre loudness trim (sound-quality wave 4)[2m > [22mtrim is deterministic and undoable; tilt and trim share the one undo step [33m484[2mms[22m[39m
 [32mÔťô[39m tests/ai-adversarial.test.ts [2m([22m[2m48 tests[22m[2m)[22m[33m 8354[2mms[22m[39m
   [33m[2mÔťô[22m[39m markov engine ÔÇö adversarial inputs[2m > [22mrapid-fire same-seed calls are byte-identical (no shared mutable state) [33m347[2mms[22m[39m
   [33m[2mÔťô[22m[39m generator ÔÇö adversarial inputs[2m > [22msurvives NaN/Infinity in ghostWeight, microWeight, velocityVariation, temperature [33m496[2mms[22m[39m
   [33m[2mÔťô[22m[39m generator ÔÇö adversarial inputs[2m > [22msurvives stepCount=1, 255, 256 (large non-negative values) [33m1045[2mms[22m[39m
   [33m[2mÔťô[22m[39m generator ÔÇö adversarial inputs[2m > [22m100├Ś same-seed rapid-fire loop yields byte-identical rows (determinism, no shared RNG state) [33m1229[2mms[22m[39m
   [33m[2mÔťô[22m[39m generator ÔÇö adversarial inputs[2m > [22m100├Ś seed sweep produces output that doesn't all collapse to the same hash [33m1180[2mms[22m[39m
   [33m[2mÔťô[22m[39m integration ÔÇö adversarial stress across the AI pipeline[2m > [22m100├Ś rapid-fire generateÔćĺquality chain never crashes and metrics stay finite [33m2304[2mms[22m[39m
 [32mÔťô[39m tests/fxeq-core-hardening.test.ts [2m([22m[2m34 tests[22m[2m)[22m[33m 23907[2mms[22m[39m
   [33m[2mÔťô[22m[39m fxeq-core LFO readInto (allocation-free reads)[2m > [22mreadInto matches read sample-for-sample (sine) [33m1138[2mms[22m[39m
   [33m[2mÔťô[22m[39m fxeq-core LFO readInto (allocation-free reads)[2m > [22mreadInto matches read sample-for-sample (triangle) [33m752[2mms[22m[39m
   [33m[2mÔťô[22m[39m fxeq-core LFO readInto (allocation-free reads)[2m > [22mreadInto matches read sample-for-sample (saw) [33m641[2mms[22m[39m
   [33m[2mÔťô[22m[39m fxeq-core LFO readInto (allocation-free reads)[2m > [22mreadInto matches read sample-for-sample (square) [33m766[2mms[22m[39m
   [33m[2mÔťô[22m[39m fxeq-core LFO readInto (allocation-free reads)[2m > [22mreadInto matches read sample-for-sample (random) [33m678[2mms[22m[39m
   [33m[2mÔťô[22m[39m fxeq-core LFO readInto (allocation-free reads)[2m > [22mrandom S&H is deterministic: independent instances and reset restart the same sequence [33m1401[2mms[22m[39m
   [33m[2mÔťô[22m[39m fxeq-core host-seeded render determinism[2m > [22mreproduces a multi-instance export exactly for the same project seed [33m652[2mms[22m[39m
   [33m[2mÔťô[22m[39m fxeq-core limiter linked true-peak path (hoisted scratch)[2m > [22mstereo-linked limiting keeps output bounded at the ceiling from block 0 [33m2340[2mms[22m[39m
   [33m[2mÔťô[22m[39m fxeq-core de-click parameter smoothing[2m > [22mreverb decay change glides the feedback gains instead of jumping the tail [33m378[2mms[22m[39m
   [33m[2mÔťô[22m[39m fxeq solo continuity (band tails keep clocking)[2m > [22mun-soloing resumes bit-identically to a never-soloed reference [33m559[2mms[22m[39m
   [33m[2mÔťô[22m[39m fxeq limiter program-dependent release (roadmap Q4)[2m > [22mpdr=1 recovers slower from deep sustained gain reduction than pdr=0 [33m2282[2mms[22m[39m
   [33m[2mÔťô[22m[39m fxeq limiter program-dependent release (roadmap Q4)[2m > [22mpdr=0 is bit-identical to the pre-Q4 behaviour [33m391[2mms[22m[39m
   [33m[2mÔťô[22m[39m fxeq limiter program-dependent release (roadmap Q4)[2m > [22mceiling still holds with pdr=1 on hot alternating material [33m852[2mms[22m[39m
   [33m[2mÔťô[22m[39m fxeq ping-pong hermite cross-read (roadmap P)[2m > [22mping-pong type runs stereo without NaN and bounces between channels [33m2167[2mms[22m[39m
   [33m[2mÔťô[22m[39m fxeq reverb tank upgrade (roadmap Q1)[2m > [22m8-line modulated tank is deterministic and finite [33m1190[2mms[22m[39m
   [33m[2mÔťô[22m[39m fxeq reverb tank upgrade (roadmap Q1)[2m > [22mmodulated tank still decays under sustained silence [33m2034[2mms[22m[39m
   [33m[2mÔťô[22m[39m fxeq latency-transition stale-buffer regression (alignment rings)[2m > [22msilence stays silent when a latency band is re-enabled mid-stream [33m402[2mms[22m[39m
   [33m[2mÔťô[22m[39m fxeq latency-transition stale-buffer regression (alignment rings)[2m > [22msilence stays silent when drive automation re-crosses the oversample threshold [33m3766[2mms[22m[39m
 [32mÔťô[39m tests/doc-delta.test.ts [2m([22m[2m55 tests[22m[2m)[22m[33m 892[2mms[22m[39m
 [32mÔťô[39m tests/state-persistence-adversarial.test.ts [2m([22m[2m25 tests[22m[2m)[22m[33m 2775[2mms[22m[39m
   [33m[2mÔťô[22m[39m SnapshotRepository ÔÇö adversarial poison + corruption[2m > [22msave/list round-trip survives 50 sequential saves without drift [33m442[2mms[22m[39m
   [33m[2mÔťô[22m[39m FrozenBufferRepository ÔÇö large blob + transient error[2m > [22msave + load a 64 KiB buffer round-trip byte-exact [33m1468[2mms[22m[39m
 [32mÔťô[39m tests/ultina-core-hardening.test.ts [2m([22m[2m55 tests[22m[2m)[22m[33m 31189[2mms[22m[39m
   [33m[2mÔťô[22m[39m clipper: knee beyond 6 dB stays monotonic and bounded[2m > [22ma Ôłĺ40 dBFS signal is not amplified to garbage with knee=12 dB (P1) [33m441[2mms[22m[39m
   [33m[2mÔťô[22m[39m analysis: non-finite target curves cannot poison proposals[2m > [22manalyzeWithTarget with a NaN entry yields finite proposal values [33m1841[2mms[22m[39m
   [33m[2mÔťô[22m[39m sculptor: silent bands get no correction[2m > [22mdigital silence produces a flat (all-zero) correction curve [33m562[2mms[22m[39m
   [33m[2mÔťô[22m[39m sculptor: silent bands get no correction[2m > [22ma sparse low spectrum does not drag active bands to the Ôłĺ12 dB limit [33m822[2mms[22m[39m
   [33m[2mÔťô[22m[39m U3: hybrid crossover mix is latency-compensated[2m > [22mdelta listen on a unity hybrid comp reads ~0 (no delayed-copy echo) [33m638[2mms[22m[39m
   [33m[2mÔťô[22m[39m U3: hybrid crossover mix is latency-compensated[2m > [22mmix = 0 through a unity hybrid comp returns the input delayed by the reported latency [33m4199[2mms[22m[39m
   [33m[2mÔťô[22m[39m U3: HQ quality mode oversamples the comp gain path[2m > [22mreports +4 samples latency and stays finite under deep compression [33m863[2mms[22m[39m
   [33m[2mÔťô[22m[39m U3: HQ quality mode oversamples the comp gain path[2m > [22mhq + all modules under deep settings stays far inside the audio budget [33m13069[2mms[22m[39m
   [33m[2mÔťô[22m[39m U4: phase module latency + per-channel compensation[2m > [22mrotation 0 adds no degenerate z^-1 delay (output is the pure shifted input) [33m552[2mms[22m[39m
   [33m[2mÔťô[22m[39m U-P: exciter Tone knob is functional and rate/OS invariant[2m > [22mpositive Tone tilts the high band up (knob is functional, not a level trim) [33m540[2mms[22m[39m
   [33m[2mÔťô[22m[39m U-P: exciter Tone knob is functional and rate/OS invariant[2m > [22mthe tilt is identical across sample rates (44.1 vs 96 kHz) [33m804[2mms[22m[39m
   [33m[2mÔťô[22m[39m U-P: exciter Tone knob is functional and rate/OS invariant[2m > [22mthe tilt is identical with oversampling on vs off [33m1791[2mms[22m[39m
   [33m[2mÔťô[22m[39m U-P: LUFS meter reports silence after a long feed gap[2m > [22mgetMeters shows -70 until the short-term window turns over [33m3323[2mms[22m[39m
 [32mÔťô[39m tests/reliability-hardening.test.ts [2m([22m[2m21 tests[22m[2m)[22m[33m 432[2mms[22m[39m
 [32mÔťô[39m tests/note-repeat.test.ts [2m([22m[2m24 tests[22m[2m)[22m[90m 126[2mms[22m[39m
 [32mÔťô[39m tests/state-collab-scheduler-adversarial.test.ts [2m([22m[2m23 tests[22m[2m)[22m[33m 2220[2mms[22m[39m
   [33m[2mÔťô[22m[39m YDocStore ÔÇö two-client divergence convergence[2m > [22mtwo clients editing the SAME bpm concurrently converge to the last applied value [33m628[2mms[22m[39m
   [33m[2mÔťô[22m[39m YDocStore ÔÇö two-client divergence convergence[2m > [22mconcurrent pattern creation produces the SAME merged pattern set on both peers [33m455[2mms[22m[39m
   [33m[2mÔťô[22m[39m YDocStore ÔÇö listener race and double-dispatch[2m > [22mconcurrent subscribe/unsubscribe never leaks a callback [33m359[2mms[22m[39m
   [33m[2mÔťô[22m[39m YDocStore ÔÇö listener race and double-dispatch[2m > [22mrapid undo/redo loop preserves the last-50 history labels [33m529[2mms[22m[39m
 [32mÔťô[39m tests/ultina-hardening2.test.ts [2m([22m[2m9 tests[22m[2m)[22m[33m 2514[2mms[22m[39m
   [33m[2mÔťô[22m[39m non-finite input guard: one NaN frame must not kill the DSP[2m > [22mprocessor output recovers after a NaN-contaminated block (input scrub) [33m712[2mms[22m[39m
   [33m[2mÔťô[22m[39m eq: dynamicTilt after a tilt configuration (stale filter2 regression)[2m > [22ma band switched tilt Ôćĺ dynamicTilt matches a fresh dynamicTilt band [33m1092[2mms[22m[39m
stderr | tests/ui/EffectRack.test.tsx > EffectRack > keeps an Ultina A/B snapshot when its editor is collapsed
Not implemented: HTMLCanvasElement's getContext() method: without installing the canvas npm package

 [32mÔťô[39m tests/collab-hardening.test.ts [2m([22m[2m9 tests[22m[2m)[22m[33m 2517[2mms[22m[39m
   [33m[2mÔťô[22m[39m collab ÔÇö concurrent peer interleaving[2m > [22ma stale-snapshot fallback command does not erase a peer's edit to a sibling track [33m567[2mms[22m[39m
   [33m[2mÔťô[22m[39m collab ÔÇö concurrent peer interleaving[2m > [22mtwo peers creating scenes concurrently both survive the merge [33m460[2mms[22m[39m
   [33m[2mÔťô[22m[39m collab ÔÇö performance gate[2m > [22mlocal command reads stay cheap; sanitized remote reads stay bounded [33m956[2mms[22m[39m
stderr | tests/ui/EffectRack.test.tsx > EffectRack > keeps an Ultina A/B snapshot when its editor is collapsed
Not implemented: HTMLCanvasElement's getContext() method: without installing the canvas npm package

stderr | tests/ui/EffectRack.test.tsx > EffectRack > A/B state lives in the document ÔÇö a full remount (reload equivalent) restores it
Not implemented: HTMLCanvasElement's getContext() method: without installing the canvas npm package

stderr | tests/ui/EffectRack.test.tsx > EffectRack > A/B state lives in the document ÔÇö a full remount (reload equivalent) restores it
Not implemented: HTMLCanvasElement's getContext() method: without installing the canvas npm package

 [32mÔťô[39m tests/gallery-server.test.ts [2m([22m[2m20 tests[22m[2m)[22m[33m 9521[2mms[22m[39m
   [33m[2mÔťô[22m[39m gallery REST API[2m > [22mstarts empty and accepts a valid beat [33m1009[2mms[22m[39m
   [33m[2mÔťô[22m[39m gallery REST API[2m > [22mrejects junk: missing title, invalid code, malformed JSON, unknown route [33m475[2mms[22m[39m
   [33m[2mÔťô[22m[39m gallery REST API[2m > [22mpersists to gallery.json and reloads into a fresh server [33m496[2mms[22m[39m
   [33m[2mÔťô[22m[39m gallery REST API[2m > [22mrate limits uploads per IP (10 per minute) [33m1650[2mms[22m[39m
   [33m[2mÔťô[22m[39m gallery REST API[2m > [22maccepts privacy-safe reports and protects moderation reports/delete behind an admin token [33m372[2mms[22m[39m
   [33m[2mÔťô[22m[39m gallery flywheel: plays + remix chain[2m > [22mcounts plays and annotates the feed with remix counts [33m362[2mms[22m[39m
   [33m[2mÔťô[22m[39m gallery flywheel: plays + remix chain[2m > [22mpersists plays across a server restart (debounced save flushes) [33m3404[2mms[22m[39m
stderr | tests/ui/EffectRack.test.tsx > EffectRack ÔÇö FXEQ panel > mounts the EQ-paint panel: preset select, band chips, canvas
Not implemented: HTMLCanvasElement's getContext() method: without installing the canvas npm package
Not implemented: HTMLCanvasElement's getContext() method: without installing the canvas npm package

stderr | tests/ui/EffectRack.test.tsx > EffectRack ÔÇö FXEQ panel > shows the degraded banner when the worklet fallback is active
Not implemented: HTMLCanvasElement's getContext() method: without installing the canvas npm package
Not implemented: HTMLCanvasElement's getContext() method: without installing the canvas npm package

stderr | tests/ui/EffectRack.test.tsx > EffectRack ÔÇö FXEQ panel > selecting a preset executes ONE bulk apply command
Not implemented: HTMLCanvasElement's getContext() method: without installing the canvas npm package
Not implemented: HTMLCanvasElement's getContext() method: without installing the canvas npm package

stderr | tests/ui/EffectRack.test.tsx > EffectRack ÔÇö FXEQ panel > selecting a preset executes ONE bulk apply command
Not implemented: HTMLCanvasElement's getContext() method: without installing the canvas npm package

stderr | tests/ui/EffectRack.test.tsx > EffectRack ÔÇö FXEQ panel > selecting a preset executes ONE bulk apply command
Not implemented: HTMLCanvasElement's getContext() method: without installing the canvas npm package

stderr | tests/ui/EffectRack.test.tsx > EffectRack ÔÇö FXEQ panel > band module toggle executes a dotted setFxEqParam
Not implemented: HTMLCanvasElement's getContext() method: without installing the canvas npm package
Not implemented: HTMLCanvasElement's getContext() method: without installing the canvas npm package

stderr | tests/ui/EffectRack.test.tsx > EffectRack ÔÇö FXEQ panel > band module toggle executes a dotted setFxEqParam
Not implemented: HTMLCanvasElement's getContext() method: without installing the canvas npm package

stderr | tests/ui/EffectRack.test.tsx > EffectRack ÔÇö FXEQ panel > band module toggle executes a dotted setFxEqParam
Not implemented: HTMLCanvasElement's getContext() method: without installing the canvas npm package

stderr | tests/ui/EffectRack.test.tsx > EffectRack ÔÇö FXEQ panel > exposes PRISM's sidechain source picker and records a source command
Not implemented: HTMLCanvasElement's getContext() method: without installing the canvas npm package
Not implemented: HTMLCanvasElement's getContext() method: without installing the canvas npm package

stderr | tests/ui/EffectRack.test.tsx > EffectRack ÔÇö FXEQ panel > exposes PRISM's sidechain source picker and records a source command
Not implemented: HTMLCanvasElement's getContext() method: without installing the canvas npm package

stderr | tests/ui/EffectRack.test.tsx > EffectRack ÔÇö FXEQ panel > uses one persisted A/B controller and hydrates PRISM morph slots
Not implemented: HTMLCanvasElement's getContext() method: without installing the canvas npm package
Not implemented: HTMLCanvasElement's getContext() method: without installing the canvas npm package

stderr | tests/ui/EffectRack.test.tsx > EffectRack ÔÇö FXEQ panel > sends PRISM slider movement to live preview while commit stays a document command
Not implemented: HTMLCanvasElement's getContext() method: without installing the canvas npm package
Not implemented: HTMLCanvasElement's getContext() method: without installing the canvas npm package

stderr | tests/ui/EffectRack.test.tsx > EffectRack ÔÇö FXEQ panel > sends PRISM slider movement to live preview while commit stays a document command
Not implemented: HTMLCanvasElement's getContext() method: without installing the canvas npm package

stderr | tests/ui/EffectRack.test.tsx > EffectRack ÔÇö FXEQ panel > sends PRISM slider movement to live preview while commit stays a document command
Not implemented: HTMLCanvasElement's getContext() method: without installing the canvas npm package

stderr | tests/ui/EffectRack.test.tsx > EffectRack ÔÇö Ultina panel > mounts the module editor: chips in graph order + enable toggle
Not implemented: HTMLCanvasElement's getContext() method: without installing the canvas npm package

stderr | tests/ui/EffectRack.test.tsx > EffectRack ÔÇö Ultina panel > enable toggle executes a dotted setUltinaParam
Not implemented: HTMLCanvasElement's getContext() method: without installing the canvas npm package

 [32mÔťô[39m tests/morph-dynamics-golden.test.ts [2m([22m[2m24 tests[22m[2m)[22m[33m 64951[2mms[22m[39m
   [33m[2mÔťô[22m[39m morph-dynamics core processor ÔÇö thesis behavior[2m > [22mpasses a quiet signal essentially untouched at low PRESSURE [33m545[2mms[22m[39m
   [33m[2mÔťô[22m[39m morph-dynamics core processor ÔÇö thesis behavior[2m > [22mcompresses loud material (GR meter rises, peaks bounded) [33m504[2mms[22m[39m
   [33m[2mÔťô[22m[39m morph-dynamics core processor ÔÇö thesis behavior[2m > [22mscores a kick burst as TRANSIENT, a sine as BODY, noise as TEXTURE [33m3591[2mms[22m[39m
   [33m[2mÔťô[22m[39m morph-dynamics core processor ÔÇö thesis behavior[2m > [22mPRESSURE progressively increases harmonic response (the f2 curve) [33m735[2mms[22m[39m
   [33m[2mÔťô[22m[39m morph-dynamics core processor ÔÇö thesis behavior[2m > [22mmod matrix: transient Ôćĺ space send NEGATIVE ducks the tail (signature bloom) [33m2122[2mms[22m[39m
   [33m[2mÔťô[22m[39m morph-dynamics core processor ÔÇö thesis behavior[2m > [22mreports T/B/T + route activity through the meters contract [33m354[2mms[22m[39m
   [33m[2mÔťô[22m[39m morph-dynamics core processor ÔÇö thesis behavior[2m > [22mAGC: a quietly-recorded tone still drives ENERGY/DENSITY (adaptive level) [33m7992[2mms[22m[39m
   [33m[2mÔťô[22m[39m morph-dynamics core processor ÔÇö thesis behavior[2m > [22mAGC boost meter: quiet material reads positive, loud reads negative, off reads 0 [33m12388[2mms[22m[39m
   [33m[2mÔťô[22m[39m morph-dynamics core processor ÔÇö thesis behavior[2m > [22mAGC: silence never runs away ÔÇö a whisper after long silence stays bounded [33m8394[2mms[22m[39m
   [33m[2mÔťô[22m[39m morph-dynamics core processor ÔÇö thesis behavior[2m > [22mdelta listen: ~identity chain outputs Ôëł 0, processing outputs a difference [33m984[2mms[22m[39m
   [33m[2mÔťô[22m[39m morph-dynamics core processor ÔÇö thesis behavior[2m > [22m2├Ś oversampling kills the in-band alias of a hot high-frequency drive [33m583[2mms[22m[39m
   [33m[2mÔťô[22m[39m morph-dynamics core processor ÔÇö thesis behavior[2m > [22mexternal sidechain: the feed drives the detector while the main path stays put [33m1660[2mms[22m[39m
   [33m[2mÔťô[22m[39m morph-dynamics core processor ÔÇö thesis behavior[2m > [22mper-route smoothing: a slow route glides, a fast route lands immediately [33m926[2mms[22m[39m
   [33m[2mÔťô[22m[39m morph-dynamics core processor ÔÇö thesis behavior[2m > [22mmorph scenes: params glide to the target; globals and routes are immune [33m426[2mms[22m[39m
   [33m[2mÔťô[22m[39m morph-dynamics core processor ÔÇö hardening[2m > [22mis deterministic: identical runs are bit-identical [33m2562[2mms[22m[39m
   [33m[2mÔťô[22m[39m morph-dynamics core processor ÔÇö hardening[2m > [22msilence in Ôćĺ silence out, denormal-safe (no energy grows from nothing) [33m1793[2mms[22m[39m
   [33m[2mÔťô[22m[39m morph-dynamics core processor ÔÇö hardening[2m > [22ma silence burst AFTER loud input decays to near-true zero (tail flush) [33m3979[2mms[22m[39m
   [33m[2mÔťô[22m[39m morph-dynamics core processor ÔÇö hardening[2m > [22msurvives hot input (┬▒4) without NaN/Inf or output runaway [33m7783[2mms[22m[39m
   [33m[2mÔťô[22m[39m morph-dynamics core processor ÔÇö hardening[2m > [22msentinel catches end-of-block divergence: last-sample guard (regression for hardening) [33m3226[2mms[22m[39m
   [33m[2mÔťô[22m[39m morph-dynamics core processor ÔÇö hardening[2m > [22mprepares and processes at 44.1 kHz and 96 kHz without instability [33m2014[2mms[22m[39m
   [33m[2mÔťô[22m[39m morph-dynamics core processor ÔÇö hardening[2m > [22mrapid preset switching leaves no stuck state (re-loadState per block) [33m1799[2mms[22m[39m
   [33m[2mÔťô[22m[39m morph-dynamics core processor ÔÇö hardening[2m > [22mmatches the golden vector fixture (UPDATE_GOLDEN=1 to re-bless) [33m316[2mms[22m[39m
stderr | tests/ui/EffectRack.test.tsx > EffectRack ÔÇö Ultina panel > selecting a preset executes ONE bulk apply command
Not implemented: HTMLCanvasElement's getContext() method: without installing the canvas npm package

stderr | tests/ui/EffectRack.test.tsx > EffectRack ÔÇö Ultina panel > selecting a preset executes ONE bulk apply command
Not implemented: HTMLCanvasElement's getContext() method: without installing the canvas npm package

stderr | tests/ui/EffectRack.test.tsx > EffectRack ÔÇö Ultina panel > EQ module shows the 12-band editor with response sketch
Not implemented: HTMLCanvasElement's getContext() method: without installing the canvas npm package

stderr | tests/ui/EffectRack.test.tsx > EffectRack ÔÇö Ultina panel > EQ module shows the 12-band editor with response sketch
Not implemented: HTMLCanvasElement's getContext() method: without installing the canvas npm package

stderr | tests/ui/EffectRack.test.tsx > EffectRack ÔÇö Ultina panel > EQ module shows the 12-band editor with response sketch
Not implemented: HTMLCanvasElement's getContext() method: without installing the canvas npm package

stderr | tests/ui/EffectRack.test.tsx > EffectRack ÔÇö Ultina panel > EQ module shows the 12-band editor with response sketch
Not implemented: HTMLCanvasElement's getContext() method: without installing the canvas npm package

stderr | tests/ui/EffectRack.test.tsx > EffectRack ÔÇö Ultina panel > EQ module shows the 12-band editor with response sketch
Not implemented: HTMLCanvasElement's getContext() method: without installing the canvas npm package

stderr | tests/ui/EffectRack.test.tsx > UltinaPanel ÔÇö EQ band editor (direct render) > renders the response sketch and band params when EQ is enabled
Warning: An update to UltinaPanel inside a test was not wrapped in act(...).

When testing, code that causes React state updates should be wrapped into act(...):

act(() => {
  /* fire events that update state */
});
/* assert on the output */

This ensures that you're testing the behavior the user would see in the browser. Learn more at https://reactjs.org/link/wrap-tests-with-act
    at UltinaPanel (D:\pulse-forge\src\ui\UltinaPanel.tsx:61:3)
Warning: An update to UltinaPanel inside a test was not wrapped in act(...).

When testing, code that causes React state updates should be wrapped into act(...):

act(() => {
  /* fire events that update state */
});
/* assert on the output */

This ensures that you're testing the behavior the user would see in the browser. Learn more at https://reactjs.org/link/wrap-tests-with-act
    at UltinaPanel (D:\pulse-forge\src\ui\UltinaPanel.tsx:61:3)

stderr | tests/ui/EffectRack.test.tsx > UltinaPanel ÔÇö PRO tools (delta / A/B / gain match) > DELTA and G-MATCH toggles execute global params
Not implemented: HTMLCanvasElement's getContext() method: without installing the canvas npm package

stderr | tests/ui/EffectRack.test.tsx > UltinaPanel ÔÇö PRO tools (delta / A/B / gain match) > DELTA and G-MATCH toggles execute global params
Not implemented: HTMLCanvasElement's getContext() method: without installing the canvas npm package

stderr | tests/ui/EffectRack.test.tsx > UltinaPanel ÔÇö PRO tools (delta / A/B / gain match) > G-MATCH on reveals the target LUFS slider (default -14)
Warning: An update to UltinaPanel inside a test was not wrapped in act(...).

When testing, code that causes React state updates should be wrapped into act(...):

act(() => {
  /* fire events that update state */
});
/* assert on the output */

This ensures that you're testing the behavior the user would see in the browser. Learn more at https://reactjs.org/link/wrap-tests-with-act
    at UltinaPanel (D:\pulse-forge\src\ui\UltinaPanel.tsx:61:3)
Warning: An update to UltinaPanel inside a test was not wrapped in act(...).

When testing, code that causes React state updates should be wrapped into act(...):

act(() => {
  /* fire events that update state */
});
/* assert on the output */

This ensures that you're testing the behavior the user would see in the browser. Learn more at https://reactjs.org/link/wrap-tests-with-act
    at UltinaPanel (D:\pulse-forge\src\ui\UltinaPanel.tsx:61:3)

stderr | tests/ui/EffectRack.test.tsx > UltinaPanel ÔÇö PRO tools (delta / A/B / gain match) > A/B: STORE writes the active slot, clicking the other loads it as ONE gesture
Not implemented: HTMLCanvasElement's getContext() method: without installing the canvas npm package

stderr | tests/ui/EffectRack.test.tsx > UltinaPanel ÔÇö PRO tools (delta / A/B / gain match) > A/B: STORE writes the active slot, clicking the other loads it as ONE gesture
Not implemented: HTMLCanvasElement's getContext() method: without installing the canvas npm package

stderr | tests/ui/EffectRack.test.tsx > UltinaPanel ÔÇö PRO tools (delta / A/B / gain match) > A/B: STORE writes the active slot, clicking the other loads it as ONE gesture
Not implemented: HTMLCanvasElement's getContext() method: without installing the canvas npm package

stderr | tests/ui/EffectRack.test.tsx > UltinaPanel ÔÇö PRO tools (delta / A/B / gain match) > A/B: STORE writes the active slot, clicking the other loads it as ONE gesture
Not implemented: HTMLCanvasElement's getContext() method: without installing the canvas npm package

stderr | tests/ui/EffectRack.test.tsx > UltinaPanel ÔÇö PRO tools (delta / A/B / gain match) > A/B: STORE writes the active slot, clicking the other loads it as ONE gesture
Not implemented: HTMLCanvasElement's getContext() method: without installing the canvas npm package

stderr | tests/ui/EffectRack.test.tsx > UltinaPanel ÔÇö PRO tools (delta / A/B / gain match) > A/B: STORE writes the active slot, clicking the other loads it as ONE gesture
Not implemented: HTMLCanvasElement's getContext() method: without installing the canvas npm package

stderr | tests/ui/EffectRack.test.tsx > UltinaPanel ÔÇö PRO tools (delta / A/B / gain match) > A/B: STORE writes the active slot, clicking the other loads it as ONE gesture
Not implemented: HTMLCanvasElement's getContext() method: without installing the canvas npm package

stderr | tests/ui/EffectRack.test.tsx > UltinaPanel ÔÇö PRO tools (delta / A/B / gain match) > A/B: STORE writes the active slot, clicking the other loads it as ONE gesture
Not implemented: HTMLCanvasElement's getContext() method: without installing the canvas npm package

stderr | tests/ui/EffectRack.test.tsx > UltinaPanel ÔÇö PRO tools (delta / A/B / gain match) > A/B: STORE writes the active slot, clicking the other loads it as ONE gesture
Not implemented: HTMLCanvasElement's getContext() method: without installing the canvas npm package

stderr | tests/ui/EffectRack.test.tsx > UltinaPanel ÔÇö PRO tools (delta / A/B / gain match) > A/B: STORE writes the active slot, clicking the other loads it as ONE gesture
Not implemented: HTMLCanvasElement's getContext() method: without installing the canvas npm package

stderr | tests/ui/EffectRack.test.tsx > UltinaPanel ÔÇö PRO tools (delta / A/B / gain match) > A/B exposes copy and clear controls without applying audio changes
Not implemented: HTMLCanvasElement's getContext() method: without installing the canvas npm package

stderr | tests/ui/EffectRack.test.tsx > UltinaPanel ÔÇö PRO tools (delta / A/B / gain match) > A/B exposes copy and clear controls without applying audio changes
Not implemented: HTMLCanvasElement's getContext() method: without installing the canvas npm package

stderr | tests/ui/EffectRack.test.tsx > UltinaPanel ÔÇö PRO tools (delta / A/B / gain match) > A/B exposes copy and clear controls without applying audio changes
Not implemented: HTMLCanvasElement's getContext() method: without installing the canvas npm package

stderr | tests/ui/EffectRack.test.tsx > UltinaPanel ÔÇö PRO tools (delta / A/B / gain match) > A/B exposes copy and clear controls without applying audio changes
Not implemented: HTMLCanvasElement's getContext() method: without installing the canvas npm package

stderr | tests/ui/EffectRack.test.tsx > UltinaPanel ÔÇö PRO tools (delta / A/B / gain match) > A/B exposes copy and clear controls without applying audio changes
Not implemented: HTMLCanvasElement's getContext() method: without installing the canvas npm package

stderr | tests/ui/EffectRack.test.tsx > UltinaPanel ÔÇö PRO tools (delta / A/B / gain match) > A/B exposes copy and clear controls without applying audio changes
Not implemented: HTMLCanvasElement's getContext() method: without installing the canvas npm package

stderr | tests/ui/EffectRack.test.tsx > UltinaPanel ÔÇö PRO tools (delta / A/B / gain match) > A/B exposes copy and clear controls without applying audio changes
Not implemented: HTMLCanvasElement's getContext() method: without installing the canvas npm package

stderr | tests/ui/EffectRack.test.tsx > EffectRack ÔÇö flagship device shell contract (all four plugins) > fxeq: add Ôćĺ mount Ôćĺ collapse keeps mounted Ôćĺ expand Ôćĺ bypass flips state
Not implemented: HTMLCanvasElement's getContext() method: without installing the canvas npm package
Not implemented: HTMLCanvasElement's getContext() method: without installing the canvas npm package

stderr | tests/ui/EffectRack.test.tsx > EffectRack ÔÇö flagship device shell contract (all four plugins) > fxeq: add Ôćĺ mount Ôćĺ collapse keeps mounted Ôćĺ expand Ôćĺ bypass flips state
Not implemented: HTMLCanvasElement's getContext() method: without installing the canvas npm package

 [32mÔťô[39m tests/kaskada.test.ts [2m([22m[2m64 tests[22m[2m)[22m[33m 72112[2mms[22m[39m
   [33m[2mÔťô[22m[39m kaskada echo spacing[2m > [22mfree TIME places the first echo at time ms (and repeats at N├Śtime) [33m579[2mms[22m[39m
   [33m[2mÔťô[22m[39m kaskada echo spacing[2m > [22msync 1 @ 120 bpm Ôćĺ echo at 500 ms (TIME is a decoy) [33m358[2mms[22m[39m
   [33m[2mÔťô[22m[39m kaskada echo spacing[2m > [22mchanging bpm re-times a synced delay [33m331[2mms[22m[39m
   [33m[2mÔťô[22m[39m kaskada feedback decay[2m > [22mecho RMS decays by Ôëł fb per repeat (digital, drive 0) [33m357[2mms[22m[39m
   [33m[2mÔťô[22m[39m kaskada freeze[2m > [22mseals the write head: a post-freeze impulse cannot reach the output [33m1632[2mms[22m[39m
   [33m[2mÔťô[22m[39m kaskada freeze[2m > [22mcontrol: without freeze the post-freeze impulse DOES echo (guard for the test above) [33m364[2mms[22m[39m
   [33m[2mÔťô[22m[39m kaskada freeze[2m > [22mloops the captured tail: sustain persists across the whole render [33m357[2mms[22m[39m
   [33m[2mÔťô[22m[39m kaskada freeze[2m > [22mfreeze cannot accumulate DC: a frozen DC-offset tail decays to zero mean [33m383[2mms[22m[39m
   [33m[2mÔťô[22m[39m kaskada drive[2m > [22mdrive 1 saturates: doubling the input no longer doubles the output [33m339[2mms[22m[39m
   [33m[2mÔťô[22m[39m kaskada extremes soak[2m > [22mall-min stays finite and settles [33m431[2mms[22m[39m
   [33m[2mÔťô[22m[39m kaskada extremes soak[2m > [22mall-max stays finite and settles [33m2590[2mms[22m[39m
   [33m[2mÔťô[22m[39m kaskada extremes soak[2m > [22mcharacter 0 at hot settings stays finite [33m360[2mms[22m[39m
   [33m[2mÔťô[22m[39m kaskada extremes soak[2m > [22mcharacter 1 at hot settings stays finite [33m378[2mms[22m[39m
   [33m[2mÔťô[22m[39m kaskada extremes soak[2m > [22mcharacter 2 at hot settings stays finite [33m338[2mms[22m[39m
   [33m[2mÔťô[22m[39m kaskada extremes soak[2m > [22mfreeze at hot settings stays finite (frozen buffer never decays, never grows) [33m475[2mms[22m[39m
   [33m[2mÔťô[22m[39m kaskada extremes soak[2m > [22mrandomised param grid stays finite, bounded and non-growing (24 draws) [33m30115[2mms[22m[39m
   [33m[2mÔťô[22m[39m kaskada extremes soak[2m > [22mdelta listen outputs exactly what the solver removes [33m4149[2mms[22m[39m
   [33m[2mÔťô[22m[39m kaskada freeze HOLD (tail capture)[2m > [22msustains the captured window bit-stably (no per-pass decay like LOOP) [33m450[2mms[22m[39m
   [33m[2mÔťô[22m[39m kaskada freeze HOLD (tail capture)[2m > [22mseals the write head: a post-hold impulse cannot reach the output [33m992[2mms[22m[39m
   [33m[2mÔťô[22m[39m kaskada character 3-4[2m > [22mDIFFUSE fills the gaps between repeats (smear builds through the loop) [33m353[2mms[22m[39m
   [33m[2mÔťô[22m[39m kaskada sample-rate parity[2m > [22m44.1 kHz and 48 kHz agree on echo position (ms) and decay ratio [33m339[2mms[22m[39m
   [33m[2mÔťô[22m[39m kaskada dual-spectrum meters[2m > [22mstreams ~30 frames/s of 176 values (dry + wet dB, unmask reduction dB) [33m445[2mms[22m[39m
   [33m[2mÔťô[22m[39m kaskada dual-spectrum meters[2m > [22mloop EQ shapes the wet trace: LP 500 buries a 5 kHz tone [33m369[2mms[22m[39m
   [33m[2mÔťô[22m[39m kaskada dual-spectrum meters[2m > [22msilent input renders floor-valued frames (no NaN from empty windows) [33m434[2mms[22m[39m
   [33m[2mÔťô[22m[39m kaskada unmask solver[2m > [22mducks the masked echo: the output drops where the dry dominates the same band [33m1864[2mms[22m[39m
   [33m[2mÔťô[22m[39m kaskada unmask solver[2m > [22mreports the reduction in the meters frame at the masked band [33m1657[2mms[22m[39m
   [33m[2mÔťô[22m[39m kaskada unmask solver[2m > [22mrings free in pauses: reduction recovers after the dry stops [33m3982[2mms[22m[39m
   [33m[2mÔťô[22m[39m kaskada unmask solver[2m > [22man inaudible masker masks nothing (below the Ôłĺ60 dB floor the output is bit-exact) [33m1563[2mms[22m[39m
   [33m[2mÔťô[22m[39m kaskada unmask solver[2m > [22msilent input stays exactly silent with the solver wide open [33m519[2mms[22m[39m
   [33m[2mÔťô[22m[39m kaskada unmask solver[2m > [22mpower toggle mid-render never poisons the output (gains decay, no jump) [33m1881[2mms[22m[39m
   [33m[2mÔťô[22m[39m kaskada unmask solver[2m > [22mhot settings soak: solver wide open at min sensitivity stays finite and bounded [33m4087[2mms[22m[39m
   [33m[2mÔťô[22m[39m kaskada audit regressions[2m > [22mSPREAD widens the wet bus instead of collapsing it to mono [33m977[2mms[22m[39m
   [33m[2mÔťô[22m[39m kaskada audit regressions[2m > [22ma non-finite input burst cannot poison the tail [33m1182[2mms[22m[39m
   [33m[2mÔťô[22m[39m kaskada audit regressions[2m > [22munmask power-off fades the reduction through the bell chain (no step) [33m3493[2mms[22m[39m
   [33m[2mÔťô[22m[39m kaskada audit regressions[2m > [22mHOLD captures a full echo period above 1000 ms [33m552[2mms[22m[39m
   [33m[2mÔťô[22m[39m kaskada audit regressions[2m > [22mHOLD entry mid-modulation does not click [33m319[2mms[22m[39m
stderr | tests/ui/EffectRack.test.tsx > EffectRack ÔÇö flagship device shell contract (all four plugins) > fxeq: add Ôćĺ mount Ôćĺ collapse keeps mounted Ôćĺ expand Ôćĺ bypass flips state
Not implemented: HTMLCanvasElement's getContext() method: without installing the canvas npm package
Not implemented: HTMLCanvasElement's getContext() method: without installing the canvas npm package

stderr | tests/ui/EffectRack.test.tsx > EffectRack ÔÇö flagship device shell contract (all four plugins) > fxeq: add Ôćĺ mount Ôćĺ collapse keeps mounted Ôćĺ expand Ôćĺ bypass flips state
Not implemented: HTMLCanvasElement's getContext() method: without installing the canvas npm package

stderr | tests/ui/EffectRack.test.tsx > EffectRack ÔÇö flagship device shell contract (all four plugins) > fxeq: add Ôćĺ mount Ôćĺ collapse keeps mounted Ôćĺ expand Ôćĺ bypass flips state
Not implemented: HTMLCanvasElement's getContext() method: without installing the canvas npm package

stderr | tests/ui/EffectRack.test.tsx > EffectRack ÔÇö flagship device shell contract (all four plugins) > ultina: add Ôćĺ mount Ôćĺ collapse keeps mounted Ôćĺ expand Ôćĺ bypass flips state
Not implemented: HTMLCanvasElement's getContext() method: without installing the canvas npm package

stderr | tests/ui/EffectRack.test.tsx > EffectRack ÔÇö flagship device shell contract (all four plugins) > ultina: add Ôćĺ mount Ôćĺ collapse keeps mounted Ôćĺ expand Ôćĺ bypass flips state
Not implemented: HTMLCanvasElement's getContext() method: without installing the canvas npm package

stderr | tests/ui/EffectRack.test.tsx > EffectRack ÔÇö flagship device shell contract (all four plugins) > ultina: add Ôćĺ mount Ôćĺ collapse keeps mounted Ôćĺ expand Ôćĺ bypass flips state
Not implemented: HTMLCanvasElement's getContext() method: without installing the canvas npm package

 [32mÔťô[39m tests/hum-to-melody.test.tsx [2m([22m[2m24 tests[22m[2m)[22m[33m 20268[2mms[22m[39m
   [33m[2mÔťô[22m[39m pitch tracker[2m > [22mtracks A3 (220 Hz) and A4 (440 Hz) sines within a quarter tone [33m1183[2mms[22m[39m
   [33m[2mÔťô[22m[39m pitch tracker[2m > [22mtreats digital silence and noise as unvoiced [33m1052[2mms[22m[39m
   [33m[2mÔťô[22m[39m framesToNotes ÔÇö segmentation, key snap, quantize[2m > [22mturns three hummed notes into three quantized notes (dropout bridged) [33m1892[2mms[22m[39m
   [33m[2mÔťô[22m[39m framesToNotes ÔÇö segmentation, key snap, quantize[2m > [22msnaps off-scale pitches into the project key [33m1290[2mms[22m[39m
   [33m[2mÔťô[22m[39m framesToNotes ÔÇö segmentation, key snap, quantize[2m > [22mdrops notes past the pattern end and survives empty input [33m2561[2mms[22m[39m
   [33m[2mÔťô[22m[39m framesToNotes ÔÇö segmentation, key snap, quantize[2m > [22mmatches the client fallback path (same frames without a worker) [33m804[2mms[22m[39m
   [33m[2mÔťô[22m[39m framesToNotes ÔÇö beat-synced hum (transport anchor + loop wrap)[2m > [22manchors hummed timing to the transport position at take start [33m2152[2mms[22m[39m
   [33m[2mÔťô[22m[39m framesToNotes ÔÇö beat-synced hum (transport anchor + loop wrap)[2m > [22mwraps a hum past the loop end onto the pattern start (loop semantics) [33m3086[2mms[22m[39m
   [33m[2mÔťô[22m[39m framesToNotes ÔÇö beat-synced hum (transport anchor + loop wrap)[2m > [22mhumming the same slot on a second loop REINFORCES the note instead of duplicating [33m2114[2mms[22m[39m
   [33m[2mÔťô[22m[39m framesToNotes ÔÇö beat-synced hum (transport anchor + loop wrap)[2m > [22mclamps a note crossing the pattern end into the last step [33m1945[2mms[22m[39m
   [33m[2mÔťô[22m[39m HumToMelodyPanel ÔÇö TO BEAT toggle[2m > [22mdefaults to beat-synced with the click hint; toggling switches to free-time [33m973[2mms[22m[39m
   [33m[2mÔťô[22m[39m onset-assisted segmentation (da-da on one pitch)[2m > [22msplits a continuous same-pitch re-attack into two notes via the real onset detector [33m1050[2mms[22m[39m
 [32mÔťô[39m tests/ui/EffectRack.test.tsx [2m([22m[2m34 tests[22m[2m)[22m[33m 32802[2mms[22m[39m
   [33m[2mÔťô[22m[39m EffectRack[2m > [22mshows empty message when no effects [33m332[2mms[22m[39m
   [33m[2mÔťô[22m[39m EffectRack[2m > [22mrenders effect devices [33m680[2mms[22m[39m
   [33m[2mÔťô[22m[39m EffectRack[2m > [22mexposes the flagship plugin suites in the add effect menu [33m2192[2mms[22m[39m
   [33m[2mÔťô[22m[39m EffectRack[2m > [22mdisables move-later on last effect [33m350[2mms[22m[39m
   [33m[2mÔťô[22m[39m EffectRack[2m > [22mexecutes removeEffect on ├Ś click [33m1147[2mms[22m[39m
   [33m[2mÔťô[22m[39m EffectRack[2m > [22mexecutes toggleEffectBypass on B click [33m741[2mms[22m[39m
   [33m[2mÔťô[22m[39m EffectRack[2m > [22mmarks changed effects and resets them through one command [33m459[2mms[22m[39m
   [33m[2mÔťô[22m[39m EffectRack[2m > [22mcollapses a device editor without removing its header controls [33m774[2mms[22m[39m
   [33m[2mÔťô[22m[39m EffectRack[2m > [22mkeeps an Ultina A/B snapshot when its editor is collapsed [33m2248[2mms[22m[39m
   [33m[2mÔťô[22m[39m EffectRack[2m > [22mA/B state lives in the document ÔÇö a full remount (reload equivalent) restores it [33m866[2mms[22m[39m
   [33m[2mÔťô[22m[39m EffectRack ÔÇö FXEQ panel[2m > [22mmounts the EQ-paint panel: preset select, band chips, canvas [33m2050[2mms[22m[39m
   [33m[2mÔťô[22m[39m EffectRack ÔÇö FXEQ panel[2m > [22mshows the degraded banner when the worklet fallback is active [33m312[2mms[22m[39m
   [33m[2mÔťô[22m[39m EffectRack ÔÇö FXEQ panel[2m > [22mselecting a preset executes ONE bulk apply command [33m574[2mms[22m[39m
   [33m[2mÔťô[22m[39m EffectRack ÔÇö FXEQ panel[2m > [22mband module toggle executes a dotted setFxEqParam [33m424[2mms[22m[39m
   [33m[2mÔťô[22m[39m EffectRack ÔÇö FXEQ panel[2m > [22mexposes PRISM's sidechain source picker and records a source command [33m868[2mms[22m[39m
   [33m[2mÔťô[22m[39m EffectRack ÔÇö FXEQ panel[2m > [22muses one persisted A/B controller and hydrates PRISM morph slots [33m782[2mms[22m[39m
   [33m[2mÔťô[22m[39m EffectRack ÔÇö FXEQ panel[2m > [22msends PRISM slider movement to live preview while commit stays a document command [33m496[2mms[22m[39m
   [33m[2mÔťô[22m[39m EffectRack ÔÇö Ultina panel[2m > [22mmounts the module editor: chips in graph order + enable toggle [33m560[2mms[22m[39m
   [33m[2mÔťô[22m[39m EffectRack ÔÇö Ultina panel[2m > [22menable toggle executes a dotted setUltinaParam [33m431[2mms[22m[39m
   [33m[2mÔťô[22m[39m EffectRack ÔÇö Ultina panel[2m > [22mselecting a preset executes ONE bulk apply command [33m490[2mms[22m[39m
   [33m[2mÔťô[22m[39m EffectRack ÔÇö Ultina panel[2m > [22mEQ module shows the 12-band editor with response sketch [33m876[2mms[22m[39m
   [33m[2mÔťô[22m[39m UltinaPanel ÔÇö EQ band editor (direct render)[2m > [22mrenders the response sketch and band params when EQ is enabled [33m691[2mms[22m[39m
   [33m[2mÔťô[22m[39m UltinaPanel ÔÇö PRO tools (delta / A/B / gain match)[2m > [22mDELTA and G-MATCH toggles execute global params [33m597[2mms[22m[39m
   [33m[2mÔťô[22m[39m UltinaPanel ÔÇö PRO tools (delta / A/B / gain match)[2m > [22mA/B: STORE writes the active slot, clicking the other loads it as ONE gesture [33m6515[2mms[22m[39m
   [33m[2mÔťô[22m[39m UltinaPanel ÔÇö PRO tools (delta / A/B / gain match)[2m > [22mA/B exposes copy and clear controls without applying audio changes [33m2452[2mms[22m[39m
   [33m[2mÔťô[22m[39m EffectRack ÔÇö flagship device shell contract (all four plugins)[2m > [22mfxeq: add Ôćĺ mount Ôćĺ collapse keeps mounted Ôćĺ expand Ôćĺ bypass flips state [33m1475[2mms[22m[39m
   [33m[2mÔťô[22m[39m EffectRack ÔÇö flagship device shell contract (all four plugins)[2m > [22multina: add Ôćĺ mount Ôćĺ collapse keeps mounted Ôćĺ expand Ôćĺ bypass flips state [33m940[2mms[22m[39m
   [33m[2mÔťô[22m[39m EffectRack ÔÇö flagship device shell contract (all four plugins)[2m > [22mozvena: add Ôćĺ mount Ôćĺ collapse keeps mounted Ôćĺ expand Ôćĺ bypass flips state [33m874[2mms[22m[39m
   [33m[2mÔťô[22m[39m EffectRack ÔÇö flagship device shell contract (all four plugins)[2m > [22mkaskada: add Ôćĺ mount Ôćĺ collapse keeps mounted Ôćĺ expand Ôćĺ bypass flips state [33m732[2mms[22m[39m
 [32mÔťô[39m tests/ultina-worklet-entry.test.ts [2m([22m[2m15 tests[22m[2m)[22m[33m 3220[2mms[22m[39m
   [33m[2mÔťô[22m[39m Ultina worklet entry ÔÇö module graph sync[2m > [22man enabled compressor actually compresses audio through the entry [33m632[2mms[22m[39m
 [32mÔťô[39m tests/ozvena-worklet-entry.test.ts [2m([22m[2m33 tests[22m[2m)[22m[33m 85588[2mms[22m[39m
   [33m[2mÔťô[22m[39m Ozvena worklet entry (message port Ôćö DSP core wiring)[2m > [22mregression: post-construction param updates reach the DSP core [33m7417[2mms[22m[39m
   [33m[2mÔťô[22m[39m Ozvena worklet entry (message port Ôćö DSP core wiring)[2m > [22minitial params via processorOptions reach the DSP core [33m3630[2mms[22m[39m
   [33m[2mÔťô[22m[39m Ozvena worklet entry (message port Ôćö DSP core wiring)[2m > [22munknown params do not throw and do not corrupt the state root [33m1569[2mms[22m[39m
   [33m[2mÔťô[22m[39m Ozvena worklet entry (message port Ôćö DSP core wiring)[2m > [22mregression: bpm message retimes the tempo-synced pre-delay [33m14252[2mms[22m[39m
   [33m[2mÔťô[22m[39m Ozvena worklet entry (message port Ôćö DSP core wiring)[2m > [22mregression: initial bpm rides processorOptions [33m6961[2mms[22m[39m
   [33m[2mÔťô[22m[39m Ozvena worklet entry (message port Ôćö DSP core wiring)[2m > [22mbpm messages clamp to the core's 20..300 range [33m6417[2mms[22m[39m
   [33m[2mÔťô[22m[39m Ozvena worklet entry (message port Ôćö DSP core wiring)[2m > [22mregression: paramAt events apply at their scheduled time, not on arrival [33m3917[2mms[22m[39m
   [33m[2mÔťô[22m[39m Ozvena worklet entry (message port Ôćö DSP core wiring)[2m > [22mparamAt events due in the past apply on the next block [33m2735[2mms[22m[39m
   [33m[2mÔťô[22m[39m Ozvena worklet entry (message port Ôćö DSP core wiring)[2m > [22ma manual param cancels later paramAt events for the same id [33m5638[2mms[22m[39m
   [33m[2mÔťô[22m[39m Ozvena worklet entry (message port Ôćö DSP core wiring)[2m > [22mreset clears pending paramAt events [33m5344[2mms[22m[39m
   [33m[2mÔťô[22m[39m Ozvena worklet entry (message port Ôćö DSP core wiring)[2m > [22msequential paramAt events fire in order across blocks [33m4978[2mms[22m[39m
   [33m[2mÔťô[22m[39m Ozvena worklet entry (message port Ôćö DSP core wiring)[2m > [22munknown factory ids clear the convolution instead of looping requests [33m317[2mms[22m[39m
   [33m[2mÔťô[22m[39m Ozvena worklet entry (message port Ôćö DSP core wiring)[2m > [22mswitching factory IRs during playback stays finite, bounded and continuous (listening proxy) [33m4756[2mms[22m[39m
   [33m[2mÔťô[22m[39m Ozvena worklet entry ÔÇö precomputed IR spectra path[2m > [22mthe spectra path renders BIT-IDENTICAL audio to the legacy samples path [33m8682[2mms[22m[39m
   [33m[2mÔťô[22m[39m Ozvena worklet entry ÔÇö precomputed IR spectra path[2m > [22mthe consume-once blockSpectra handover keeps re-loads correct (finite render) [33m1945[2mms[22m[39m
stderr | tests/ui/ArrangementPanel.test.tsx > ArrangementPanel > renders SCENES heading
TypeError: recoveryRepoRef.current.pruneAncient is not a function
    at D:\pulse-forge\src\ui\ArrangementPanel.tsx:388:35
    at commitHookEffectListMount (D:\pulse-forge\node_modules\react-dom\cjs\react-dom.development.js:23189:26)
    at commitPassiveMountOnFiber (D:\pulse-forge\node_modules\react-dom\cjs\react-dom.development.js:24970:11)
    at commitPassiveMountEffects_complete (D:\pulse-forge\node_modules\react-dom\cjs\react-dom.development.js:24930:9)
    at commitPassiveMountEffects_begin (D:\pulse-forge\node_modules\react-dom\cjs\react-dom.development.js:24917:7)
    at commitPassiveMountEffects (D:\pulse-forge\node_modules\react-dom\cjs\react-dom.development.js:24905:3)
    at flushPassiveEffectsImpl (D:\pulse-forge\node_modules\react-dom\cjs\react-dom.development.js:27078:3)
    at flushPassiveEffects (D:\pulse-forge\node_modules\react-dom\cjs\react-dom.development.js:27023:14)
    at D:\pulse-forge\node_modules\react-dom\cjs\react-dom.development.js:26808:9
    at flushActQueue (D:\pulse-forge\node_modules\react\cjs\react.development.js:2667:24)
The above error occurred in the <ArrangementPanel> component:

    at ArrangementPanel (D:\pulse-forge\src\ui\ArrangementPanel.tsx:116:42)

Consider adding an error boundary to your tree to customize error handling behavior.
Visit https://reactjs.org/link/error-boundaries to learn more about error boundaries.

stderr | tests/ui/ArrangementPanel.test.tsx > ArrangementPanel > shows + SCENE button
TypeError: recoveryRepoRef.current.pruneAncient is not a function
    at D:\pulse-forge\src\ui\ArrangementPanel.tsx:388:35
    at commitHookEffectListMount (D:\pulse-forge\node_modules\react-dom\cjs\react-dom.development.js:23189:26)
    at commitPassiveMountOnFiber (D:\pulse-forge\node_modules\react-dom\cjs\react-dom.development.js:24970:11)
    at commitPassiveMountEffects_complete (D:\pulse-forge\node_modules\react-dom\cjs\react-dom.development.js:24930:9)
    at commitPassiveMountEffects_begin (D:\pulse-forge\node_modules\react-dom\cjs\react-dom.development.js:24917:7)
    at commitPassiveMountEffects (D:\pulse-forge\node_modules\react-dom\cjs\react-dom.development.js:24905:3)
    at flushPassiveEffectsImpl (D:\pulse-forge\node_modules\react-dom\cjs\react-dom.development.js:27078:3)
    at flushPassiveEffects (D:\pulse-forge\node_modules\react-dom\cjs\react-dom.development.js:27023:14)
    at D:\pulse-forge\node_modules\react-dom\cjs\react-dom.development.js:26808:9
    at flushActQueue (D:\pulse-forge\node_modules\react\cjs\react.development.js:2667:24)
The above error occurred in the <ArrangementPanel> component:

    at ArrangementPanel (D:\pulse-forge\src\ui\ArrangementPanel.tsx:116:42)

Consider adding an error boundary to your tree to customize error handling behavior.
Visit https://reactjs.org/link/error-boundaries to learn more about error boundaries.

 [32mÔťô[39m tests/pcm-mic-recorder.test.ts [2m([22m[2m12 tests[22m[2m)[22m[33m 2705[2mms[22m[39m
   [33m[2mÔťô[22m[39m PcmMicRecorder[2m > [22mwarns when the worklet never confirms its final flush and keeps committed PCM recoverable [33m2040[2mms[22m[39m
stderr | tests/ui/ArrangementPanel.test.tsx > ArrangementPanel > calls createScene when + SCENE clicked
TypeError: recoveryRepoRef.current.pruneAncient is not a function
    at D:\pulse-forge\src\ui\ArrangementPanel.tsx:388:35
    at commitHookEffectListMount (D:\pulse-forge\node_modules\react-dom\cjs\react-dom.development.js:23189:26)
    at commitPassiveMountOnFiber (D:\pulse-forge\node_modules\react-dom\cjs\react-dom.development.js:24970:11)
    at commitPassiveMountEffects_complete (D:\pulse-forge\node_modules\react-dom\cjs\react-dom.development.js:24930:9)
    at commitPassiveMountEffects_begin (D:\pulse-forge\node_modules\react-dom\cjs\react-dom.development.js:24917:7)
    at commitPassiveMountEffects (D:\pulse-forge\node_modules\react-dom\cjs\react-dom.development.js:24905:3)
    at flushPassiveEffectsImpl (D:\pulse-forge\node_modules\react-dom\cjs\react-dom.development.js:27078:3)
    at flushPassiveEffects (D:\pulse-forge\node_modules\react-dom\cjs\react-dom.development.js:27023:14)
    at D:\pulse-forge\node_modules\react-dom\cjs\react-dom.development.js:26808:9
    at flushActQueue (D:\pulse-forge\node_modules\react\cjs\react.development.js:2667:24)
The above error occurred in the <ArrangementPanel> component:

    at ArrangementPanel (D:\pulse-forge\src\ui\ArrangementPanel.tsx:116:42)

Consider adding an error boundary to your tree to customize error handling behavior.
Visit https://reactjs.org/link/error-boundaries to learn more about error boundaries.

stderr | tests/ui/ArrangementPanel.test.tsx > ArrangementPanel > has correct aria label
TypeError: recoveryRepoRef.current.pruneAncient is not a function
    at D:\pulse-forge\src\ui\ArrangementPanel.tsx:388:35
    at commitHookEffectListMount (D:\pulse-forge\node_modules\react-dom\cjs\react-dom.development.js:23189:26)
    at commitPassiveMountOnFiber (D:\pulse-forge\node_modules\react-dom\cjs\react-dom.development.js:24970:11)
    at commitPassiveMountEffects_complete (D:\pulse-forge\node_modules\react-dom\cjs\react-dom.development.js:24930:9)
    at commitPassiveMountEffects_begin (D:\pulse-forge\node_modules\react-dom\cjs\react-dom.development.js:24917:7)
    at commitPassiveMountEffects (D:\pulse-forge\node_modules\react-dom\cjs\react-dom.development.js:24905:3)
    at flushPassiveEffectsImpl (D:\pulse-forge\node_modules\react-dom\cjs\react-dom.development.js:27078:3)
    at flushPassiveEffects (D:\pulse-forge\node_modules\react-dom\cjs\react-dom.development.js:27023:14)
    at D:\pulse-forge\node_modules\react-dom\cjs\react-dom.development.js:26808:9
    at flushActQueue (D:\pulse-forge\node_modules\react\cjs\react.development.js:2667:24)
The above error occurred in the <ArrangementPanel> component:

    at ArrangementPanel (D:\pulse-forge\src\ui\ArrangementPanel.tsx:116:42)

Consider adding an error boundary to your tree to customize error handling behavior.
Visit https://reactjs.org/link/error-boundaries to learn more about error boundaries.

stderr | tests/ui/ArrangementPanel.test.tsx > ArrangementPanel > ruler mode toggle exists
TypeError: recoveryRepoRef.current.pruneAncient is not a function
    at D:\pulse-forge\src\ui\ArrangementPanel.tsx:388:35
    at commitHookEffectListMount (D:\pulse-forge\node_modules\react-dom\cjs\react-dom.development.js:23189:26)
    at commitPassiveMountOnFiber (D:\pulse-forge\node_modules\react-dom\cjs\react-dom.development.js:24970:11)
    at commitPassiveMountEffects_complete (D:\pulse-forge\node_modules\react-dom\cjs\react-dom.development.js:24930:9)
    at commitPassiveMountEffects_begin (D:\pulse-forge\node_modules\react-dom\cjs\react-dom.development.js:24917:7)
    at commitPassiveMountEffects (D:\pulse-forge\node_modules\react-dom\cjs\react-dom.development.js:24905:3)
    at flushPassiveEffectsImpl (D:\pulse-forge\node_modules\react-dom\cjs\react-dom.development.js:27078:3)
    at flushPassiveEffects (D:\pulse-forge\node_modules\react-dom\cjs\react-dom.development.js:27023:14)
    at D:\pulse-forge\node_modules\react-dom\cjs\react-dom.development.js:26808:9
    at flushActQueue (D:\pulse-forge\node_modules\react\cjs\react.development.js:2667:24)
The above error occurred in the <ArrangementPanel> component:

    at ArrangementPanel (D:\pulse-forge\src\ui\ArrangementPanel.tsx:116:42)

Consider adding an error boundary to your tree to customize error handling behavior.
Visit https://reactjs.org/link/error-boundaries to learn more about error boundaries.

stderr | tests/ui/ArrangementPanel.test.tsx > ArrangementPanel > exposes capture and skeleton controls
TypeError: recoveryRepoRef.current.pruneAncient is not a function
    at D:\pulse-forge\src\ui\ArrangementPanel.tsx:388:35
    at commitHookEffectListMount (D:\pulse-forge\node_modules\react-dom\cjs\react-dom.development.js:23189:26)
    at commitPassiveMountOnFiber (D:\pulse-forge\node_modules\react-dom\cjs\react-dom.development.js:24970:11)
    at commitPassiveMountEffects_complete (D:\pulse-forge\node_modules\react-dom\cjs\react-dom.development.js:24930:9)
    at commitPassiveMountEffects_begin (D:\pulse-forge\node_modules\react-dom\cjs\react-dom.development.js:24917:7)
    at commitPassiveMountEffects (D:\pulse-forge\node_modules\react-dom\cjs\react-dom.development.js:24905:3)
    at flushPassiveEffectsImpl (D:\pulse-forge\node_modules\react-dom\cjs\react-dom.development.js:27078:3)
    at flushPassiveEffects (D:\pulse-forge\node_modules\react-dom\cjs\react-dom.development.js:27023:14)
    at D:\pulse-forge\node_modules\react-dom\cjs\react-dom.development.js:26808:9
    at flushActQueue (D:\pulse-forge\node_modules\react\cjs\react.development.js:2667:24)
The above error occurred in the <ArrangementPanel> component:

    at ArrangementPanel (D:\pulse-forge\src\ui\ArrangementPanel.tsx:116:42)

Consider adding an error boundary to your tree to customize error handling behavior.
Visit https://reactjs.org/link/error-boundaries to learn more about error boundaries.

stderr | tests/ui/ArrangementPanel.test.tsx > ArrangementPanel > exposes the source rail, quantize state and arrangement role flow
TypeError: recoveryRepoRef.current.pruneAncient is not a function
    at D:\pulse-forge\src\ui\ArrangementPanel.tsx:388:35
    at commitHookEffectListMount (D:\pulse-forge\node_modules\react-dom\cjs\react-dom.development.js:23189:26)
    at commitPassiveMountOnFiber (D:\pulse-forge\node_modules\react-dom\cjs\react-dom.development.js:24970:11)
    at commitPassiveMountEffects_complete (D:\pulse-forge\node_modules\react-dom\cjs\react-dom.development.js:24930:9)
    at commitPassiveMountEffects_begin (D:\pulse-forge\node_modules\react-dom\cjs\react-dom.development.js:24917:7)
    at commitPassiveMountEffects (D:\pulse-forge\node_modules\react-dom\cjs\react-dom.development.js:24905:3)
    at flushPassiveEffectsImpl (D:\pulse-forge\node_modules\react-dom\cjs\react-dom.development.js:27078:3)
    at flushPassiveEffects (D:\pulse-forge\node_modules\react-dom\cjs\react-dom.development.js:27023:14)
    at D:\pulse-forge\node_modules\react-dom\cjs\react-dom.development.js:26808:9
    at flushActQueue (D:\pulse-forge\node_modules\react\cjs\react.development.js:2667:24)
The above error occurred in the <ArrangementPanel> component:

    at ArrangementPanel (D:\pulse-forge\src\ui\ArrangementPanel.tsx:116:42)

Consider adding an error boundary to your tree to customize error handling behavior.
Visit https://reactjs.org/link/error-boundaries to learn more about error boundaries.

stderr | tests/ui/ArrangementPanel.test.tsx > ArrangementPanel > starts capture from the arrangement toolbar
TypeError: recoveryRepoRef.current.pruneAncient is not a function
    at D:\pulse-forge\src\ui\ArrangementPanel.tsx:388:35
    at commitHookEffectListMount (D:\pulse-forge\node_modules\react-dom\cjs\react-dom.development.js:23189:26)
    at commitPassiveMountOnFiber (D:\pulse-forge\node_modules\react-dom\cjs\react-dom.development.js:24970:11)
    at commitPassiveMountEffects_complete (D:\pulse-forge\node_modules\react-dom\cjs\react-dom.development.js:24930:9)
    at commitPassiveMountEffects_begin (D:\pulse-forge\node_modules\react-dom\cjs\react-dom.development.js:24917:7)
    at commitPassiveMountEffects (D:\pulse-forge\node_modules\react-dom\cjs\react-dom.development.js:24905:3)
    at flushPassiveEffectsImpl (D:\pulse-forge\node_modules\react-dom\cjs\react-dom.development.js:27078:3)
    at flushPassiveEffects (D:\pulse-forge\node_modules\react-dom\cjs\react-dom.development.js:27023:14)
    at D:\pulse-forge\node_modules\react-dom\cjs\react-dom.development.js:26808:9
    at flushActQueue (D:\pulse-forge\node_modules\react\cjs\react.development.js:2667:24)
The above error occurred in the <ArrangementPanel> component:

    at ArrangementPanel (D:\pulse-forge\src\ui\ArrangementPanel.tsx:116:42)

Consider adding an error boundary to your tree to customize error handling behavior.
Visit https://reactjs.org/link/error-boundaries to learn more about error boundaries.

stderr | tests/ui/ArrangementPanel.test.tsx > ArrangementPanel > interrupted ruler drag drops the in-progress time range
TypeError: recoveryRepoRef.current.pruneAncient is not a function
    at D:\pulse-forge\src\ui\ArrangementPanel.tsx:388:35
    at commitHookEffectListMount (D:\pulse-forge\node_modules\react-dom\cjs\react-dom.development.js:23189:26)
    at commitPassiveMountOnFiber (D:\pulse-forge\node_modules\react-dom\cjs\react-dom.development.js:24970:11)
    at commitPassiveMountEffects_complete (D:\pulse-forge\node_modules\react-dom\cjs\react-dom.development.js:24930:9)
    at commitPassiveMountEffects_begin (D:\pulse-forge\node_modules\react-dom\cjs\react-dom.development.js:24917:7)
    at commitPassiveMountEffects (D:\pulse-forge\node_modules\react-dom\cjs\react-dom.development.js:24905:3)
    at flushPassiveEffectsImpl (D:\pulse-forge\node_modules\react-dom\cjs\react-dom.development.js:27078:3)
    at flushPassiveEffects (D:\pulse-forge\node_modules\react-dom\cjs\react-dom.development.js:27023:14)
    at D:\pulse-forge\node_modules\react-dom\cjs\react-dom.development.js:26808:9
    at flushActQueue (D:\pulse-forge\node_modules\react\cjs\react.development.js:2667:24)
The above error occurred in the <ArrangementPanel> component:

    at ArrangementPanel (D:\pulse-forge\src\ui\ArrangementPanel.tsx:116:42)

Consider adding an error boundary to your tree to customize error handling behavior.
Visit https://reactjs.org/link/error-boundaries to learn more about error boundaries.

stderr | tests/ui/ArrangementPanel.test.tsx > ArrangementPanel ÔÇö scene intensity lane > renders the curve of the scene clip with its points and the playhead readout
TypeError: recoveryRepoRef.current.pruneAncient is not a function
    at D:\pulse-forge\src\ui\ArrangementPanel.tsx:388:35
    at commitHookEffectListMount (D:\pulse-forge\node_modules\react-dom\cjs\react-dom.development.js:23189:26)
    at commitPassiveMountOnFiber (D:\pulse-forge\node_modules\react-dom\cjs\react-dom.development.js:24970:11)
    at commitPassiveMountEffects_complete (D:\pulse-forge\node_modules\react-dom\cjs\react-dom.development.js:24930:9)
    at commitPassiveMountEffects_begin (D:\pulse-forge\node_modules\react-dom\cjs\react-dom.development.js:24917:7)
    at commitPassiveMountEffects (D:\pulse-forge\node_modules\react-dom\cjs\react-dom.development.js:24905:3)
    at flushPassiveEffectsImpl (D:\pulse-forge\node_modules\react-dom\cjs\react-dom.development.js:27078:3)
    at flushPassiveEffects (D:\pulse-forge\node_modules\react-dom\cjs\react-dom.development.js:27023:14)
    at D:\pulse-forge\node_modules\react-dom\cjs\react-dom.development.js:26808:9
    at flushActQueue (D:\pulse-forge\node_modules\react\cjs\react.development.js:2667:24)
The above error occurred in the <ArrangementPanel> component:

    at ArrangementPanel (D:\pulse-forge\src\ui\ArrangementPanel.tsx:116:42)

Consider adding an error boundary to your tree to customize error handling behavior.
Visit https://reactjs.org/link/error-boundaries to learn more about error boundaries.

stderr | tests/ui/ArrangementPanel.test.tsx > ArrangementPanel ÔÇö scene intensity lane > clicking empty lane space inside a clip adds a quantized point via setSceneIntensityCurve
TypeError: recoveryRepoRef.current.pruneAncient is not a function
    at D:\pulse-forge\src\ui\ArrangementPanel.tsx:388:35
    at commitHookEffectListMount (D:\pulse-forge\node_modules\react-dom\cjs\react-dom.development.js:23189:26)
    at commitPassiveMountOnFiber (D:\pulse-forge\node_modules\react-dom\cjs\react-dom.development.js:24970:11)
    at commitPassiveMountEffects_complete (D:\pulse-forge\node_modules\react-dom\cjs\react-dom.development.js:24930:9)
    at commitPassiveMountEffects_begin (D:\pulse-forge\node_modules\react-dom\cjs\react-dom.development.js:24917:7)
    at commitPassiveMountEffects (D:\pulse-forge\node_modules\react-dom\cjs\react-dom.development.js:24905:3)
    at flushPassiveEffectsImpl (D:\pulse-forge\node_modules\react-dom\cjs\react-dom.development.js:27078:3)
    at flushPassiveEffects (D:\pulse-forge\node_modules\react-dom\cjs\react-dom.development.js:27023:14)
    at D:\pulse-forge\node_modules\react-dom\cjs\react-dom.development.js:26808:9
    at flushActQueue (D:\pulse-forge\node_modules\react\cjs\react.development.js:2667:24)
The above error occurred in the <ArrangementPanel> component:

    at ArrangementPanel (D:\pulse-forge\src\ui\ArrangementPanel.tsx:116:42)

Consider adding an error boundary to your tree to customize error handling behavior.
Visit https://reactjs.org/link/error-boundaries to learn more about error boundaries.

stderr | tests/ui/ArrangementPanel.test.tsx > ArrangementPanel ÔÇö scene intensity lane > right-clicking a point deletes it from the scene curve
TypeError: recoveryRepoRef.current.pruneAncient is not a function
    at D:\pulse-forge\src\ui\ArrangementPanel.tsx:388:35
    at commitHookEffectListMount (D:\pulse-forge\node_modules\react-dom\cjs\react-dom.development.js:23189:26)
    at commitPassiveMountOnFiber (D:\pulse-forge\node_modules\react-dom\cjs\react-dom.development.js:24970:11)
    at commitPassiveMountEffects_complete (D:\pulse-forge\node_modules\react-dom\cjs\react-dom.development.js:24930:9)
    at commitPassiveMountEffects_begin (D:\pulse-forge\node_modules\react-dom\cjs\react-dom.development.js:24917:7)
    at commitPassiveMountEffects (D:\pulse-forge\node_modules\react-dom\cjs\react-dom.development.js:24905:3)
    at flushPassiveEffectsImpl (D:\pulse-forge\node_modules\react-dom\cjs\react-dom.development.js:27078:3)
    at flushPassiveEffects (D:\pulse-forge\node_modules\react-dom\cjs\react-dom.development.js:27023:14)
    at D:\pulse-forge\node_modules\react-dom\cjs\react-dom.development.js:26808:9
    at flushActQueue (D:\pulse-forge\node_modules\react\cjs\react.development.js:2667:24)
The above error occurred in the <ArrangementPanel> component:

    at ArrangementPanel (D:\pulse-forge\src\ui\ArrangementPanel.tsx:116:42)

Consider adding an error boundary to your tree to customize error handling behavior.
Visit https://reactjs.org/link/error-boundaries to learn more about error boundaries.

stderr | tests/ui/ArrangementPanel.test.tsx > ArrangementPanel ÔÇö scene intensity lane > dragging a point commits the moved value once
TypeError: recoveryRepoRef.current.pruneAncient is not a function
    at D:\pulse-forge\src\ui\ArrangementPanel.tsx:388:35
    at commitHookEffectListMount (D:\pulse-forge\node_modules\react-dom\cjs\react-dom.development.js:23189:26)
    at commitPassiveMountOnFiber (D:\pulse-forge\node_modules\react-dom\cjs\react-dom.development.js:24970:11)
    at commitPassiveMountEffects_complete (D:\pulse-forge\node_modules\react-dom\cjs\react-dom.development.js:24930:9)
    at commitPassiveMountEffects_begin (D:\pulse-forge\node_modules\react-dom\cjs\react-dom.development.js:24917:7)
    at commitPassiveMountEffects (D:\pulse-forge\node_modules\react-dom\cjs\react-dom.development.js:24905:3)
    at flushPassiveEffectsImpl (D:\pulse-forge\node_modules\react-dom\cjs\react-dom.development.js:27078:3)
    at flushPassiveEffects (D:\pulse-forge\node_modules\react-dom\cjs\react-dom.development.js:27023:14)
    at D:\pulse-forge\node_modules\react-dom\cjs\react-dom.development.js:26808:9
    at flushActQueue (D:\pulse-forge\node_modules\react\cjs\react.development.js:2667:24)
The above error occurred in the <ArrangementPanel> component:

    at ArrangementPanel (D:\pulse-forge\src\ui\ArrangementPanel.tsx:116:42)

Consider adding an error boundary to your tree to customize error handling behavior.
Visit https://reactjs.org/link/error-boundaries to learn more about error boundaries.

 [32mÔťô[39m tests/groove.test.ts [2m([22m[2m14 tests[22m[2m)[22m[90m 111[2mms[22m[39m
 [32mÔťô[39m tests/state-store-adversarial.test.ts [2m([22m[2m19 tests[22m[2m)[22m[33m 630[2mms[22m[39m
stderr | tests/ui/ArrangementPanel.test.tsx > ArrangementPanel ÔÇö scene intensity lane > the INT toggle hides and shows the lane
TypeError: recoveryRepoRef.current.pruneAncient is not a function
    at D:\pulse-forge\src\ui\ArrangementPanel.tsx:388:35
    at commitHookEffectListMount (D:\pulse-forge\node_modules\react-dom\cjs\react-dom.development.js:23189:26)
    at commitPassiveMountOnFiber (D:\pulse-forge\node_modules\react-dom\cjs\react-dom.development.js:24970:11)
    at commitPassiveMountEffects_complete (D:\pulse-forge\node_modules\react-dom\cjs\react-dom.development.js:24930:9)
    at commitPassiveMountEffects_begin (D:\pulse-forge\node_modules\react-dom\cjs\react-dom.development.js:24917:7)
    at commitPassiveMountEffects (D:\pulse-forge\node_modules\react-dom\cjs\react-dom.development.js:24905:3)
    at flushPassiveEffectsImpl (D:\pulse-forge\node_modules\react-dom\cjs\react-dom.development.js:27078:3)
    at flushPassiveEffects (D:\pulse-forge\node_modules\react-dom\cjs\react-dom.development.js:27023:14)
    at D:\pulse-forge\node_modules\react-dom\cjs\react-dom.development.js:26808:9
    at flushActQueue (D:\pulse-forge\node_modules\react\cjs\react.development.js:2667:24)
The above error occurred in the <ArrangementPanel> component:

    at ArrangementPanel (D:\pulse-forge\src\ui\ArrangementPanel.tsx:116:42)

Consider adding an error boundary to your tree to customize error handling behavior.
Visit https://reactjs.org/link/error-boundaries to learn more about error boundaries.

stderr | tests/ui/ArrangementPanel.test.tsx > ArrangementPanel ÔÇö arrangement ergonomics > zoom buttons scale the arrangement width and FIT fits it
TypeError: recoveryRepoRef.current.pruneAncient is not a function
    at D:\pulse-forge\src\ui\ArrangementPanel.tsx:388:35
    at commitHookEffectListMount (D:\pulse-forge\node_modules\react-dom\cjs\react-dom.development.js:23189:26)
    at commitPassiveMountOnFiber (D:\pulse-forge\node_modules\react-dom\cjs\react-dom.development.js:24970:11)
    at commitPassiveMountEffects_complete (D:\pulse-forge\node_modules\react-dom\cjs\react-dom.development.js:24930:9)
    at commitPassiveMountEffects_begin (D:\pulse-forge\node_modules\react-dom\cjs\react-dom.development.js:24917:7)
    at commitPassiveMountEffects (D:\pulse-forge\node_modules\react-dom\cjs\react-dom.development.js:24905:3)
    at flushPassiveEffectsImpl (D:\pulse-forge\node_modules\react-dom\cjs\react-dom.development.js:27078:3)
    at flushPassiveEffects (D:\pulse-forge\node_modules\react-dom\cjs\react-dom.development.js:27023:14)
    at D:\pulse-forge\node_modules\react-dom\cjs\react-dom.development.js:26808:9
    at flushActQueue (D:\pulse-forge\node_modules\react\cjs\react.development.js:2667:24)
The above error occurred in the <ArrangementPanel> component:

    at ArrangementPanel (D:\pulse-forge\src\ui\ArrangementPanel.tsx:116:42)

Consider adding an error boundary to your tree to customize error handling behavior.
Visit https://reactjs.org/link/error-boundaries to learn more about error boundaries.

stderr | tests/ui/ArrangementPanel.test.tsx > ArrangementPanel ÔÇö arrangement ergonomics > ctrl+wheel zooms around the cursor (non-passive native listener)
TypeError: recoveryRepoRef.current.pruneAncient is not a function
    at D:\pulse-forge\src\ui\ArrangementPanel.tsx:388:35
    at commitHookEffectListMount (D:\pulse-forge\node_modules\react-dom\cjs\react-dom.development.js:23189:26)
    at commitPassiveMountOnFiber (D:\pulse-forge\node_modules\react-dom\cjs\react-dom.development.js:24970:11)
    at commitPassiveMountEffects_complete (D:\pulse-forge\node_modules\react-dom\cjs\react-dom.development.js:24930:9)
    at commitPassiveMountEffects_begin (D:\pulse-forge\node_modules\react-dom\cjs\react-dom.development.js:24917:7)
    at commitPassiveMountEffects (D:\pulse-forge\node_modules\react-dom\cjs\react-dom.development.js:24905:3)
    at flushPassiveEffectsImpl (D:\pulse-forge\node_modules\react-dom\cjs\react-dom.development.js:27078:3)
    at flushPassiveEffects (D:\pulse-forge\node_modules\react-dom\cjs\react-dom.development.js:27023:14)
    at D:\pulse-forge\node_modules\react-dom\cjs\react-dom.development.js:26808:9
    at flushActQueue (D:\pulse-forge\node_modules\react\cjs\react.development.js:2667:24)
The above error occurred in the <ArrangementPanel> component:

    at ArrangementPanel (D:\pulse-forge\src\ui\ArrangementPanel.tsx:116:42)

Consider adding an error boundary to your tree to customize error handling behavior.
Visit https://reactjs.org/link/error-boundaries to learn more about error boundaries.

stderr | tests/ui/ArrangementPanel.test.tsx > ArrangementPanel ÔÇö arrangement ergonomics > ctrl+click adds clips to the shared clip selection
TypeError: recoveryRepoRef.current.pruneAncient is not a function
    at D:\pulse-forge\src\ui\ArrangementPanel.tsx:388:35
    at commitHookEffectListMount (D:\pulse-forge\node_modules\react-dom\cjs\react-dom.development.js:23189:26)
    at commitPassiveMountOnFiber (D:\pulse-forge\node_modules\react-dom\cjs\react-dom.development.js:24970:11)
    at commitPassiveMountEffects_complete (D:\pulse-forge\node_modules\react-dom\cjs\react-dom.development.js:24930:9)
    at commitPassiveMountEffects_begin (D:\pulse-forge\node_modules\react-dom\cjs\react-dom.development.js:24917:7)
    at commitPassiveMountEffects (D:\pulse-forge\node_modules\react-dom\cjs\react-dom.development.js:24905:3)
    at flushPassiveEffectsImpl (D:\pulse-forge\node_modules\react-dom\cjs\react-dom.development.js:27078:3)
    at flushPassiveEffects (D:\pulse-forge\node_modules\react-dom\cjs\react-dom.development.js:27023:14)
    at D:\pulse-forge\node_modules\react-dom\cjs\react-dom.development.js:26808:9
    at flushActQueue (D:\pulse-forge\node_modules\react\cjs\react.development.js:2667:24)
The above error occurred in the <ArrangementPanel> component:

    at ArrangementPanel (D:\pulse-forge\src\ui\ArrangementPanel.tsx:116:42)

Consider adding an error boundary to your tree to customize error handling behavior.
Visit https://reactjs.org/link/error-boundaries to learn more about error boundaries.

stderr | tests/ui/ArrangementPanel.test.tsx > ArrangementPanel ÔÇö arrangement ergonomics > empty-lane drag marquees clips; a plain click still places the scene
TypeError: recoveryRepoRef.current.pruneAncient is not a function
    at D:\pulse-forge\src\ui\ArrangementPanel.tsx:388:35
    at commitHookEffectListMount (D:\pulse-forge\node_modules\react-dom\cjs\react-dom.development.js:23189:26)
    at commitPassiveMountOnFiber (D:\pulse-forge\node_modules\react-dom\cjs\react-dom.development.js:24970:11)
    at commitPassiveMountEffects_complete (D:\pulse-forge\node_modules\react-dom\cjs\react-dom.development.js:24930:9)
    at commitPassiveMountEffects_begin (D:\pulse-forge\node_modules\react-dom\cjs\react-dom.development.js:24917:7)
    at commitPassiveMountEffects (D:\pulse-forge\node_modules\react-dom\cjs\react-dom.development.js:24905:3)
    at flushPassiveEffectsImpl (D:\pulse-forge\node_modules\react-dom\cjs\react-dom.development.js:27078:3)
    at flushPassiveEffects (D:\pulse-forge\node_modules\react-dom\cjs\react-dom.development.js:27023:14)
    at D:\pulse-forge\node_modules\react-dom\cjs\react-dom.development.js:26808:9
    at flushActQueue (D:\pulse-forge\node_modules\react\cjs\react.development.js:2667:24)
The above error occurred in the <ArrangementPanel> component:

    at ArrangementPanel (D:\pulse-forge\src\ui\ArrangementPanel.tsx:116:42)

Consider adding an error boundary to your tree to customize error handling behavior.
Visit https://reactjs.org/link/error-boundaries to learn more about error boundaries.

stderr | tests/ui/ArrangementPanel.test.tsx > ArrangementPanel ÔÇö arrangement ergonomics > dragging one clip of an active multi-selection moves all of them as ONE command
TypeError: recoveryRepoRef.current.pruneAncient is not a function
    at D:\pulse-forge\src\ui\ArrangementPanel.tsx:388:35
    at commitHookEffectListMount (D:\pulse-forge\node_modules\react-dom\cjs\react-dom.development.js:23189:26)
    at commitPassiveMountOnFiber (D:\pulse-forge\node_modules\react-dom\cjs\react-dom.development.js:24970:11)
    at commitPassiveMountEffects_complete (D:\pulse-forge\node_modules\react-dom\cjs\react-dom.development.js:24930:9)
    at commitPassiveMountEffects_begin (D:\pulse-forge\node_modules\react-dom\cjs\react-dom.development.js:24917:7)
    at commitPassiveMountEffects (D:\pulse-forge\node_modules\react-dom\cjs\react-dom.development.js:24905:3)
    at flushPassiveEffectsImpl (D:\pulse-forge\node_modules\react-dom\cjs\react-dom.development.js:27078:3)
    at flushPassiveEffects (D:\pulse-forge\node_modules\react-dom\cjs\react-dom.development.js:27023:14)
    at D:\pulse-forge\node_modules\react-dom\cjs\react-dom.development.js:26808:9
    at flushActQueue (D:\pulse-forge\node_modules\react\cjs\react.development.js:2667:24)
The above error occurred in the <ArrangementPanel> component:

    at ArrangementPanel (D:\pulse-forge\src\ui\ArrangementPanel.tsx:116:42)

Consider adding an error boundary to your tree to customize error handling behavior.
Visit https://reactjs.org/link/error-boundaries to learn more about error boundaries.

stderr | tests/ui/ArrangementPanel.test.tsx > ArrangementPanel ÔÇö arrangement ergonomics > right-click delete shows an actionable toast whose UNDO calls the store
TypeError: recoveryRepoRef.current.pruneAncient is not a function
    at D:\pulse-forge\src\ui\ArrangementPanel.tsx:388:35
    at commitHookEffectListMount (D:\pulse-forge\node_modules\react-dom\cjs\react-dom.development.js:23189:26)
    at commitPassiveMountOnFiber (D:\pulse-forge\node_modules\react-dom\cjs\react-dom.development.js:24970:11)
    at commitPassiveMountEffects_complete (D:\pulse-forge\node_modules\react-dom\cjs\react-dom.development.js:24930:9)
    at commitPassiveMountEffects_begin (D:\pulse-forge\node_modules\react-dom\cjs\react-dom.development.js:24917:7)
    at commitPassiveMountEffects (D:\pulse-forge\node_modules\react-dom\cjs\react-dom.development.js:24905:3)
    at flushPassiveEffectsImpl (D:\pulse-forge\node_modules\react-dom\cjs\react-dom.development.js:27078:3)
    at flushPassiveEffects (D:\pulse-forge\node_modules\react-dom\cjs\react-dom.development.js:27023:14)
    at D:\pulse-forge\node_modules\react-dom\cjs\react-dom.development.js:26808:9
    at flushActQueue (D:\pulse-forge\node_modules\react\cjs\react.development.js:2667:24)
The above error occurred in the <ArrangementPanel> component:

    at ArrangementPanel (D:\pulse-forge\src\ui\ArrangementPanel.tsx:116:42)

Consider adding an error boundary to your tree to customize error handling behavior.
Visit https://reactjs.org/link/error-boundaries to learn more about error boundaries.

stderr | tests/ui/ArrangementPanel.test.tsx > ArrangementPanel ÔÇö SCENE SECS (wall-clock authoring) > shows the selected clip's wall-clock length at its scene's effective tempo
TypeError: recoveryRepoRef.current.pruneAncient is not a function
    at D:\pulse-forge\src\ui\ArrangementPanel.tsx:388:35
    at commitHookEffectListMount (D:\pulse-forge\node_modules\react-dom\cjs\react-dom.development.js:23189:26)
    at commitPassiveMountOnFiber (D:\pulse-forge\node_modules\react-dom\cjs\react-dom.development.js:24970:11)
    at commitPassiveMountEffects_complete (D:\pulse-forge\node_modules\react-dom\cjs\react-dom.development.js:24930:9)
    at commitPassiveMountEffects_begin (D:\pulse-forge\node_modules\react-dom\cjs\react-dom.development.js:24917:7)
    at commitPassiveMountEffects (D:\pulse-forge\node_modules\react-dom\cjs\react-dom.development.js:24905:3)
    at flushPassiveEffectsImpl (D:\pulse-forge\node_modules\react-dom\cjs\react-dom.development.js:27078:3)
    at flushPassiveEffects (D:\pulse-forge\node_modules\react-dom\cjs\react-dom.development.js:27023:14)
    at D:\pulse-forge\node_modules\react-dom\cjs\react-dom.development.js:26808:9
    at flushActQueue (D:\pulse-forge\node_modules\react\cjs\react.development.js:2667:24)
The above error occurred in the <ArrangementPanel> component:

    at ArrangementPanel (D:\pulse-forge\src\ui\ArrangementPanel.tsx:116:42)

Consider adding an error boundary to your tree to customize error handling behavior.
Visit https://reactjs.org/link/error-boundaries to learn more about error boundaries.

stderr | tests/ui/ArrangementPanel.test.tsx > ArrangementPanel ÔÇö SCENE SECS (wall-clock authoring) > typing seconds commits whole bars at the scene tempo via resizeArrangementClip
TypeError: recoveryRepoRef.current.pruneAncient is not a function
    at D:\pulse-forge\src\ui\ArrangementPanel.tsx:388:35
    at commitHookEffectListMount (D:\pulse-forge\node_modules\react-dom\cjs\react-dom.development.js:23189:26)
    at commitPassiveMountOnFiber (D:\pulse-forge\node_modules\react-dom\cjs\react-dom.development.js:24970:11)
    at commitPassiveMountEffects_complete (D:\pulse-forge\node_modules\react-dom\cjs\react-dom.development.js:24930:9)
    at commitPassiveMountEffects_begin (D:\pulse-forge\node_modules\react-dom\cjs\react-dom.development.js:24917:7)
    at commitPassiveMountEffects (D:\pulse-forge\node_modules\react-dom\cjs\react-dom.development.js:24905:3)
    at flushPassiveEffectsImpl (D:\pulse-forge\node_modules\react-dom\cjs\react-dom.development.js:27078:3)
    at flushPassiveEffects (D:\pulse-forge\node_modules\react-dom\cjs\react-dom.development.js:27023:14)
    at D:\pulse-forge\node_modules\react-dom\cjs\react-dom.development.js:26808:9
    at flushActQueue (D:\pulse-forge\node_modules\react\cjs\react.development.js:2667:24)
The above error occurred in the <ArrangementPanel> component:

    at ArrangementPanel (D:\pulse-forge\src\ui\ArrangementPanel.tsx:116:42)

Consider adding an error boundary to your tree to customize error handling behavior.
Visit https://reactjs.org/link/error-boundaries to learn more about error boundaries.

stderr | tests/ui/ArrangementPanel.test.tsx > ArrangementPanel ÔÇö SCENE SECS (wall-clock authoring) > blur commits too; an empty or zero value changes nothing
TypeError: recoveryRepoRef.current.pruneAncient is not a function
    at D:\pulse-forge\src\ui\ArrangementPanel.tsx:388:35
    at commitHookEffectListMount (D:\pulse-forge\node_modules\react-dom\cjs\react-dom.development.js:23189:26)
    at commitPassiveMountOnFiber (D:\pulse-forge\node_modules\react-dom\cjs\react-dom.development.js:24970:11)
    at commitPassiveMountEffects_complete (D:\pulse-forge\node_modules\react-dom\cjs\react-dom.development.js:24930:9)
    at commitPassiveMountEffects_begin (D:\pulse-forge\node_modules\react-dom\cjs\react-dom.development.js:24917:7)
    at commitPassiveMountEffects (D:\pulse-forge\node_modules\react-dom\cjs\react-dom.development.js:24905:3)
    at flushPassiveEffectsImpl (D:\pulse-forge\node_modules\react-dom\cjs\react-dom.development.js:27078:3)
    at flushPassiveEffects (D:\pulse-forge\node_modules\react-dom\cjs\react-dom.development.js:27023:14)
    at D:\pulse-forge\node_modules\react-dom\cjs\react-dom.development.js:26808:9
    at flushActQueue (D:\pulse-forge\node_modules\react\cjs\react.development.js:2667:24)
The above error occurred in the <ArrangementPanel> component:

    at ArrangementPanel (D:\pulse-forge\src\ui\ArrangementPanel.tsx:116:42)

Consider adding an error boundary to your tree to customize error handling behavior.
Visit https://reactjs.org/link/error-boundaries to learn more about error boundaries.

stderr | tests/ui/ArrangementPanel.test.tsx > ArrangementPanel ÔÇö SCENE SECS (wall-clock authoring) > the seconds ruler accumulates at each scene's effective tempo
TypeError: recoveryRepoRef.current.pruneAncient is not a function
    at D:\pulse-forge\src\ui\ArrangementPanel.tsx:388:35
    at commitHookEffectListMount (D:\pulse-forge\node_modules\react-dom\cjs\react-dom.development.js:23189:26)
    at commitPassiveMountOnFiber (D:\pulse-forge\node_modules\react-dom\cjs\react-dom.development.js:24970:11)
    at commitPassiveMountEffects_complete (D:\pulse-forge\node_modules\react-dom\cjs\react-dom.development.js:24930:9)
    at commitPassiveMountEffects_begin (D:\pulse-forge\node_modules\react-dom\cjs\react-dom.development.js:24917:7)
    at commitPassiveMountEffects (D:\pulse-forge\node_modules\react-dom\cjs\react-dom.development.js:24905:3)
    at flushPassiveEffectsImpl (D:\pulse-forge\node_modules\react-dom\cjs\react-dom.development.js:27078:3)
    at flushPassiveEffects (D:\pulse-forge\node_modules\react-dom\cjs\react-dom.development.js:27023:14)
    at D:\pulse-forge\node_modules\react-dom\cjs\react-dom.development.js:26808:9
    at flushActQueue (D:\pulse-forge\node_modules\react\cjs\react.development.js:2667:24)
The above error occurred in the <ArrangementPanel> component:

    at ArrangementPanel (D:\pulse-forge\src\ui\ArrangementPanel.tsx:116:42)

Consider adding an error boundary to your tree to customize error handling behavior.
Visit https://reactjs.org/link/error-boundaries to learn more about error boundaries.

 [31mÔŁ»[39m tests/ui/ArrangementPanel.test.tsx [2m([22m[2m24 tests[22m[2m | [22m[31m24 failed[39m[2m)[22m[33m 4438[2mms[22m[39m
[31m   [31m├Ś[31m ArrangementPanel[2m > [22mrenders SCENES heading[33m 467[2mms[22m[31m[39m
[31m     Ôćĺ recoveryRepoRef.current.pruneAncient is not a function[39m
[31m   [31m├Ś[31m ArrangementPanel[2m > [22mshows + SCENE button[90m 157[2mms[22m[31m[39m
[31m     Ôćĺ recoveryRepoRef.current.pruneAncient is not a function[39m
[31m   [31m├Ś[31m ArrangementPanel[2m > [22mcalls createScene when + SCENE clicked[90m 227[2mms[22m[31m[39m
[31m     Ôćĺ recoveryRepoRef.current.pruneAncient is not a function[39m
[31m   [31m├Ś[31m ArrangementPanel[2m > [22mhas correct aria label[90m 174[2mms[22m[31m[39m
[31m     Ôćĺ recoveryRepoRef.current.pruneAncient is not a function[39m
[31m   [31m├Ś[31m ArrangementPanel[2m > [22mruler mode toggle exists[90m 134[2mms[22m[31m[39m
[31m     Ôćĺ recoveryRepoRef.current.pruneAncient is not a function[39m
[31m   [31m├Ś[31m ArrangementPanel[2m > [22mexposes capture and skeleton controls[90m 49[2mms[22m[31m[39m
[31m     Ôćĺ recoveryRepoRef.current.pruneAncient is not a function[39m
[31m   [31m├Ś[31m ArrangementPanel[2m > [22mexposes the source rail, quantize state and arrangement role flow[90m 52[2mms[22m[31m[39m
[31m     Ôćĺ recoveryRepoRef.current.pruneAncient is not a function[39m
[31m   [31m├Ś[31m ArrangementPanel[2m > [22mstarts capture from the arrangement toolbar[90m 87[2mms[22m[31m[39m
[31m     Ôćĺ recoveryRepoRef.current.pruneAncient is not a function[39m
[31m   [31m├Ś[31m ArrangementPanel[2m > [22minterrupted ruler drag drops the in-progress time range[90m 46[2mms[22m[31m[39m
[31m     Ôćĺ recoveryRepoRef.current.pruneAncient is not a function[39m
[31m   [31m├Ś[31m ArrangementPanel ÔÇö scene intensity lane[2m > [22mrenders the curve of the scene clip with its points and the playhead readout[90m 142[2mms[22m[31m[39m
[31m     Ôćĺ recoveryRepoRef.current.pruneAncient is not a function[39m
[31m   [31m├Ś[31m ArrangementPanel ÔÇö scene intensity lane[2m > [22mclicking empty lane space inside a clip adds a quantized point via setSceneIntensityCurve[90m 78[2mms[22m[31m[39m
[31m     Ôćĺ recoveryRepoRef.current.pruneAncient is not a function[39m
[31m   [31m├Ś[31m ArrangementPanel ÔÇö scene intensity lane[2m > [22mright-clicking a point deletes it from the scene curve[90m 44[2mms[22m[31m[39m
[31m     Ôćĺ recoveryRepoRef.current.pruneAncient is not a function[39m
[31m   [31m├Ś[31m ArrangementPanel ÔÇö scene intensity lane[2m > [22mdragging a point commits the moved value once[90m 104[2mms[22m[31m[39m
[31m     Ôćĺ recoveryRepoRef.current.pruneAncient is not a function[39m
[31m   [31m├Ś[31m ArrangementPanel ÔÇö scene intensity lane[2m > [22mthe INT toggle hides and shows the lane[33m 1659[2mms[22m[31m[39m
[31m     Ôćĺ recoveryRepoRef.current.pruneAncient is not a function[39m
[31m   [31m├Ś[31m ArrangementPanel ÔÇö arrangement ergonomics[2m > [22mzoom buttons scale the arrangement width and FIT fits it[90m 184[2mms[22m[31m[39m
[31m     Ôćĺ recoveryRepoRef.current.pruneAncient is not a function[39m
[31m   [31m├Ś[31m ArrangementPanel ÔÇö arrangement ergonomics[2m > [22mctrl+wheel zooms around the cursor (non-passive native listener)[90m 72[2mms[22m[31m[39m
[31m     Ôćĺ recoveryRepoRef.current.pruneAncient is not a function[39m
[31m   [31m├Ś[31m ArrangementPanel ÔÇö arrangement ergonomics[2m > [22mctrl+click adds clips to the shared clip selection[90m 216[2mms[22m[31m[39m
[31m     Ôćĺ recoveryRepoRef.current.pruneAncient is not a function[39m
[31m   [31m├Ś[31m ArrangementPanel ÔÇö arrangement ergonomics[2m > [22mempty-lane drag marquees clips; a plain click still places the scene[90m 52[2mms[22m[31m[39m
[31m     Ôćĺ recoveryRepoRef.current.pruneAncient is not a function[39m
[31m   [31m├Ś[31m ArrangementPanel ÔÇö arrangement ergonomics[2m > [22mdragging one clip of an active multi-selection moves all of them as ONE command[90m 36[2mms[22m[31m[39m
[31m     Ôćĺ recoveryRepoRef.current.pruneAncient is not a function[39m
[31m   [31m├Ś[31m ArrangementPanel ÔÇö arrangement ergonomics[2m > [22mright-click delete shows an actionable toast whose UNDO calls the store[90m 134[2mms[22m[31m[39m
[31m     Ôćĺ recoveryRepoRef.current.pruneAncient is not a function[39m
[31m   [31m├Ś[31m ArrangementPanel ÔÇö SCENE SECS (wall-clock authoring)[2m > [22mshows the selected clip's wall-clock length at its scene's effective tempo[90m 94[2mms[22m[31m[39m
[31m     Ôćĺ recoveryRepoRef.current.pruneAncient is not a function[39m
[31m   [31m├Ś[31m ArrangementPanel ÔÇö SCENE SECS (wall-clock authoring)[2m > [22mtyping seconds commits whole bars at the scene tempo via resizeArrangementClip[90m 38[2mms[22m[31m[39m
[31m     Ôćĺ recoveryRepoRef.current.pruneAncient is not a function[39m
[31m   [31m├Ś[31m ArrangementPanel ÔÇö SCENE SECS (wall-clock authoring)[2m > [22mblur commits too; an empty or zero value changes nothing[90m 101[2mms[22m[31m[39m
[31m     Ôćĺ recoveryRepoRef.current.pruneAncient is not a function[39m
[31m   [31m├Ś[31m ArrangementPanel ÔÇö SCENE SECS (wall-clock authoring)[2m > [22mthe seconds ruler accumulates at each scene's effective tempo[90m 68[2mms[22m[31m[39m
[31m     Ôćĺ recoveryRepoRef.current.pruneAncient is not a function[39m
stderr | tests/transport.test.ts > Transport > seek ignores NaN
[transport] ignored non-finite or negative seek: NaN

stderr | tests/transport.test.ts > Transport > seek ignores Infinity
[transport] ignored non-finite or negative seek: Infinity

stderr | tests/transport.test.ts > Transport > seek ignores negative ticks
[transport] ignored non-finite or negative seek: -1000

 [32mÔťô[39m tests/transport.test.ts [2m([22m[2m32 tests[22m[2m)[22m[90m 145[2mms[22m[39m
 [32mÔťô[39m tests/tempo-seam.test.ts [2m([22m[2m9 tests[22m[2m)[22m[33m 1142[2mms[22m[39m
 [32mÔťô[39m tests/velocity-layers.test.ts [2m([22m[2m15 tests[22m[2m | [22m[33m5 skipped[39m[2m)[22m[33m 622[2mms[22m[39m
   [33m[2mÔťô[22m[39m round-robin sample content[2m > [22mdeclares variations only for manifest bases with subtle, safe amounts [33m429[2mms[22m[39m
 [32mÔťô[39m tests/fxeq-prepare-hardening.test.ts [2m([22m[2m13 tests[22m[2m)[22m[33m 42484[2mms[22m[39m
   [33m[2mÔťô[22m[39m fxeq reverb re-prepare capacity (P1 regression)[2m > [22mhall at 96 kHz after a 44.1 kHz prepare stays finite AND audible [33m1300[2mms[22m[39m
   [33m[2mÔťô[22m[39m fxeq reverb re-prepare capacity (P1 regression)[2m > [22m88.2 kHz and 192 kHz re-prepares stay finite for every reverb type [33m730[2mms[22m[39m
   [33m[2mÔťô[22m[39m fxeq processor re-prepare lifecycle (all modules active)[2m > [22mre-prepare 44.1Ôćĺ96 kHz then reset is bit-identical to a fresh processor [33m8096[2mms[22m[39m
   [33m[2mÔťô[22m[39m fxeq processor re-prepare lifecycle (all modules active)[2m > [22mre-prepare survives repeated toggling across sample rates [33m1002[2mms[22m[39m
   [33m[2mÔťô[22m[39m fxeq state round-trip (serialize Ôćĺ destroy Ôćĺ restore)[2m > [22mgetParameters() into a fresh processor reproduces identical audio [33m1944[2mms[22m[39m
   [33m[2mÔťô[22m[39m fxeq determinism and decay[2m > [22mtwo identically-driven processors produce bit-identical output [33m2981[2mms[22m[39m
   [33m[2mÔťô[22m[39m fxeq determinism and decay[2m > [22mreverb+delay tails decay under sustained silence [33m3943[2mms[22m[39m
   [33m[2mÔťô[22m[39m fxeq randomized fuzz (out-of-range values included)[2m > [22mrandom schema-range and beyond-range parameter sets stay finite and bounded [33m19541[2mms[22m[39m
   [33m[2mÔťô[22m[39m fxeq randomized fuzz (out-of-range values included)[2m > [22mrapid automation bursts keep the processor finite [33m2677[2mms[22m[39m
stderr | tests/fxeq-paint-editor.test.tsx > fxeq panel ÔÇö crossover split drag > exposes and commits the sixth split on a six-band instance
Not implemented: HTMLCanvasElement's getContext() method: without installing the canvas npm package
Not implemented: HTMLCanvasElement's getContext() method: without installing the canvas npm package
Not implemented: HTMLCanvasElement's getContext() method: without installing the canvas npm package
Not implemented: HTMLCanvasElement's getContext() method: without installing the canvas npm package
Not implemented: HTMLCanvasElement's getContext() method: without installing the canvas npm package

stderr | tests/fxeq-paint-editor.test.tsx > fxeq panel ÔÇö crossover split drag > drags a split: live preview during the move, ONE document commit on release
Not implemented: HTMLCanvasElement's getContext() method: without installing the canvas npm package
Not implemented: HTMLCanvasElement's getContext() method: without installing the canvas npm package

stderr | tests/fxeq-paint-editor.test.tsx > fxeq panel ÔÇö crossover split drag > drags a split: live preview during the move, ONE document commit on release
Not implemented: HTMLCanvasElement's getContext() method: without installing the canvas npm package
Not implemented: HTMLCanvasElement's getContext() method: without installing the canvas npm package
Not implemented: HTMLCanvasElement's getContext() method: without installing the canvas npm package
Not implemented: HTMLCanvasElement's getContext() method: without installing the canvas npm package

stderr | tests/fxeq-paint-editor.test.tsx > fxeq panel ÔÇö crossover split drag > commits the dragged value clamped against the schema range
Not implemented: HTMLCanvasElement's getContext() method: without installing the canvas npm package
Not implemented: HTMLCanvasElement's getContext() method: without installing the canvas npm package

stderr | tests/fxeq-paint-editor.test.tsx > fxeq panel ÔÇö crossover split drag > commits the dragged value clamped against the schema range
Not implemented: HTMLCanvasElement's getContext() method: without installing the canvas npm package
Not implemented: HTMLCanvasElement's getContext() method: without installing the canvas npm package
Not implemented: HTMLCanvasElement's getContext() method: without installing the canvas npm package

stderr | tests/fxeq-paint-editor.test.tsx > fxeq panel ÔÇö crossover split drag > uses the processor's effective monotonic splits for hit testing
Not implemented: HTMLCanvasElement's getContext() method: without installing the canvas npm package
Not implemented: HTMLCanvasElement's getContext() method: without installing the canvas npm package

stderr | tests/fxeq-paint-editor.test.tsx > fxeq panel ÔÇö crossover split drag > uses the processor's effective monotonic splits for hit testing
Not implemented: HTMLCanvasElement's getContext() method: without installing the canvas npm package
Not implemented: HTMLCanvasElement's getContext() method: without installing the canvas npm package
Not implemented: HTMLCanvasElement's getContext() method: without installing the canvas npm package

stderr | tests/fxeq-paint-editor.test.tsx > fxeq panel ÔÇö crossover split drag > a click (no handle grab) still selects the band under the pointer
Not implemented: HTMLCanvasElement's getContext() method: without installing the canvas npm package
Not implemented: HTMLCanvasElement's getContext() method: without installing the canvas npm package

 [32mÔťô[39m tests/fxeq-worklet-entry.test.ts [2m([22m[2m20 tests[22m[2m)[22m[33m 23180[2mms[22m[39m
   [33m[2mÔťô[22m[39m fxeq worklet entry (message port Ôćö DSP core wiring)[2m > [22mapplies time-stamped automation at the block that reaches its timestamp [33m969[2mms[22m[39m
   [33m[2mÔťô[22m[39m fxeq worklet entry (message port Ôćö DSP core wiring)[2m > [22mmanual param cancels future automation for the same id only [33m2388[2mms[22m[39m
   [33m[2mÔťô[22m[39m fxeq worklet entry (message port Ôćö DSP core wiring)[2m > [22mbulk params replace state and cancel pending automation [33m2417[2mms[22m[39m
   [33m[2mÔťô[22m[39m fxeq worklet entry (message port Ôćö DSP core wiring)[2m > [22mgates band-peak metering on setMetersEnabled (~20 Hz while on, zero off) [33m13302[2mms[22m[39m
   [33m[2mÔťô[22m[39m fxeq worklet entry (message port Ôćö DSP core wiring)[2m > [22mreuses preallocated peak storage for every audio-thread meter snapshot [33m1220[2mms[22m[39m
   [33m[2mÔťô[22m[39m fxeq worklet entry (message port Ôćö DSP core wiring)[2m > [22mreset clears the automation queue [33m843[2mms[22m[39m
   [33m[2mÔťô[22m[39m fxeq worklet entry ÔÇö A/B morph, history, sidechain, GR[2m > [22ma loud sidechain input ducks its band harder than a silent one [33m503[2mms[22m[39m
stderr | tests/fxeq-paint-editor.test.tsx > fxeq panel ÔÇö crossover split drag > a click (no handle grab) still selects the band under the pointer
Not implemented: HTMLCanvasElement's getContext() method: without installing the canvas npm package

 [32mÔťô[39m tests/groove-commands.test.ts [2m([22m[2m17 tests[22m[2m)[22m[90m 216[2mms[22m[39m
stderr | tests/fxeq-paint-editor.test.tsx > fxeq panel ÔÇö crossover split drag > a handle grab without movement does not change the band selection
Not implemented: HTMLCanvasElement's getContext() method: without installing the canvas npm package
Not implemented: HTMLCanvasElement's getContext() method: without installing the canvas npm package

 [32mÔťô[39m tests/intent-song.test.ts [2m([22m[2m13 tests[22m[2m)[22m[33m 2355[2mms[22m[39m
   [33m[2mÔťô[22m[39m song builder[2m > [22mgenerates related but distinct section patterns [33m679[2mms[22m[39m
   [33m[2mÔťô[22m[39m song builder[2m > [22mis deterministic for the same intent [33m520[2mms[22m[39m
   [33m[2mÔťô[22m[39m targeted section revise (C3)[2m > [22mregenerates ONE section in place from its provenance intent [33m360[2mms[22m[39m
stderr | tests/fxeq-paint-editor.test.tsx > fxeq panel ÔÇö crossover split drag > a handle grab without movement does not change the band selection
Not implemented: HTMLCanvasElement's getContext() method: without installing the canvas npm package
Not implemented: HTMLCanvasElement's getContext() method: without installing the canvas npm package

stderr | tests/fxeq-paint-editor.test.tsx > fxeq panel ÔÇö tempo-sync controls > renders DLY and MOD tempo sync as musical division selects
Not implemented: HTMLCanvasElement's getContext() method: without installing the canvas npm package
Not implemented: HTMLCanvasElement's getContext() method: without installing the canvas npm package

stderr | tests/fxeq-paint-editor.test.tsx > fxeq panel ÔÇö band selection persistence > remembers the selected band per instance across remounts
Not implemented: HTMLCanvasElement's getContext() method: without installing the canvas npm package
Not implemented: HTMLCanvasElement's getContext() method: without installing the canvas npm package

stderr | tests/fxeq-paint-editor.test.tsx > fxeq panel ÔÇö band selection persistence > remembers the selected band per instance across remounts
Not implemented: HTMLCanvasElement's getContext() method: without installing the canvas npm package
Not implemented: HTMLCanvasElement's getContext() method: without installing the canvas npm package
Not implemented: HTMLCanvasElement's getContext() method: without installing the canvas npm package

 [32mÔťô[39m tests/fxeq-paint-editor.test.tsx [2m([22m[2m18 tests[22m[2m)[22m[33m 8706[2mms[22m[39m
   [33m[2mÔťô[22m[39m fxeq panel ÔÇö EQ response overlay math[2m > [22mwindow prediction matches the DSP's soloed band output [33m386[2mms[22m[39m
   [33m[2mÔťô[22m[39m fxeq panel ÔÇö crossover split drag[2m > [22mexposes and commits the sixth split on a six-band instance [33m2850[2mms[22m[39m
   [33m[2mÔťô[22m[39m fxeq panel ÔÇö crossover split drag[2m > [22mdrags a split: live preview during the move, ONE document commit on release [33m736[2mms[22m[39m
   [33m[2mÔťô[22m[39m fxeq panel ÔÇö crossover split drag[2m > [22mcommits the dragged value clamped against the schema range [33m515[2mms[22m[39m
   [33m[2mÔťô[22m[39m fxeq panel ÔÇö crossover split drag[2m > [22muses the processor's effective monotonic splits for hit testing [33m331[2mms[22m[39m
   [33m[2mÔťô[22m[39m fxeq panel ÔÇö crossover split drag[2m > [22ma click (no handle grab) still selects the band under the pointer [33m743[2mms[22m[39m
   [33m[2mÔťô[22m[39m fxeq panel ÔÇö crossover split drag[2m > [22ma handle grab without movement does not change the band selection [33m888[2mms[22m[39m
   [33m[2mÔťô[22m[39m fxeq panel ÔÇö tempo-sync controls[2m > [22mrenders DLY and MOD tempo sync as musical division selects [33m558[2mms[22m[39m
   [33m[2mÔťô[22m[39m fxeq panel ÔÇö band selection persistence[2m > [22mremembers the selected band per instance across remounts [33m1656[2mms[22m[39m
 [32mÔťô[39m tests/collab-bandmate.test.ts [2m([22m[2m12 tests[22m[2m)[22m[33m 354[2mms[22m[39m
 [32mÔťô[39m tests/note-commands.test.ts [2m([22m[2m14 tests[22m[2m)[22m[90m 116[2mms[22m[39m
 [32mÔťô[39m tests/intent-sections-fx.test.ts [2m([22m[2m18 tests[22m[2m)[22m[33m 928[2mms[22m[39m
 [32mÔťô[39m tests/fxeq-hardening2.test.ts [2m([22m[2m16 tests[22m[2m)[22m[33m 7093[2mms[22m[39m
   [33m[2mÔťô[22m[39m fxeq-core hardening #2 ÔÇö bandCount NaN armor[2m > [22mloadParameters({ bandCount: NaN }) keeps the band count valid and process() running [33m338[2mms[22m[39m
   [33m[2mÔťô[22m[39m fxeq-core hardening #2 ÔÇö morph armor[2m > [22mstartMorph with a NaN duration keeps every morphed value finite [33m2384[2mms[22m[39m
   [33m[2mÔťô[22m[39m fxeq-core hardening #2 ÔÇö morph armor[2m > [22mbandCount is never a morph target ÔÇö it must not change mid-morph [33m944[2mms[22m[39m
   [33m[2mÔťô[22m[39m fxeq-core hardening #2 ÔÇö limiter true-peak mode switch[2m > [22mre-entering true-peak mode does not replay the lookahead ring's pre-legacy content [33m1040[2mms[22m[39m
   [33m[2mÔťô[22m[39m fxeq-core hardening #2 ÔÇö crossover split surface (6 bands)[2m > [22mXover 5 clamps against Xover 6 ÔÇö the 8-12 kHz deletion drag is gone [33m515[2mms[22m[39m
   [33m[2mÔťô[22m[39m FXEQ oversampling gain parity (2026-09-19 audit)[2m > [22mfactor 8 matches drive (render tier, the old -18 dB case) [33m666[2mms[22m[39m
stderr | tests/ui/timeline-rec.test.tsx > arrangement REC wiring > renders the ARM select with project tracks and disables REC until armed
TypeError: recoveryRepoRef.current.pruneAncient is not a function
    at D:\pulse-forge\src\ui\ArrangementPanel.tsx:388:35
    at commitHookEffectListMount (D:\pulse-forge\node_modules\react-dom\cjs\react-dom.development.js:23189:26)
    at commitPassiveMountOnFiber (D:\pulse-forge\node_modules\react-dom\cjs\react-dom.development.js:24970:11)
    at commitPassiveMountEffects_complete (D:\pulse-forge\node_modules\react-dom\cjs\react-dom.development.js:24930:9)
    at commitPassiveMountEffects_begin (D:\pulse-forge\node_modules\react-dom\cjs\react-dom.development.js:24917:7)
    at commitPassiveMountEffects (D:\pulse-forge\node_modules\react-dom\cjs\react-dom.development.js:24905:3)
    at flushPassiveEffectsImpl (D:\pulse-forge\node_modules\react-dom\cjs\react-dom.development.js:27078:3)
    at flushPassiveEffects (D:\pulse-forge\node_modules\react-dom\cjs\react-dom.development.js:27023:14)
    at D:\pulse-forge\node_modules\react-dom\cjs\react-dom.development.js:26808:9
    at flushActQueue (D:\pulse-forge\node_modules\react\cjs\react.development.js:2667:24)
The above error occurred in the <ArrangementPanel> component:

    at ArrangementPanel (D:\pulse-forge\src\ui\ArrangementPanel.tsx:116:42)

Consider adding an error boundary to your tree to customize error handling behavior.
Visit https://reactjs.org/link/error-boundaries to learn more about error boundaries.

stderr | tests/ui/timeline-rec.test.tsx > arrangement REC wiring > routes the chosen audio-interface input into the vocal recorder
TypeError: recoveryRepoRef.current.pruneAncient is not a function
    at D:\pulse-forge\src\ui\ArrangementPanel.tsx:388:35
    at commitHookEffectListMount (D:\pulse-forge\node_modules\react-dom\cjs\react-dom.development.js:23189:26)
    at commitPassiveMountOnFiber (D:\pulse-forge\node_modules\react-dom\cjs\react-dom.development.js:24970:11)
    at commitPassiveMountEffects_complete (D:\pulse-forge\node_modules\react-dom\cjs\react-dom.development.js:24930:9)
    at commitPassiveMountEffects_begin (D:\pulse-forge\node_modules\react-dom\cjs\react-dom.development.js:24917:7)
    at commitPassiveMountEffects (D:\pulse-forge\node_modules\react-dom\cjs\react-dom.development.js:24905:3)
    at flushPassiveEffectsImpl (D:\pulse-forge\node_modules\react-dom\cjs\react-dom.development.js:27078:3)
    at flushPassiveEffects (D:\pulse-forge\node_modules\react-dom\cjs\react-dom.development.js:27023:14)
    at D:\pulse-forge\node_modules\react-dom\cjs\react-dom.development.js:26808:9
    at flushActQueue (D:\pulse-forge\node_modules\react\cjs\react.development.js:2667:24)
The above error occurred in the <ArrangementPanel> component:

    at ArrangementPanel (D:\pulse-forge\src\ui\ArrangementPanel.tsx:116:42)

Consider adding an error boundary to your tree to customize error handling behavior.
Visit https://reactjs.org/link/error-boundaries to learn more about error boundaries.

stderr | tests/ui/timeline-rec.test.tsx > arrangement REC wiring > REC without AudioWorklet support surfaces a readable error, not a crash
TypeError: recoveryRepoRef.current.pruneAncient is not a function
    at D:\pulse-forge\src\ui\ArrangementPanel.tsx:388:35
    at commitHookEffectListMount (D:\pulse-forge\node_modules\react-dom\cjs\react-dom.development.js:23189:26)
    at commitPassiveMountOnFiber (D:\pulse-forge\node_modules\react-dom\cjs\react-dom.development.js:24970:11)
    at commitPassiveMountEffects_complete (D:\pulse-forge\node_modules\react-dom\cjs\react-dom.development.js:24930:9)
    at commitPassiveMountEffects_begin (D:\pulse-forge\node_modules\react-dom\cjs\react-dom.development.js:24917:7)
    at commitPassiveMountEffects (D:\pulse-forge\node_modules\react-dom\cjs\react-dom.development.js:24905:3)
    at flushPassiveEffectsImpl (D:\pulse-forge\node_modules\react-dom\cjs\react-dom.development.js:27078:3)
    at flushPassiveEffects (D:\pulse-forge\node_modules\react-dom\cjs\react-dom.development.js:27023:14)
    at D:\pulse-forge\node_modules\react-dom\cjs\react-dom.development.js:26808:9
    at flushActQueue (D:\pulse-forge\node_modules\react\cjs\react.development.js:2667:24)
The above error occurred in the <ArrangementPanel> component:

    at ArrangementPanel (D:\pulse-forge\src\ui\ArrangementPanel.tsx:116:42)

Consider adding an error boundary to your tree to customize error handling behavior.
Visit https://reactjs.org/link/error-boundaries to learn more about error boundaries.

stderr | tests/ui/timeline-rec.test.tsx > arrangement REC wiring > REC with a browser lacking capture support keeps the store untouched
TypeError: recoveryRepoRef.current.pruneAncient is not a function
    at D:\pulse-forge\src\ui\ArrangementPanel.tsx:388:35
    at commitHookEffectListMount (D:\pulse-forge\node_modules\react-dom\cjs\react-dom.development.js:23189:26)
    at commitPassiveMountOnFiber (D:\pulse-forge\node_modules\react-dom\cjs\react-dom.development.js:24970:11)
    at commitPassiveMountEffects_complete (D:\pulse-forge\node_modules\react-dom\cjs\react-dom.development.js:24930:9)
    at commitPassiveMountEffects_begin (D:\pulse-forge\node_modules\react-dom\cjs\react-dom.development.js:24917:7)
    at commitPassiveMountEffects (D:\pulse-forge\node_modules\react-dom\cjs\react-dom.development.js:24905:3)
    at flushPassiveEffectsImpl (D:\pulse-forge\node_modules\react-dom\cjs\react-dom.development.js:27078:3)
    at flushPassiveEffects (D:\pulse-forge\node_modules\react-dom\cjs\react-dom.development.js:27023:14)
    at D:\pulse-forge\node_modules\react-dom\cjs\react-dom.development.js:26808:9
    at flushActQueue (D:\pulse-forge\node_modules\react\cjs\react.development.js:2667:24)
The above error occurred in the <ArrangementPanel> component:

    at ArrangementPanel (D:\pulse-forge\src\ui\ArrangementPanel.tsx:116:42)

Consider adding an error boundary to your tree to customize error handling behavior.
Visit https://reactjs.org/link/error-boundaries to learn more about error boundaries.

stderr | tests/ui/timeline-rec.test.tsx > arrangement REC wiring > serializes rapid REC clicks while the microphone is opening
TypeError: recoveryRepoRef.current.pruneAncient is not a function
    at D:\pulse-forge\src\ui\ArrangementPanel.tsx:388:35
    at commitHookEffectListMount (D:\pulse-forge\node_modules\react-dom\cjs\react-dom.development.js:23189:26)
    at commitPassiveMountOnFiber (D:\pulse-forge\node_modules\react-dom\cjs\react-dom.development.js:24970:11)
    at commitPassiveMountEffects_complete (D:\pulse-forge\node_modules\react-dom\cjs\react-dom.development.js:24930:9)
    at commitPassiveMountEffects_begin (D:\pulse-forge\node_modules\react-dom\cjs\react-dom.development.js:24917:7)
    at commitPassiveMountEffects (D:\pulse-forge\node_modules\react-dom\cjs\react-dom.development.js:24905:3)
    at flushPassiveEffectsImpl (D:\pulse-forge\node_modules\react-dom\cjs\react-dom.development.js:27078:3)
    at flushPassiveEffects (D:\pulse-forge\node_modules\react-dom\cjs\react-dom.development.js:27023:14)
    at D:\pulse-forge\node_modules\react-dom\cjs\react-dom.development.js:26808:9
    at flushActQueue (D:\pulse-forge\node_modules\react\cjs\react.development.js:2667:24)
The above error occurred in the <ArrangementPanel> component:

    at ArrangementPanel (D:\pulse-forge\src\ui\ArrangementPanel.tsx:116:42)

Consider adding an error boundary to your tree to customize error handling behavior.
Visit https://reactjs.org/link/error-boundaries to learn more about error boundaries.

stderr | tests/ui/timeline-rec.test.tsx > arrangement REC wiring > does not open the microphone if the arrangement unmounts while REC is loading
TypeError: recoveryRepoRef.current.pruneAncient is not a function
    at D:\pulse-forge\src\ui\ArrangementPanel.tsx:388:35
    at commitHookEffectListMount (D:\pulse-forge\node_modules\react-dom\cjs\react-dom.development.js:23189:26)
    at commitPassiveMountOnFiber (D:\pulse-forge\node_modules\react-dom\cjs\react-dom.development.js:24970:11)
    at commitPassiveMountEffects_complete (D:\pulse-forge\node_modules\react-dom\cjs\react-dom.development.js:24930:9)
    at commitPassiveMountEffects_begin (D:\pulse-forge\node_modules\react-dom\cjs\react-dom.development.js:24917:7)
    at commitPassiveMountEffects (D:\pulse-forge\node_modules\react-dom\cjs\react-dom.development.js:24905:3)
    at flushPassiveEffectsImpl (D:\pulse-forge\node_modules\react-dom\cjs\react-dom.development.js:27078:3)
    at flushPassiveEffects (D:\pulse-forge\node_modules\react-dom\cjs\react-dom.development.js:27023:14)
    at D:\pulse-forge\node_modules\react-dom\cjs\react-dom.development.js:26808:9
    at flushActQueue (D:\pulse-forge\node_modules\react\cjs\react.development.js:2667:24)
The above error occurred in the <ArrangementPanel> component:

    at ArrangementPanel (D:\pulse-forge\src\ui\ArrangementPanel.tsx:116:42)

Consider adding an error boundary to your tree to customize error handling behavior.
Visit https://reactjs.org/link/error-boundaries to learn more about error boundaries.

stderr | tests/ui/timeline-rec.test.tsx > arrangement REC wiring > warns when the take is usable now but its audio could not be persisted
TypeError: recoveryRepoRef.current.pruneAncient is not a function
    at D:\pulse-forge\src\ui\ArrangementPanel.tsx:388:35
    at commitHookEffectListMount (D:\pulse-forge\node_modules\react-dom\cjs\react-dom.development.js:23189:26)
    at commitPassiveMountOnFiber (D:\pulse-forge\node_modules\react-dom\cjs\react-dom.development.js:24970:11)
    at commitPassiveMountEffects_complete (D:\pulse-forge\node_modules\react-dom\cjs\react-dom.development.js:24930:9)
    at commitPassiveMountEffects_begin (D:\pulse-forge\node_modules\react-dom\cjs\react-dom.development.js:24917:7)
    at commitPassiveMountEffects (D:\pulse-forge\node_modules\react-dom\cjs\react-dom.development.js:24905:3)
    at flushPassiveEffectsImpl (D:\pulse-forge\node_modules\react-dom\cjs\react-dom.development.js:27078:3)
    at flushPassiveEffects (D:\pulse-forge\node_modules\react-dom\cjs\react-dom.development.js:27023:14)
    at D:\pulse-forge\node_modules\react-dom\cjs\react-dom.development.js:26808:9
    at flushActQueue (D:\pulse-forge\node_modules\react\cjs\react.development.js:2667:24)
The above error occurred in the <ArrangementPanel> component:

    at ArrangementPanel (D:\pulse-forge\src\ui\ArrangementPanel.tsx:116:42)

Consider adding an error boundary to your tree to customize error handling behavior.
Visit https://reactjs.org/link/error-boundaries to learn more about error boundaries.

 [31mÔŁ»[39m tests/ui/timeline-rec.test.tsx [2m([22m[2m13 tests[22m[2m | [22m[31m7 failed[39m[2m)[22m[33m 1427[2mms[22m[39m
[31m   [31m├Ś[31m arrangement REC wiring[2m > [22mrenders the ARM select with project tracks and disables REC until armed[33m 373[2mms[22m[31m[39m
[31m     Ôćĺ recoveryRepoRef.current.pruneAncient is not a function[39m
[31m   [31m├Ś[31m arrangement REC wiring[2m > [22mroutes the chosen audio-interface input into the vocal recorder[90m 258[2mms[22m[31m[39m
[31m     Ôćĺ recoveryRepoRef.current.pruneAncient is not a function[39m
[31m   [31m├Ś[31m arrangement REC wiring[2m > [22mREC without AudioWorklet support surfaces a readable error, not a crash[90m 110[2mms[22m[31m[39m
[31m     Ôćĺ recoveryRepoRef.current.pruneAncient is not a function[39m
[31m   [31m├Ś[31m arrangement REC wiring[2m > [22mREC with a browser lacking capture support keeps the store untouched[90m 210[2mms[22m[31m[39m
[31m     Ôćĺ recoveryRepoRef.current.pruneAncient is not a function[39m
[31m   [31m├Ś[31m arrangement REC wiring[2m > [22mserializes rapid REC clicks while the microphone is opening[90m 223[2mms[22m[31m[39m
[31m     Ôćĺ recoveryRepoRef.current.pruneAncient is not a function[39m
[31m   [31m├Ś[31m arrangement REC wiring[2m > [22mdoes not open the microphone if the arrangement unmounts while REC is loading[90m 78[2mms[22m[31m[39m
[31m     Ôćĺ recoveryRepoRef.current.pruneAncient is not a function[39m
[31m   [31m├Ś[31m arrangement REC wiring[2m > [22mwarns when the take is usable now but its audio could not be persisted[90m 130[2mms[22m[31m[39m
[31m     Ôćĺ recoveryRepoRef.current.pruneAncient is not a function[39m
 [32mÔťô[39m tests/bandlimited.test.ts [2m([22m[2m11 tests[22m[2m)[22m[33m 1707[2mms[22m[39m
   [33m[2mÔťô[22m[39m aliasing A/B proof[2m > [22mfolded harmonics drop Ôëą40 dB, fundamental holds ┬▒0.5 dB [33m1483[2mms[22m[39m
stderr | tests/ui/GalleryPage.test.tsx > gallery flywheel > FORK remembers the remix parent and opens the studio with remixOf
Warning: An update to GalleryPage inside a test was not wrapped in act(...).

When testing, code that causes React state updates should be wrapped into act(...):

act(() => {
  /* fire events that update state */
});
/* assert on the output */

This ensures that you're testing the behavior the user would see in the browser. Learn more at https://reactjs.org/link/wrap-tests-with-act
    at GalleryPage (D:\pulse-forge\src\gallery\GalleryPage.tsx:18:49)

 [32mÔťô[39m tests/ui/GalleryPage.test.tsx [2m([22m[2m12 tests[22m[2m)[22m[33m 5804[2mms[22m[39m
   [33m[2mÔťô[22m[39m GalleryPage[2m > [22mrenders the feed as cards with Open in Forge links [33m484[2mms[22m[39m
   [33m[2mÔťô[22m[39m GalleryPage[2m > [22mfilters by tag when a tag chip is clicked [33m524[2mms[22m[39m
   [33m[2mÔťô[22m[39m GalleryPage[2m > [22mshows the unreachable-server state with a retry [33m385[2mms[22m[39m
   [33m[2mÔťô[22m[39m GalleryPage[2m > [22mlets a visitor submit a moderation report without exposing reporter data [33m1924[2mms[22m[39m
   [33m[2mÔťô[22m[39m GalleryPage[2m > [22mpublishes: opens the form, parses the pasted share link, POSTs the payload [33m404[2mms[22m[39m
   [33m[2mÔťô[22m[39m GalleryPage[2m > [22mflags an invalid share code instead of POSTing junk [33m324[2mms[22m[39m
   [33m[2mÔťô[22m[39m gallery flywheel[2m > [22mcounts a play once per session and shows the optimistic tick [33m791[2mms[22m[39m
 [32mÔťô[39m tests/fx-expansion.test.ts [2m([22m[2m10 tests[22m[2m)[22m[33m 17171[2mms[22m[39m
   [33m[2mÔťô[22m[39m fx expansion processors[2m > [22mpitchShift: +12 st on 330 Hz actually shifts content near 660 Hz [33m1169[2mms[22m[39m
   [33m[2mÔťô[22m[39m fx expansion processors[2m > [22mbeatMangler: NORM with unity volume Ôëł passthrough; a zeroed volume envelope silences [33m1081[2mms[22m[39m
   [33m[2mÔťô[22m[39m fx expansion processors[2m > [22mbeatMangler: the mix AudioParam is honored (mix 0 = passthrough even with muted envelope) [33m7420[2mms[22m[39m
   [33m[2mÔťô[22m[39m fx expansion processors[2m > [22mbeatMangler: a non-finite envelope entry cannot poison the tape head with NaN [33m7048[2mms[22m[39m
 [32mÔťô[39m tests/chorus-delay-buss.test.ts [2m([22m[2m15 tests[22m[2m)[22m[33m 21213[2mms[22m[39m
   [33m[2mÔťô[22m[39m chorus-processor sound[2m > [22mmix = 0 is unity (dry passes bit-exact) [33m864[2mms[22m[39m
   [33m[2mÔťô[22m[39m chorus-processor sound[2m > [22mextremes soak: finite, bounded, no NaN [33m8213[2mms[22m[39m
   [33m[2mÔťô[22m[39m stock-delay-processor sound[2m > [22mfeedback decays (no runaway) and mix = 0 is unity [33m6836[2mms[22m[39m
   [33m[2mÔťô[22m[39m stock-delay-processor sound[2m > [22mswitching TIME mid-render stays finite (glide, no zipper blowup) [33m4760[2mms[22m[39m
 [32mÔťô[39m tests/project-repository.test.ts [2m([22m[2m18 tests[22m[2m)[22m[33m 541[2mms[22m[39m
 [32mÔťô[39m tests/fxeq-host-integration.test.ts [2m([22m[2m18 tests[22m[2m)[22m[33m 912[2mms[22m[39m
   [33m[2mÔťô[22m[39m FXEQ host-integration audit fixes (2026-09-19)[2m > [22mthe constructor honours a document bandCount (2/4/6 layouts) [33m371[2mms[22m[39m
 [32mÔťô[39m tests/ui/TopBar.test.tsx [2m([22m[2m23 tests[22m[2m)[22m[33m 9988[2mms[22m[39m
   [33m[2mÔťô[22m[39m TopBar[2m > [22mrenders brand name [33m384[2mms[22m[39m
   [33m[2mÔťô[22m[39m TopBar[2m > [22mcalls onOpenBrowser when PROJECTS clicked [33m1173[2mms[22m[39m
   [33m[2mÔťô[22m[39m TopBar[2m > [22mcalls onSetPlayMode when mode button clicked [33m446[2mms[22m[39m
   [33m[2mÔťô[22m[39m TopBar[2m > [22mwarns when switching to SONG with the playhead past the last clip [33m439[2mms[22m[39m
   [33m[2mÔťô[22m[39m TopBar[2m > [22moffers REWIND from the guard and seeks the transport to bar 1 [33m502[2mms[22m[39m
   [33m[2mÔťô[22m[39m TopBar[2m > [22mshows no guard when a clip sits under the playhead [33m301[2mms[22m[39m
   [33m[2mÔťô[22m[39m TopBar[2m > [22mcycles count-in, toggles pre-roll and toggles the content metronome [33m2279[2mms[22m[39m
   [33m[2mÔťô[22m[39m TopBar[2m > [22msets BPM from two taps without changing the project until the second tap [33m604[2mms[22m[39m
   [33m[2mÔťô[22m[39m TopBar[2m > [22mmoves lower-priority controls into an accessible overflow menu [33m1309[2mms[22m[39m
   [33m[2mÔťô[22m[39m TopBar[2m > [22mopens DIAG from the overflow menu [33m906[2mms[22m[39m
 [32mÔťô[39m tests/quick-wins.test.ts [2m([22m[2m12 tests[22m[2m)[22m[33m 5373[2mms[22m[39m
   [33m[2mÔťô[22m[39m EQ worklet response[2m > [22mextremes soak: finite, bounded, no NaN [33m4473[2mms[22m[39m
 [32mÔťô[39m tests/ultina-hardening3.test.ts [2m([22m[2m6 tests[22m[2m)[22m[33m 3434[2mms[22m[39m
   [33m[2mÔťô[22m[39m ultina hardening #3 ÔÇö LUFS stale tracking[2m > [22mbypassed time arms the LUFS stale guard while metering is gated off [33m1516[2mms[22m[39m
   [33m[2mÔťô[22m[39m ultina hardening #3 ÔÇö phase sidechain correlation window[2m > [22mmulti-chunk blocks correlate identically to single-chunk blocks [33m1731[2mms[22m[39m
 [32mÔťô[39m tests/ozvena-ir-spectra.test.ts [2m([22m[2m13 tests[22m[2m)[22m[33m 8302[2mms[22m[39m
   [33m[2mÔťô[22m[39m partitioned convolver ÔÇö precomputed spectra parity[2m > [22mprecomputed convolver output is bit-identical to the time-domain convolver (block=128) [33m1045[2mms[22m[39m
   [33m[2mÔťô[22m[39m partitioned convolver ÔÇö precomputed spectra parity[2m > [22mprecomputed convolver output is bit-identical to the time-domain convolver (block=333) [33m714[2mms[22m[39m
   [33m[2mÔťô[22m[39m partitioned convolver ÔÇö precomputed spectra parity[2m > [22mprecomputed convolver output is bit-identical to the time-domain convolver (block=1024) [33m848[2mms[22m[39m
   [33m[2mÔťô[22m[39m partitioned convolver ÔÇö precomputed spectra parity[2m > [22mprecomputed convolver reset() restores bit-identical behavior [33m347[2mms[22m[39m
   [33m[2mÔťô[22m[39m partitioned convolver ÔÇö precomputed spectra parity[2m > [22ma cached set reused WITHOUT blockSpectra still renders identically [33m399[2mms[22m[39m
   [33m[2mÔťô[22m[39m convolution engine ÔÇö loadIrPrecomputed parity[2m > [22mstereo IR: precomputed load output is bit-identical to loadIr [33m1517[2mms[22m[39m
   [33m[2mÔťô[22m[39m convolution engine ÔÇö loadIrPrecomputed parity[2m > [22mmono IR broadcast: precomputed load output is bit-identical to loadIr [33m1455[2mms[22m[39m
   [33m[2mÔťô[22m[39m convolution engine ÔÇö loadIrPrecomputed parity[2m > [22mtrue-stereo quad IR: precomputed load output is bit-identical to loadIr [33m1271[2mms[22m[39m
   [33m[2mÔťô[22m[39m convolution engine ÔÇö loadIrPrecomputed parity[2m > [22man IR swap mid-render still crossfades on the precomputed path (finite, bounded) [33m387[2mms[22m[39m
 [32mÔťô[39m tests/effects.test.ts [2m([22m[2m60 tests[22m[2m | [22m[33m53 skipped[39m[2m)[22m[33m 507[2mms[22m[39m
 [32mÔťô[39m tests/morph-dynamics-contract.test.ts [2m([22m[2m19 tests[22m[2m)[22m[33m 701[2mms[22m[39m
   [33m[2mÔťô[22m[39m morph-dynamics factory presets[2m > [22mapplies every preset to a fully-clamped, complete param map [33m518[2mms[22m[39m
 [32mÔťô[39m tests/project-store.test.ts [2m([22m[2m21 tests[22m[2m)[22m[33m 574[2mms[22m[39m
 [32mÔťô[39m tests/audio-engine-lifecycle.test.ts [2m([22m[2m8 tests[22m[2m)[22m[90m 79[2mms[22m[39m
 [32mÔťô[39m tests/symbolic-prior.test.ts [2m([22m[2m12 tests[22m[2m)[22m[33m 450[2mms[22m[39m
 [32mÔťô[39m tests/export/video.test.ts [2m([22m[2m8 tests[22m[2m)[22m[90m 110[2mms[22m[39m
 [32mÔťô[39m tests/aliasing-truepeak.test.ts [2m([22m[2m7 tests[22m[2m)[22m[33m 19068[2mms[22m[39m
   [33m[2mÔťô[22m[39m limiter true-peak detector[2m > [22mcatches an intersample peak a sample detector cannot see [33m509[2mms[22m[39m
   [33m[2mÔťô[22m[39m limiter true-peak detector[2m > [22mordinary sines behave like the legacy detector (regression pin) [33m395[2mms[22m[39m
   [33m[2mÔťô[22m[39m limiter true-peak detector[2m > [22mlatency stays exactly lookahead and mix = 0 is unity [33m1702[2mms[22m[39m
   [33m[2mÔťô[22m[39m limiter true-peak detector[2m > [22mextremes soak: finite, bounded, no NaN [33m8883[2mms[22m[39m
   [33m[2mÔťô[22m[39m cubic delay reads[2m > [22mcomb lands repeats at delayMs incl. fractional delays and decays [33m2260[2mms[22m[39m
   [33m[2mÔťô[22m[39m cubic delay reads[2m > [22mflanger modulates (output differs from input) and mix = 0 is unity [33m1783[2mms[22m[39m
   [33m[2mÔťô[22m[39m cubic delay reads[2m > [22mducking-delay echoes at delayMs, decays, mix = 0 is unity [33m3278[2mms[22m[39m
stderr | tests/snapshot-repository.test.ts > SnapshotRepository ÔÇö D.4 secondary index > skips one unreadable record instead of failing the whole history listing
[snapshots] skipping unreadable snapshot projA:muarpiubxk58: Error: transient row read failure
    at SnapshotRepository.<anonymous> (D:\pulse-forge\tests\snapshot-repository.test.ts:212:34)
    at SnapshotRepository.mockCall (file:///D:/pulse-forge/node_modules/@vitest/spy/dist/index.js:61:17)
    at SnapshotRepository.get (file:///D:/pulse-forge/node_modules/tinyspy/dist/index.js:45:80)
    at SnapshotRepository.loadManyByIds (D:\pulse-forge\src\persistence\SnapshotRepository.ts:250:33)
    at SnapshotRepository.list (D:\pulse-forge\src\persistence\SnapshotRepository.ts:134:19)
    at D:\pulse-forge\tests\snapshot-repository.test.ts:216:20
    at file:///D:/pulse-forge/node_modules/@vitest/runner/dist/index.js:533:5
    at runTest (file:///D:/pulse-forge/node_modules/@vitest/runner/dist/index.js:1056:11)
    at runSuite (file:///D:/pulse-forge/node_modules/@vitest/runner/dist/index.js:1205:15)
    at runSuite (file:///D:/pulse-forge/node_modules/@vitest/runner/dist/index.js:1205:15)

stderr | tests/snapshot-repository.test.ts > SnapshotRepository ÔÇö D.4 secondary index > rebuilds around a poisoned indexed row after a reload
[snapshots] skipping unreadable indexed snapshot projA:muarpiuxzzzr: Error: poisoned snapshot
    at SnapshotRepository.<anonymous> (D:\pulse-forge\tests\snapshot-repository.test.ts:227:34)
    at SnapshotRepository.mockCall (file:///D:/pulse-forge/node_modules/@vitest/spy/dist/index.js:61:17)
    at SnapshotRepository.get (file:///D:/pulse-forge/node_modules/tinyspy/dist/index.js:45:80)
    at SnapshotRepository.rebuildIndex (D:\pulse-forge\src\persistence\SnapshotRepository.ts:304:33)
    at SnapshotRepository.list (D:\pulse-forge\src\persistence\SnapshotRepository.ts:126:5)
    at D:\pulse-forge\tests\snapshot-repository.test.ts:231:20
    at file:///D:/pulse-forge/node_modules/@vitest/runner/dist/index.js:533:5
    at runTest (file:///D:/pulse-forge/node_modules/@vitest/runner/dist/index.js:1056:11)
    at runSuite (file:///D:/pulse-forge/node_modules/@vitest/runner/dist/index.js:1205:15)
    at runSuite (file:///D:/pulse-forge/node_modules/@vitest/runner/dist/index.js:1205:15)
[snapshots] skipping unreadable indexed snapshot projA:muarpiuxzzzr: Error: poisoned snapshot
    at SnapshotRepository.<anonymous> (D:\pulse-forge\tests\snapshot-repository.test.ts:227:34)
    at SnapshotRepository.mockCall (file:///D:/pulse-forge/node_modules/@vitest/spy/dist/index.js:61:17)
    at SnapshotRepository.get (file:///D:/pulse-forge/node_modules/tinyspy/dist/index.js:45:80)
    at SnapshotRepository.rebuildIndex (D:\pulse-forge\src\persistence\SnapshotRepository.ts:304:33)
    at SnapshotRepository.list (D:\pulse-forge\src\persistence\SnapshotRepository.ts:126:5)
    at D:\pulse-forge\tests\snapshot-repository.test.ts:231:20
    at file:///D:/pulse-forge/node_modules/@vitest/runner/dist/index.js:533:5
    at runTest (file:///D:/pulse-forge/node_modules/@vitest/runner/dist/index.js:1056:11)
    at runSuite (file:///D:/pulse-forge/node_modules/@vitest/runner/dist/index.js:1205:15)
    at runSuite (file:///D:/pulse-forge/node_modules/@vitest/runner/dist/index.js:1205:15)

 [32mÔťô[39m tests/snapshot-repository.test.ts [2m([22m[2m10 tests[22m[2m | [22m[33m1 skipped[39m[2m)[22m[33m 329[2mms[22m[39m
 [32mÔťô[39m tests/vocoder.test.ts [2m([22m[2m10 tests[22m[2m)[22m[33m 4007[2mms[22m[39m
   [33m[2mÔťô[22m[39m Vocoder processor[2m > [22mpasses only the carrier bands the modulator excites [33m563[2mms[22m[39m
   [33m[2mÔťô[22m[39m Vocoder processor[2m > [22mFORMANT shift moves the modulator's band onto a different carrier band [33m635[2mms[22m[39m
   [33m[2mÔťô[22m[39m Vocoder processor[2m > [22mFORMANT shift changes which carrier band the modulator excites [33m598[2mms[22m[39m
   [33m[2mÔťô[22m[39m Vocoder processor[2m > [22mband count changes the spectral resolution (8 vs 16 are audibly different) [33m482[2mms[22m[39m
   [33m[2mÔťô[22m[39m Vocoder processor[2m > [22mis deterministic (no RNG) and stays finite under extremes [33m963[2mms[22m[39m
 [32mÔťô[39m tests/ozvena-hardening2.test.ts [2m([22m[2m8 tests[22m[2m)[22m[33m 5802[2mms[22m[39m
   [33m[2mÔťô[22m[39m ozvena-core hardening #2 ÔÇö reflections tap crossfade[2m > [22ma 250Ôćĺ40Ôćĺ250 ms time sweep does not kill reflection taps [33m828[2mms[22m[39m
   [33m[2mÔťô[22m[39m ozvena-core hardening #2 ÔÇö NaN-safe clamp + engine heal[2m > [22ma NaN attack parameter cannot permanently silence the hall/plate engines [33m1725[2mms[22m[39m
   [33m[2mÔťô[22m[39m ozvena-core hardening #2 ÔÇö preDelay NaN ms[2m > [22mNaN ms degrades to 0 and the delay line stays finite [33m352[2mms[22m[39m
   [33m[2mÔťô[22m[39m ozvena-core hardening #2 ÔÇö processor output poison guard[2m > [22mthe final output stage never emits non-finite samples [33m2569[2mms[22m[39m
 [32mÔťô[39m tests/audio-clip-window.test.ts [2m([22m[2m21 tests[22m[2m)[22m[90m 99[2mms[22m[39m
 [32mÔťô[39m tests/fxeq-crossover-quality.test.ts [2m([22m[2m12 tests[22m[2m)[22m[33m 5265[2mms[22m[39m
   [33m[2mÔťô[22m[39m crossover order parameter[2m > [22mreconstructs a 2-band LR2 split at unit magnitude [33m452[2mms[22m[39m
   [33m[2mÔťô[22m[39m crossover order parameter[2m > [22mreconstructs a 2-band LR4 split at unit magnitude [33m511[2mms[22m[39m
   [33m[2mÔťô[22m[39m crossover order parameter[2m > [22mreconstructs a 2-band LR8 split at unit magnitude [33m407[2mms[22m[39m
   [33m[2mÔťô[22m[39m crossover order parameter[2m > [22mLR8 rejects out-of-band energy harder than LR4 [33m1245[2mms[22m[39m
   [33m[2mÔťô[22m[39m crossover order parameter[2m > [22mswitching order mid-stream stays finite (state recreation is safe) [33m1038[2mms[22m[39m
   [33m[2mÔťô[22m[39m allpass phase-EQ toggle + eco auto-off[2m > [22mthe toggle changes the render (phase paths differ) while staying bounded [33m469[2mms[22m[39m
   [33m[2mÔťô[22m[39m allpass phase-EQ toggle + eco auto-off[2m > [22man eco band disables equalization exactly like the explicit toggle [33m551[2mms[22m[39m
 [32mÔťô[39m tests/midi-file.test.ts [2m([22m[2m11 tests[22m[2m)[22m[33m 1506[2mms[22m[39m
   [33m[2mÔťô[22m[39m SMF writer ÔÇö dense track robustness (import/export audit)[2m > [22mexports a very dense track without hitting the engine's spread-argument limit [33m1379[2mms[22m[39m
 [32mÔťô[39m tests/ultina-contract-params.test.ts [2m([22m[2m8 tests[22m[2m)[22m[33m 2134[2mms[22m[39m
   [33m[2mÔťô[22m[39m ultina contract params ÔÇö eq.channelMode transient/sustain[2m > [22ma fresh burst reaches the EQ in transient mode but bypasses it in sustain mode [33m834[2mms[22m[39m
 [32mÔťô[39m tests/ui/controls.test.tsx [2m([22m[2m20 tests[22m[2m)[22m[33m 6463[2mms[22m[39m
   [33m[2mÔťô[22m[39m Slider[2m > [22mrenders label and value [33m349[2mms[22m[39m
   [33m[2mÔťô[22m[39m Slider[2m > [22mhas correct aria attributes [33m1285[2mms[22m[39m
   [33m[2mÔťô[22m[39m Slider[2m > [22mcalls onCommit with default on double-click [33m1069[2mms[22m[39m
   [33m[2mÔťô[22m[39m DragNumber[2m > [22mcalls onCommit with default on double-click [33m361[2mms[22m[39m
   [33m[2mÔťô[22m[39m DragNumber[2m > [22mincrements on ArrowUp [33m330[2mms[22m[39m
   [33m[2mÔťô[22m[39m DragNumber[2m > [22mdecrements on ArrowDown [33m375[2mms[22m[39m
   [33m[2mÔťô[22m[39m DragNumber[2m > [22mclamps to min/max [33m319[2mms[22m[39m
   [33m[2mÔťô[22m[39m DragNumber[2m > [22mallows precise typed entry, including decimal comma, and clamps it [33m960[2mms[22m[39m
   [33m[2mÔťô[22m[39m DragNumber[2m > [22mcancels typed entry with Escape without committing [33m653[2mms[22m[39m
 [31mÔŁ»[39m tests/stress.test.ts [2m([22m[2m9 tests[22m[2m | [22m[31m1 failed[39m[2m)[22m[33m 4431[2mms[22m[39m
[31m   [31m├Ś[31m Stress tests ÔÇö large projects[2m > [22mnormalizes a large project without error[90m 229[2mms[22m[31m[39m
[31m     Ôćĺ expected 151.53250000000116 to be less than 100[39m
   [33m[2mÔťô[22m[39m Stress tests ÔÇö large projects[2m > [22mhandles 256 undo steps without crash [33m2480[2mms[22m[39m
   [33m[2mÔťô[22m[39m Stress tests ÔÇö large projects[2m > [22mhandles rapid undo/redo without crash [33m909[2mms[22m[39m
 [32mÔťô[39m tests/wavetable.test.ts [2m([22m[2m15 tests[22m[2m | [22m[33m4 skipped[39m[2m)[22m[33m 6314[2mms[22m[39m
   [33m[2mÔťô[22m[39m period detection[2m > [22mfinds the fundamental of a sine, not a multiple [33m3630[2mms[22m[39m
   [33m[2mÔťô[22m[39m period detection[2m > [22mreturns null for white noise below the confidence threshold [33m2103[2mms[22m[39m
 [32mÔťô[39m tests/registry-hardening.test.ts [2m([22m[2m10 tests[22m[2m)[22m[33m 492[2mms[22m[39m
 [32mÔťô[39m tests/macro-targets.test.ts [2m([22m[2m9 tests[22m[2m | [22m[33m6 skipped[39m[2m)[22m[90m 191[2mms[22m[39m
stderr | tests/audio-worklets.test.ts > AudioWorklet loader > never rejects and keeps fallback on addModule failure
[audio-worklets] module load failed, using fallback implementations: Error: 404 module not found
    at Object.addModule (D:\pulse-forge\tests\audio-worklets.test.ts:104:13)
    at Module.loadCoreWorklets (D:\pulse-forge\src\audio-worklets\loader.ts:107:22)
    at D:\pulse-forge\tests\audio-worklets.test.ts:106:18
    at file:///D:/pulse-forge/node_modules/@vitest/runner/dist/index.js:146:14
    at file:///D:/pulse-forge/node_modules/@vitest/runner/dist/index.js:533:11
    at runWithTimeout (file:///D:/pulse-forge/node_modules/@vitest/runner/dist/index.js:39:7)
    at runTest (file:///D:/pulse-forge/node_modules/@vitest/runner/dist/index.js:1056:17)
    at processTicksAndRejections (node:internal/process/task_queues:105:5)
    at runSuite (file:///D:/pulse-forge/node_modules/@vitest/runner/dist/index.js:1205:15)
    at runSuite (file:///D:/pulse-forge/node_modules/@vitest/runner/dist/index.js:1205:15)

 [31mÔŁ»[39m tests/audio-worklets.test.ts [2m([22m[2m16 tests[22m[2m | [22m[31m1 failed[39m[2m)[22m[90m 103[2mms[22m[39m
[31m   [31m├Ś[31m AudioWorklet loader[2m > [22mloadAllWorklets still fetches every module (browser check suite)[90m 8[2mms[22m[31m[39m
[31m     Ôćĺ expected "spy" to be called 5 times, but got 6 times[39m
 [31mÔŁ»[39m tests/persistence/RecordingRecoveryRepository.test.ts [2m([22m[2m8 tests[22m[2m | [22m[31m2 failed[39m[2m)[22m[90m 262[2mms[22m[39m
[31m   [31m├Ś[31m RecordingRecoveryRepository[2m > [22mpruneAncient deletes only staging older than the age cap[90m 19[2mms[22m[31m[39m
[31m     Ôćĺ expected +0 to be 1 // Object.is equality[39m
[31m   [31m├Ś[31m RecordingRecoveryRepository[2m > [22mpruneAncient treats a stale status=recording row as garbage (live takes refresh updatedAt)[90m 3[2mms[22m[31m[39m
[31m     Ôćĺ expected +0 to be 1 // Object.is equality[39m
 [32mÔťô[39m tests/reverse-swell.test.ts [2m([22m[2m6 tests[22m[2m)[22m[33m 1086[2mms[22m[39m
   [33m[2mÔťô[22m[39m ReverseSwell processor[2m > [22mswell length follows `time` (shorter time finishes sooner) [33m403[2mms[22m[39m
 [32mÔťô[39m tests/vinyl-suite.test.ts [2m([22m[2m9 tests[22m[2m)[22m[33m 2216[2mms[22m[39m
   [33m[2mÔťô[22m[39m Vinyl Suite processor[2m > [22mAGE macro scales the noise floor (amount 1 >> amount 0) [33m415[2mms[22m[39m
   [33m[2mÔťô[22m[39m Vinyl Suite processor[2m > [22meach module is independently controllable (crackle / hiss / rumble) [33m597[2mms[22m[39m
   [33m[2mÔťô[22m[39m Vinyl Suite processor[2m > [22mis deterministic for the same seed and differs across seeds [33m470[2mms[22m[39m
 [32mÔťô[39m tests/collab.test.ts [2m([22m[2m17 tests[22m[2m)[22m[33m 1113[2mms[22m[39m
 [32mÔťô[39m tests/metering.test.ts [2m([22m[2m25 tests[22m[2m)[22m[90m 115[2mms[22m[39m
 [32mÔťô[39m tests/spectrogram.test.ts [2m([22m[2m17 tests[22m[2m)[22m[33m 570[2mms[22m[39m
 [32mÔťô[39m tests/ultina-ab-persistence.test.ts [2m([22m[2m12 tests[22m[2m)[22m[33m 630[2mms[22m[39m
   [33m[2mÔťô[22m[39m ultina A/B persistence ÔÇö schema[2m > [22mkeeps a legal device state through normalizeProject [33m316[2mms[22m[39m
 [32mÔťô[39m tests/project-invariants.test.ts [2m([22m[2m15 tests[22m[2m)[22m[33m 309[2mms[22m[39m
 [32mÔťô[39m tests/ui/touch-reachability.test.tsx [2m([22m[2m10 tests[22m[2m)[22m[33m 5304[2mms[22m[39m
   [33m[2mÔťô[22m[39m Mixer touch reachability[2m > [22mexposes return creation as a clickable button per channel [33m3112[2mms[22m[39m
   [33m[2mÔťô[22m[39m built-in value menu (no host onMenu)[2m > [22mSlider: right-click opens Reset/Type and Reset commits the default [33m388[2mms[22m[39m
   [33m[2mÔťô[22m[39m built-in value menu (no host onMenu)[2m > [22mSlider: long-press opens the built-in menu and Type value applies the typed number [33m1003[2mms[22m[39m
 [32mÔťô[39m tests/midi/MidiInput.test.ts [2m([22m[2m15 tests[22m[2m)[22m[90m 131[2mms[22m[39m
 [32mÔťô[39m tests/pack-groove.test.ts [2m([22m[2m11 tests[22m[2m)[22m[90m 255[2mms[22m[39m
 [32mÔťô[39m tests/freq-shifter.test.ts [2m([22m[2m10 tests[22m[2m)[22m[33m 2859[2mms[22m[39m
   [33m[2mÔťô[22m[39m FreqShift processor[2m > [22mis deterministic and stays finite under extremes [33m1715[2mms[22m[39m
 [32mÔťô[39m tests/morph-dynamics-worklet-entry.test.ts [2m([22m[2m9 tests[22m[2m)[22m[33m 2680[2mms[22m[39m
   [33m[2mÔťô[22m[39m Morph Dynamics worklet and analysis[2m > [22minitializes finite DSP at the host sample rate (44100 Hz) [33m727[2mms[22m[39m
   [33m[2mÔťô[22m[39m Morph Dynamics worklet and analysis[2m > [22minitializes finite DSP at the host sample rate (48000 Hz) [33m392[2mms[22m[39m
   [33m[2mÔťô[22m[39m Morph Dynamics worklet and analysis[2m > [22mkeeps control analysis live while skipping closed-panel meter work [33m421[2mms[22m[39m
   [33m[2mÔťô[22m[39m Morph Dynamics worklet and analysis[2m > [22manalyzes body and texture equally when audio is isolated to either channel [33m444[2mms[22m[39m
 [32mÔťô[39m tests/fxeq-env-routing.test.ts [2m([22m[2m8 tests[22m[2m)[22m[33m 29795[2mms[22m[39m
   [33m[2mÔťô[22m[39m fxeq envelope routing (roadmap Q6)[2m > [22mdefault (target 0) renders bit-identically to a processor without env params [33m524[2mms[22m[39m
   [33m[2mÔťô[22m[39m fxeq envelope routing (roadmap Q6)[2m > [22mlouder input pushes the routed sat drive up (positive depth) [33m392[2mms[22m[39m
   [33m[2mÔťô[22m[39m fxeq envelope routing (roadmap Q6)[2m > [22mdepth back to 0 restores the base ÔÇö output converges back to the reference [33m15144[2mms[22m[39m
   [33m[2mÔťô[22m[39m fxeq envelope routing (roadmap Q6)[2m > [22mnegative depth inverts the direction (louder input Ôćĺ LESS sat drive) [33m491[2mms[22m[39m
   [33m[2mÔťô[22m[39m fxeq envelope routing (roadmap Q6)[2m > [22mevery target at full depth stays deterministic, finite and bounded [33m12764[2mms[22m[39m
[90mstdout[2m | tests/wtvoice.test.ts[2m > [22m[2mwtvoice worklet engine[2m > [22m[2mrenders a bounded, deterministic, sample-accurate voice
[22m[39mDBG run: {} notes: [33m1[39m nowAfter: 0.000
DBG run: {} notes: [33m1[39m nowAfter: 0.000

[90mstdout[2m | tests/wtvoice.test.ts[2m > [22m[2mwtvoice worklet engine[2m > [22m[2mreleases and dies after noteOff
[22m[39mDBG run: {} notes: [33m1[39m nowAfter: 0.000
DBG peak whole: 0.2328 peak 0-0.3s: 0.2328

[90mstdout[2m | tests/wtvoice.test.ts[2m > [22m[2mwtvoice worklet engine[2m > [22m[2mmod matrix: LFO -> cutoff actually modulates the filter
[22m[39mDBG run: {"cutoff":1500,"resonance":0.6,"modASrc":1,"modADst":1,"modAAmt":0} notes: [33m1[39m nowAfter: 0.000
DBG run: {"cutoff":1500,"resonance":0.6,"modASrc":1,"modADst":1,"modAAmt":1} notes: [33m1[39m nowAfter: 0.000

[90mstdout[2m | tests/wtvoice.test.ts[2m > [22m[2mwtvoice worklet engine[2m > [22m[2mmod matrix: env -> morph sweeps the timbre over the note
[22m[39mDBG run: {"morph":0.5,"modASrc":0,"modADst":0,"modAAmt":0} notes: [33m1[39m nowAfter: 0.000
DBG run: {"morph":0.5,"modASrc":0,"modADst":0,"modAAmt":1} notes: [33m1[39m nowAfter: 0.000

[90mstdout[2m | tests/wtvoice.test.ts[2m > [22m[2mwtvoice worklet engine[2m > [22m[2mper-voice isolation: pressure on one note leaves the other untouched
[22m[39mDBG run: {"cutoff":800,"modASrc":3,"modADst":1,"modAAmt":1} notes: [33m2[39m nowAfter: 0.000
DBG run: {"cutoff":800,"modASrc":3,"modADst":1,"modAAmt":1} notes: [33m2[39m nowAfter: 0.000

[90mstdout[2m | tests/wtvoice.test.ts[2m > [22m[2mwtvoice worklet engine[2m > [22m[2mscan engine: position truly traverses the table
[22m[39mDBG run: {"morph":0,"scanRate":0.8} notes: [33m1[39m nowAfter: 0.000

 [32mÔťô[39m tests/wtvoice.test.ts [2m([22m[2m7 tests[22m[2m)[22m[33m 3189[2mms[22m[39m
   [33m[2mÔťô[22m[39m wtvoice worklet engine[2m > [22mrenders a bounded, deterministic, sample-accurate voice [33m770[2mms[22m[39m
   [33m[2mÔťô[22m[39m wtvoice worklet engine[2m > [22mreleases and dies after noteOff [33m565[2mms[22m[39m
   [33m[2mÔťô[22m[39m wtvoice worklet engine[2m > [22mmod matrix: LFO -> cutoff actually modulates the filter [33m545[2mms[22m[39m
   [33m[2mÔťô[22m[39m wtvoice worklet engine[2m > [22mper-voice isolation: pressure on one note leaves the other untouched [33m615[2mms[22m[39m
   [33m[2mÔťô[22m[39m wtvoice worklet engine[2m > [22mscan engine: position truly traverses the table [33m470[2mms[22m[39m
 [32mÔťô[39m tests/ui/Sequencer.test.tsx [2m([22m[2m13 tests[22m[2m)[22m[33m 23022[2mms[22m[39m
   [33m[2mÔťô[22m[39m Sequencer[2m > [22mrenders step ruler [33m2769[2mms[22m[39m
   [33m[2mÔťô[22m[39m Sequencer[2m > [22mrenders step numbers in ruler [33m1726[2mms[22m[39m
   [33m[2mÔťô[22m[39m Sequencer[2m > [22mrenders dots for non-beat steps [33m870[2mms[22m[39m
   [33m[2mÔťô[22m[39m Sequencer[2m > [22mrenders track header rows [33m866[2mms[22m[39m
   [33m[2mÔťô[22m[39m Sequencer[2m > [22mhas step sequencer aria label [33m680[2mms[22m[39m
   [33m[2mÔťô[22m[39m Sequencer[2m > [22mtoggles Beat Focus without changing the pattern editor state [33m11164[2mms[22m[39m
   [33m[2mÔťô[22m[39m Sequencer[2m > [22mkeeps Space free for transport: a focused step ignores it, Enter still toggles [33m625[2mms[22m[39m
   [33m[2mÔťô[22m[39m step amount drag (window-level listeners)[2m > [22mcommits the dragged amount on pointerup [33m776[2mms[22m[39m
   [33m[2mÔťô[22m[39m step amount drag (window-level listeners)[2m > [22maborts on pointercancel without committing, even on a stale pointerup [33m920[2mms[22m[39m
   [33m[2mÔťô[22m[39m step drag-paint and hover audition[2m > [22mdrag-paints a horizontal stroke across empty cells as one command [33m862[2mms[22m[39m
   [33m[2mÔťô[22m[39m step drag-paint and hover audition[2m > [22mdrag-paints an erase stroke across placed steps [33m554[2mms[22m[39m
   [33m[2mÔťô[22m[39m step drag-paint and hover audition[2m > [22mkeeps vertical drags on velocity editing instead of painting [33m720[2mms[22m[39m
   [33m[2mÔťô[22m[39m step drag-paint and hover audition[2m > [22mauditions placed steps on hover, gated while sweeping [33m484[2mms[22m[39m
 [32mÔťô[39m tests/undo-redo-integrity.test.ts [2m([22m[2m6 tests[22m[2m)[22m[33m 336[2mms[22m[39m
 [32mÔťô[39m tests/tape-oversampling.test.ts [2m([22m[2m8 tests[22m[2m)[22m[33m 14840[2mms[22m[39m
   [33m[2mÔťô[22m[39m tape-processor latency + unity[2m > [22mmix = 0 passes dry with exactly 8 samples of latency [33m1141[2mms[22m[39m
   [33m[2mÔťô[22m[39m tape-processor latency + unity[2m > [22mmix = 0 is unity for a sine past the settle region [33m568[2mms[22m[39m
   [33m[2mÔťô[22m[39m tape-processor aliasing proof[2m > [22mfolded harmonics drop Ôëą20 dB vs the naive loop, fundamental holds ┬▒1 dB [33m957[2mms[22m[39m
   [33m[2mÔťô[22m[39m tape-processor character[2m > [22mhysteresis memory colors repeats (hyst > 0 Ôëá hyst = 0) [33m954[2mms[22m[39m
   [33m[2mÔťô[22m[39m tape-processor character[2m > [22mtone LP darkens the top octave [33m993[2mms[22m[39m
   [33m[2mÔťô[22m[39m tape-processor character[2m > [22moutput gain scales the wet signal [33m923[2mms[22m[39m
   [33m[2mÔťô[22m[39m tape-processor character[2m > [22mextremes soak: finite, bounded, no NaN [33m9098[2mms[22m[39m
 [32mÔťô[39m tests/ultina-extremes.test.ts [2m([22m[2m36 tests[22m[2m)[22m[33m 15171[2mms[22m[39m
   [33m[2mÔťô[22m[39m Ultina numeric stress ÔÇö parameter extremes[2m > [22meq survives all-min [33m543[2mms[22m[39m
   [33m[2mÔťô[22m[39m Ultina numeric stress ÔÇö parameter extremes[2m > [22meq survives all-max [33m375[2mms[22m[39m
   [33m[2mÔťô[22m[39m Ultina numeric stress ÔÇö parameter extremes[2m > [22mcomp survives all-min [33m428[2mms[22m[39m
   [33m[2mÔťô[22m[39m Ultina numeric stress ÔÇö parameter extremes[2m > [22mcomp survives all-max [33m710[2mms[22m[39m
   [33m[2mÔťô[22m[39m Ultina numeric stress ÔÇö parameter extremes[2m > [22mgate survives all-max [33m425[2mms[22m[39m
   [33m[2mÔťô[22m[39m Ultina numeric stress ÔÇö parameter extremes[2m > [22mexciter survives all-min [33m410[2mms[22m[39m
   [33m[2mÔťô[22m[39m Ultina numeric stress ÔÇö parameter extremes[2m > [22mexciter survives all-max [33m2369[2mms[22m[39m
   [33m[2mÔťô[22m[39m Ultina numeric stress ÔÇö parameter extremes[2m > [22mexciter survives alternating extremes [33m1359[2mms[22m[39m
   [33m[2mÔťô[22m[39m Ultina numeric stress ÔÇö parameter extremes[2m > [22mclipper survives all-max [33m898[2mms[22m[39m
   [33m[2mÔťô[22m[39m Ultina numeric stress ÔÇö parameter extremes[2m > [22mdensity survives alternating extremes [33m382[2mms[22m[39m
   [33m[2mÔťô[22m[39m Ultina numeric stress ÔÇö parameter extremes[2m > [22mphase survives all-max [33m378[2mms[22m[39m
   [33m[2mÔťô[22m[39m Ultina numeric stress ÔÇö parameter extremes[2m > [22mphase survives alternating extremes [33m302[2mms[22m[39m
   [33m[2mÔťô[22m[39m Ultina numeric stress ÔÇö poisoned audio[2m > [22mNaN/Inf samples are sanitized and state re-converges after the poison block [33m2011[2mms[22m[39m
   [33m[2mÔťô[22m[39m Ultina numeric stress ÔÇö parameter queue[2m > [22ma 5000-update knob storm (ring wrap) still lets the FINAL values reach the audio path [33m635[2mms[22m[39m
 [32mÔťô[39m tests/ozvena-hardening.test.ts [2m([22m[2m34 tests[22m[2m)[22m[33m 233309[2mms[22m[39m
   [33m[2mÔťô[22m[39m Ozvena hardening ÔÇö parameter boundary validation (message port)[2m > [22ma NaN numeric param is dropped and the previous value survives [33m2261[2mms[22m[39m
   [33m[2mÔťô[22m[39m Ozvena hardening ÔÇö parameter boundary validation (message port)[2m > [22mregression: a NaN enum index no longer throws inside the audio path [33m1485[2mms[22m[39m
   [33m[2mÔťô[22m[39m Ozvena hardening ÔÇö parameter boundary validation (message port)[2m > [22mparamAt with a NaN value is dropped; valid paramAt events still land [33m2794[2mms[22m[39m
   [33m[2mÔťô[22m[39m Ozvena hardening ÔÇö parameter boundary validation (message port)[2m > [22mNaN initial params via processorOptions are dropped too [33m1593[2mms[22m[39m
   [33m[2mÔťô[22m[39m Ozvena hardening ÔÇö global gain clamping (documented ranges)[2m > [22mextreme global.outputGainDb=1000000000 stays finite and audible (clamped, not muted) [33m2131[2mms[22m[39m
   [33m[2mÔťô[22m[39m Ozvena hardening ÔÇö global gain clamping (documented ranges)[2m > [22mextreme global.levelDb=1000000000 stays finite and audible (clamped, not muted) [33m2046[2mms[22m[39m
   [33m[2mÔťô[22m[39m Ozvena hardening ÔÇö global gain clamping (documented ranges)[2m > [22mextreme global.inputGainDb=1000000000 stays finite and audible (clamped, not muted) [33m1965[2mms[22m[39m
   [33m[2mÔťô[22m[39m Ozvena hardening ÔÇö shimmer feedback stability (FDN loop guard)[2m > [22mE2 at max shimmer + longest decay decays instead of running away [33m19511[2mms[22m[39m
   [33m[2mÔťô[22m[39m Ozvena hardening ÔÇö shimmer feedback stability (FDN loop guard)[2m > [22mE3 at max shimmer + 24 s decay decays instead of running away [33m24679[2mms[22m[39m
   [33m[2mÔťô[22m[39m Ozvena hardening ÔÇö shimmer feedback stability (FDN loop guard)[2m > [22mboth engines at max shimmer stay finite with a decaying tail [33m39346[2mms[22m[39m
   [33m[2mÔťô[22m[39m Ozvena hardening ÔÇö shimmer feedback stability (FDN loop guard)[2m > [22mthe guard is a no-op inside the stable region (sonic preservation) [33m13139[2mms[22m[39m
   [33m[2mÔťô[22m[39m Ozvena hardening ÔÇö shimmer feedback stability (FDN loop guard)[2m > [22mzero shimmer is untouched: default-state tail energy band [33m13460[2mms[22m[39m
   [33m[2mÔťô[22m[39m Ozvena hardening ÔÇö sample-rate robustness[2m > [22mat 88200 Hz the output stays finite, the tail lands, and latency scales [33m12402[2mms[22m[39m
   [33m[2mÔťô[22m[39m Ozvena hardening ÔÇö sample-rate robustness[2m > [22mat 96000 Hz the output stays finite, the tail lands, and latency scales [33m13430[2mms[22m[39m
   [33m[2mÔťô[22m[39m Ozvena hardening ÔÇö quality switches are scalar-only on the audio thread[2m > [22mcycling all four quality tiers updates the reported latency and stays finite [33m10579[2mms[22m[39m
   [33m[2mÔťô[22m[39m Ozvena hardening ÔÇö quality switches are scalar-only on the audio thread[2m > [22mrapid quality flicker while rendering keeps the output finite and bounded [33m6709[2mms[22m[39m
   [33m[2mÔťô[22m[39m Ozvena hardening ÔÇö quality switches are scalar-only on the audio thread[2m > [22mswitching quality mid-tail does not click via an envelope reset (gain carried) [33m2566[2mms[22m[39m
   [33m[2mÔťô[22m[39m Ozvena hardening ÔÇö quality switches are scalar-only on the audio thread[2m > [22mregression: reactivating an oversample set does not replay its stale lookahead audio [33m1751[2mms[22m[39m
   [33m[2mÔťô[22m[39m Ozvena hardening ÔÇö user IR wiring (roadmap O7)[2m > [22mloadIr message arms the convolver; clearIr disarms it; latency re-posts [33m546[2mms[22m[39m
   [33m[2mÔťô[22m[39m Ozvena hardening ÔÇö reset() restores a freshly-prepared processor[2m > [22mregression: an engaged auto-duck is released by reset() [33m9055[2mms[22m[39m
   [33m[2mÔťô[22m[39m Ozvena hardening ÔÇö reset() restores a freshly-prepared processor[2m > [22mregression: a lingering transient-shaper reduction is cleared by reset() [33m1283[2mms[22m[39m
   [33m[2mÔťô[22m[39m Ozvena hardening ÔÇö freeze loop-gain safety (2026-09-19 audit)[2m > [22mE2 freeze with bassDecay 2 holds instead of pinning the limiter [33m17430[2mms[22m[39m
   [33m[2mÔťô[22m[39m Ozvena hardening ÔÇö freeze loop-gain safety (2026-09-19 audit)[2m > [22mE3 freeze with bassDecay 4 holds [33m21423[2mms[22m[39m
   [33m[2mÔťô[22m[39m Ozvena hardening ÔÇö E1 tap crossfade clock (2026-09-19 audit)[2m > [22mthe fade finishes by 20 ms: 64- and 128-frame renders are identical after it [33m2934[2mms[22m[39m
   [33m[2mÔťô[22m[39m Ozvena hardening ÔÇö E1 tap crossfade clock (2026-09-19 audit)[2m > [22mrenders finite for both block sizes [33m3151[2mms[22m[39m
 [32mÔťô[39m tests/collab-validation.test.ts [2m([22m[2m13 tests[22m[2m)[22m[33m 1081[2mms[22m[39m
   [33m[2mÔťô[22m[39m YDocStore collaboration[2m > [22mundo/redo works independently [33m502[2mms[22m[39m
 [32mÔťô[39m tests/groupTracks.test.ts [2m([22m[2m16 tests[22m[2m)[22m[90m 74[2mms[22m[39m
 [32mÔťô[39m tests/granular.test.ts [2m([22m[2m11 tests[22m[2m | [22m[33m10 skipped[39m[2m)[22m[90m 64[2mms[22m[39m
 [32mÔťô[39m tests/fx-node-dispose.test.ts [2m([22m[2m7 tests[22m[2m)[22m[33m 20895[2mms[22m[39m
   [33m[2mÔťô[22m[39m ozvena node ships PRECOMPUTED IR spectra (no time-domain payloads)[2m > [22mirNeeded reply carries quad spectra sets for a true-stereo factory IR [33m839[2mms[22m[39m
   [33m[2mÔťô[22m[39m ozvena node ships PRECOMPUTED IR spectra (no time-domain payloads)[2m > [22mfactory re-delivery reuses main-thread spectra but mints fresh mutable rings [33m19780[2mms[22m[39m
 [32mÔťô[39m tests/intent-production.test.ts [2m([22m[2m16 tests[22m[2m)[22m[90m 204[2mms[22m[39m
 [32mÔťô[39m tests/ultina-parity.test.ts [2m([22m[2m4 tests[22m[2m)[22m[33m 17348[2mms[22m[39m
   [33m[2mÔťô[22m[39m Ultina render parity[2m > [22mworklet entry output is bit-identical to the raw processor [33m5694[2mms[22m[39m
   [33m[2mÔťô[22m[39m Ultina render parity[2m > [22m512-sample host blocks render identically to 128-sample blocks [33m3218[2mms[22m[39m
   [33m[2mÔťô[22m[39m Ultina render parity[2m > [22mentry driven with a 256-sample quantum renders identically to 128 [33m2910[2mms[22m[39m
   [33m[2mÔťô[22m[39m Ultina render parity[2m > [22mtrueEnvelope boundary artifact is fixed to an inaudible residual (regression) [33m5481[2mms[22m[39m
 [32mÔťô[39m tests/multi-tap-delay.test.ts [2m([22m[2m9 tests[22m[2m | [22m[33m2 skipped[39m[2m)[22m[90m 46[2mms[22m[39m
 [32mÔťô[39m tests/send-pdc.test.ts [2m([22m[2m8 tests[22m[2m)[22m[90m 167[2mms[22m[39m
 [32mÔťô[39m tests/ui/remote-cursors.test.tsx [2m([22m[2m6 tests[22m[2m)[22m[33m 5831[2mms[22m[39m
   [33m[2mÔťô[22m[39m sequencer remote cursors[2m > [22mrenders a colored marker on the cell a remote user points at [33m3535[2mms[22m[39m
   [33m[2mÔťô[22m[39m sequencer remote cursors[2m > [22mpublishes the hovered cell and clears on leaving the sequencer [33m1013[2mms[22m[39m
   [33m[2mÔťô[22m[39m sequencer remote cursors[2m > [22mdoes not publish from touch pointers [33m899[2mms[22m[39m
 [32mÔťô[39m tests/intent-mix-route.test.ts [2m([22m[2m18 tests[22m[2m)[22m[33m 416[2mms[22m[39m
 [32mÔťô[39m tests/presets.test.ts [2m([22m[2m14 tests[22m[2m)[22m[33m 735[2mms[22m[39m
   [33m[2mÔťô[22m[39m factory presets[2m > [22mevery preset's params exist and fall inside the instrument's defined ranges [33m304[2mms[22m[39m
 [32mÔťô[39m tests/ui/KaskadaPanel.test.tsx [2m([22m[2m6 tests[22m[2m)[22m[33m 1631[2mms[22m[39m
   [33m[2mÔťô[22m[39m KaskadaPanel[2m > [22mrenders the legend and canvas, and gates engine metering on mount [33m1059[2mms[22m[39m
   [33m[2mÔťô[22m[39m KaskadaPanel[2m > [22mpaints real meter frames without crashing (draw path + EQ overlay) [33m317[2mms[22m[39m
 [32mÔťô[39m tests/soak-session.test.ts [2m([22m[2m4 tests[22m[2m)[22m[33m 2294[2mms[22m[39m
   [33m[2mÔťô[22m[39m Long-session soak ÔÇö ProjectStore undo/redo cap (A01 invariant)[2m > [22m1000 alternating edit/undo operations keep the undo stack at the 256 cap [33m896[2mms[22m[39m
   [33m[2mÔťô[22m[39m Long-session soak ÔÇö normalizeProject is allocation-clean[2m > [22m200 normalizeProject cycles on the same document never share arrays [33m1312[2mms[22m[39m
 [32mÔťô[39m tests/intent-async-pipeline.test.ts [2m([22m[2m9 tests[22m[2m)[22m[33m 778[2mms[22m[39m
 [32mÔťô[39m tests/fxeq-stale-state.test.ts [2m([22m[2m9 tests[22m[2m)[22m[33m 3608[2mms[22m[39m
   [33m[2mÔťô[22m[39m fxeq stale-audio-state on re-enable (module enabled rising edge)[2m > [22mdelay module does not replay frozen tail on re-enable [33m499[2mms[22m[39m
   [33m[2mÔťô[22m[39m fxeq stale-audio-state on re-enable (module enabled rising edge)[2m > [22mreverb module does not replay frozen tank on re-enable [33m663[2mms[22m[39m
   [33m[2mÔťô[22m[39m fxeq stale-audio-state on re-enable (module enabled rising edge)[2m > [22mlimiter does not replay frozen lookahead ring on re-enable [33m1501[2mms[22m[39m
 [32mÔťô[39m tests/templates.test.ts [2m([22m[2m117 tests[22m[2m)[22m[33m 1295[2mms[22m[39m
 [32mÔťô[39m tests/arrangement-variations.test.ts [2m([22m[2m10 tests[22m[2m)[22m[90m 251[2mms[22m[39m
 [32mÔťô[39m tests/modulators.test.ts [2m([22m[2m16 tests[22m[2m)[22m[33m 306[2mms[22m[39m
 [32mÔťô[39m tests/freeze.test.ts [2m([22m[2m15 tests[22m[2m)[22m[90m 129[2mms[22m[39m
 [32mÔťô[39m tests/intent-text-parser.test.ts [2m([22m[2m18 tests[22m[2m)[22m[90m 80[2mms[22m[39m
 [32mÔťô[39m tests/fxeq-adversarial.test.ts [2m([22m[2m5 tests[22m[2m)[22m[33m 19882[2mms[22m[39m
   [33m[2mÔťô[22m[39m fxeq adversarial sweep[2m > [22msurvives rapid module/band/mute toggle spam under signal with finite output [33m9911[2mms[22m[39m
   [33m[2mÔťô[22m[39m fxeq adversarial sweep[2m > [22mrejects hostile parameter values from every ingestion path and stays finite [33m1134[2mms[22m[39m
   [33m[2mÔťô[22m[39m fxeq adversarial sweep[2m > [22mhandles predelay shrink mid-stream without stale clicks or NaN (reverb cursor clamp) [33m606[2mms[22m[39m
   [33m[2mÔťô[22m[39m fxeq adversarial sweep[2m > [22mtoggle paths stay finite across sample rates (44.1/48/88.2/96 kHz) [33m7258[2mms[22m[39m
   [33m[2mÔťô[22m[39m fxeq adversarial sweep[2m > [22mreset() restores fresh-processor silence behavior after loud processing [33m948[2mms[22m[39m
 [32mÔťô[39m tests/landing-prompt.test.tsx [2m([22m[2m12 tests[22m[2m)[22m[33m 2854[2mms[22m[39m
   [33m[2mÔťô[22m[39m generateLandingBeat[2m > [22mforges a real document: named from the prompt, generated content, share-code round-trip [33m422[2mms[22m[39m
   [33m[2mÔťô[22m[39m LandingPrompt[2m > [22mforge generates, then Open in studio hands the beat off and enters [33m1677[2mms[22m[39m
   [33m[2mÔťô[22m[39m LandingPrompt[2m > [22ma normal prompt resolves with busy-state cleared and no error alert [33m529[2mms[22m[39m
 [32mÔťô[39m tests/ai-correctness.test.ts [2m([22m[2m12 tests[22m[2m)[22m[90m 269[2mms[22m[39m
 [32mÔťô[39m tests/fxeq-morph.test.ts [2m([22m[2m6 tests[22m[2m)[22m[33m 1142[2mms[22m[39m
   [33m[2mÔťô[22m[39m fxeq A/B morph (precompiled routing)[2m > [22minterpolates toward the target and terminates [33m349[2mms[22m[39m
   [33m[2mÔťô[22m[39m fxeq A/B morph (precompiled routing)[2m > [22mleaves a fully-routed end state ÔÇö reset(excitation) matches a fresh reference [33m460[2mms[22m[39m
 [32mÔťô[39m tests/pattern-features.test.ts [2m([22m[2m7 tests[22m[2m)[22m[90m 212[2mms[22m[39m
 [32mÔťô[39m tests/spectralEdit.test.ts [2m([22m[2m13 tests[22m[2m)[22m[33m 2505[2mms[22m[39m
   [33m[2mÔťô[22m[39m applySpectralEdits ÔÇö selectivity[2m > [22mattenuates a tone inside the band and leaves an out-of-band tone alone [33m439[2mms[22m[39m
   [33m[2mÔťô[22m[39m applySpectralEdits ÔÇö selectivity[2m > [22mnever emits NaN or Inf, even with stacked overlapping edits [33m368[2mms[22m[39m
 [32mÔťô[39m tests/fxeq-tempo-sync.test.ts [2m([22m[2m9 tests[22m[2m)[22m[33m 2753[2mms[22m[39m
   [33m[2mÔťô[22m[39m fxeq delay tempo sync[2m > [22mevery sync division lands within the buffer without NaN [33m2285[2mms[22m[39m
stderr | tests/ui/IntentDiceIdentity.test.tsx > IntentPanel ÔÇö canonical path integration > GENERATE builds a candidate bank; USE applies one result ÔÇö exactly one undoable command
Warning: An update to PublishToGalleryButton inside a test was not wrapped in act(...).

When testing, code that causes React state updates should be wrapped into act(...):

act(() => {
  /* fire events that update state */
});
/* assert on the output */

This ensures that you're testing the behavior the user would see in the browser. Learn more at https://reactjs.org/link/wrap-tests-with-act
    at PublishToGalleryButton (D:\pulse-forge\src\gallery\PublishButton.tsx:10:37)
    at div
    at div
    at div
    at IntentPanel (D:\pulse-forge\src\ui\IntentPanel.tsx:55:42)

 [32mÔťô[39m tests/ui/IntentDiceIdentity.test.tsx [2m([22m[2m3 tests[22m[2m)[22m[33m 3156[2mms[22m[39m
   [33m[2mÔťô[22m[39m Dice preview/apply identity[2m > [22mlocked regions survive into the committed pattern and the content hash is truthful [33m320[2mms[22m[39m
   [33m[2mÔťô[22m[39m IntentPanel ÔÇö canonical path integration[2m > [22mGENERATE builds a candidate bank; USE applies one result ÔÇö exactly one undoable command [33m2537[2mms[22m[39m
stderr | tests/ui/UltinaPanel.presets.test.tsx > UltinaPanel ÔÇö user presets > SAVE stores the full params map; it appears under USER and applies on select
Warning: The current testing environment is not configured to support act(...)
Not implemented: HTMLCanvasElement's getContext() method: without installing the canvas npm package

stderr | tests/ui/UltinaPanel.presets.test.tsx > UltinaPanel ÔÇö user presets > SAVE stores the full params map; it appears under USER and applies on select
Not implemented: HTMLCanvasElement's getContext() method: without installing the canvas npm package

stderr | tests/ui/UltinaPanel.presets.test.tsx > UltinaPanel ÔÇö user presets > SAVE stores the full params map; it appears under USER and applies on select
Not implemented: HTMLCanvasElement's getContext() method: without installing the canvas npm package

stderr | tests/ui/UltinaPanel.presets.test.tsx > UltinaPanel ÔÇö user presets > SAVE stores the full params map; it appears under USER and applies on select
Not implemented: HTMLCanvasElement's getContext() method: without installing the canvas npm package

[90mstdout[2m | tests/fxeq-performance-gates.test.ts[2m > [22m[2mfxeq real-time performance gate[2m > [22m[2mkeeps a fully-loaded 6-band instance within the calibrated cost ratio
[22m[39m[fxeq-perf] passthrough=1655┬Ás (p95 2790) fully-loaded=20923┬Ás (p95 41803) ÔÇö ratios 12.6/15.0 (budget 22/25)

[90mstdout[2m | tests/fxeq-performance-gates.test.ts[2m > [22m[2mfxeq real-time performance gate[2m > [22m[2mloads every factory preset (83) within the calibrated budget
[22m[39m[fxeq-perf] worst loadParameters: warmth-allround 1491┬Ás = 0.9├Ś passthrough (budget 35├Ś)

[90mstdout[2m | tests/fxeq-performance-gates.test.ts[2m > [22m[2mfxeq real-time performance gate[2m > [22m[2mkeeps an active full-state morph within the self-calibrated budget
[22m[39m[fxeq-perf] morph: idle=1700┬Ás morphing=2617┬Ás (1.54├Ś, budget 2.4├Ś)

 [32mÔťô[39m tests/fxeq-performance-gates.test.ts [2m([22m[2m3 tests[22m[2m)[22m[33m 127964[2mms[22m[39m
   [33m[2mÔťô[22m[39m fxeq real-time performance gate[2m > [22mkeeps a fully-loaded 6-band instance within the calibrated cost ratio [33m97688[2mms[22m[39m
   [33m[2mÔťô[22m[39m fxeq real-time performance gate[2m > [22mloads every factory preset (83) within the calibrated budget [33m10398[2mms[22m[39m
   [33m[2mÔťô[22m[39m fxeq real-time performance gate[2m > [22mkeeps an active full-state morph within the self-calibrated budget [33m19873[2mms[22m[39m
stderr | tests/ui/UltinaPanel.presets.test.tsx > UltinaPanel ÔÇö user presets > SAVE stores the full params map; it appears under USER and applies on select
Not implemented: HTMLCanvasElement's getContext() method: without installing the canvas npm package

stderr | tests/ui/UltinaPanel.presets.test.tsx > UltinaPanel ÔÇö user presets > DEL removes a user preset after confirmation
Not implemented: HTMLCanvasElement's getContext() method: without installing the canvas npm package

stderr | tests/ui/UltinaPanel.presets.test.tsx > UltinaPanel ÔÇö user presets > DEL removes a user preset after confirmation
Not implemented: HTMLCanvasElement's getContext() method: without installing the canvas npm package

stderr | tests/ui/UltinaPanel.presets.test.tsx > UltinaPanel ÔÇö user presets > DEL removes a user preset after confirmation
Not implemented: HTMLCanvasElement's getContext() method: without installing the canvas npm package

stderr | tests/ui/UltinaPanel.presets.test.tsx > UltinaPanel ÔÇö user presets > DEL removes a user preset after confirmation
Not implemented: HTMLCanvasElement's getContext() method: without installing the canvas npm package

stderr | tests/ui/UltinaPanel.presets.test.tsx > UltinaPanel ÔÇö user presets > DEL removes a user preset after confirmation
Not implemented: HTMLCanvasElement's getContext() method: without installing the canvas npm package

stderr | tests/ui/UltinaPanel.presets.test.tsx > UltinaPanel ÔÇö user presets > DEL removes a user preset after confirmation
Warning: The current testing environment is not configured to support act(...)

stderr | tests/ui/UltinaPanel.presets.test.tsx > UltinaPanel ÔÇö user presets > DEL removes a user preset after confirmation
Not implemented: HTMLCanvasElement's getContext() method: without installing the canvas npm package

stderr | tests/ui/UltinaPanel.presets.test.tsx > UltinaPanel ÔÇö user presets > SAVE with a cancelled prompt writes nothing
Not implemented: HTMLCanvasElement's getContext() method: without installing the canvas npm package

stderr | tests/ui/UltinaPanel.presets.test.tsx > UltinaPanel ÔÇö user presets > SAVE with a cancelled prompt writes nothing
Not implemented: HTMLCanvasElement's getContext() method: without installing the canvas npm package

stderr | tests/ui/UltinaPanel.presets.test.tsx > UltinaPanel ÔÇö user presets > SAVE with a cancelled prompt writes nothing
Not implemented: HTMLCanvasElement's getContext() method: without installing the canvas npm package

stderr | tests/ui/UltinaPanel.presets.test.tsx > UltinaPanel ÔÇö user presets > SAVE with a cancelled prompt writes nothing
Not implemented: HTMLCanvasElement's getContext() method: without installing the canvas npm package

stderr | tests/ui/UltinaPanel.presets.test.tsx > UltinaPanel ÔÇö user presets > a failed preset save surfaces an error instead of an unhandled rejection
Warning: The current testing environment is not configured to support act(...)
Not implemented: HTMLCanvasElement's getContext() method: without installing the canvas npm package

stderr | tests/ui/UltinaPanel.presets.test.tsx > UltinaPanel ÔÇö user presets > a failed preset save surfaces an error instead of an unhandled rejection
Not implemented: HTMLCanvasElement's getContext() method: without installing the canvas npm package
Warning: The current testing environment is not configured to support act(...)
[UltinaPanel] preset save failed: Error: QuotaExceededError: storage full
    at D:\pulse-forge\tests\ui\UltinaPanel.presets.test.tsx:114:26
    at file:///D:/pulse-forge/node_modules/@vitest/runner/dist/index.js:146:14
    at file:///D:/pulse-forge/node_modules/@vitest/runner/dist/index.js:533:11
    at runWithTimeout (file:///D:/pulse-forge/node_modules/@vitest/runner/dist/index.js:39:7)
    at runTest (file:///D:/pulse-forge/node_modules/@vitest/runner/dist/index.js:1056:17)
    at runSuite (file:///D:/pulse-forge/node_modules/@vitest/runner/dist/index.js:1205:15)
    at runSuite (file:///D:/pulse-forge/node_modules/@vitest/runner/dist/index.js:1205:15)
    at runFiles (file:///D:/pulse-forge/node_modules/@vitest/runner/dist/index.js:1262:5)
    at startTests (file:///D:/pulse-forge/node_modules/@vitest/runner/dist/index.js:1271:3)
    at file:///D:/pulse-forge/node_modules/vitest/dist/chunks/runBaseTests.3qpJUEJM.js:126:11
Warning: The current testing environment is not configured to support act(...)

stderr | tests/ui/UltinaPanel.presets.test.tsx > UltinaPanel ÔÇö user presets > a failed preset save surfaces an error instead of an unhandled rejection
Not implemented: HTMLCanvasElement's getContext() method: without installing the canvas npm package

stderr | tests/ui/UltinaPanel.presets.test.tsx > UltinaPanel ÔÇö user presets > a failed preset delete surfaces an error and keeps the preset selected
Not implemented: HTMLCanvasElement's getContext() method: without installing the canvas npm package

stderr | tests/ui/UltinaPanel.presets.test.tsx > UltinaPanel ÔÇö user presets > a failed preset delete surfaces an error and keeps the preset selected
Not implemented: HTMLCanvasElement's getContext() method: without installing the canvas npm package

stderr | tests/ui/UltinaPanel.presets.test.tsx > UltinaPanel ÔÇö user presets > a failed preset delete surfaces an error and keeps the preset selected
Not implemented: HTMLCanvasElement's getContext() method: without installing the canvas npm package

stderr | tests/ui/UltinaPanel.presets.test.tsx > UltinaPanel ÔÇö user presets > a failed preset delete surfaces an error and keeps the preset selected
Not implemented: HTMLCanvasElement's getContext() method: without installing the canvas npm package

stderr | tests/ui/UltinaPanel.presets.test.tsx > UltinaPanel ÔÇö user presets > a failed preset delete surfaces an error and keeps the preset selected
Not implemented: HTMLCanvasElement's getContext() method: without installing the canvas npm package

stderr | tests/ui/UltinaPanel.presets.test.tsx > UltinaPanel ÔÇö user presets > a failed preset delete surfaces an error and keeps the preset selected
[UltinaPanel] preset delete failed: Error: db closed
    at D:\pulse-forge\tests\ui\UltinaPanel.presets.test.tsx:148:94
    at file:///D:/pulse-forge/node_modules/@vitest/runner/dist/index.js:533:5
    at runTest (file:///D:/pulse-forge/node_modules/@vitest/runner/dist/index.js:1056:11)
    at runSuite (file:///D:/pulse-forge/node_modules/@vitest/runner/dist/index.js:1205:15)
    at runSuite (file:///D:/pulse-forge/node_modules/@vitest/runner/dist/index.js:1205:15)
    at runFiles (file:///D:/pulse-forge/node_modules/@vitest/runner/dist/index.js:1262:5)
    at startTests (file:///D:/pulse-forge/node_modules/@vitest/runner/dist/index.js:1271:3)
    at file:///D:/pulse-forge/node_modules/vitest/dist/chunks/runBaseTests.3qpJUEJM.js:126:11
    at withEnv (file:///D:/pulse-forge/node_modules/vitest/dist/chunks/runBaseTests.3qpJUEJM.js:90:5)
    at run (file:///D:/pulse-forge/node_modules/vitest/dist/chunks/runBaseTests.3qpJUEJM.js:112:3)
Warning: The current testing environment is not configured to support act(...)

stderr | tests/ui/UltinaPanel.presets.test.tsx > UltinaPanel ÔÇö user presets > a failed preset delete surfaces an error and keeps the preset selected
Not implemented: HTMLCanvasElement's getContext() method: without installing the canvas npm package

stderr | tests/ui/UltinaPanel.presets.test.tsx > UltinaPanel ÔÇö factory presets > resolves factory options by preset ID ÔÇö duplicate display names stay distinct
Warning: An update to UltinaPanel inside a test was not wrapped in act(...).

When testing, code that causes React state updates should be wrapped into act(...):

act(() => {
  /* fire events that update state */
});
/* assert on the output */

This ensures that you're testing the behavior the user would see in the browser. Learn more at https://reactjs.org/link/wrap-tests-with-act
    at UltinaPanel (D:\pulse-forge\src\ui\UltinaPanel.tsx:61:3)

 [32mÔťô[39m tests/ui/UltinaPanel.presets.test.tsx [2m([22m[2m6 tests[22m[2m)[22m[33m 5963[2mms[22m[39m
   [33m[2mÔťô[22m[39m UltinaPanel ÔÇö user presets[2m > [22mSAVE stores the full params map; it appears under USER and applies on select [33m2383[2mms[22m[39m
   [33m[2mÔťô[22m[39m UltinaPanel ÔÇö user presets[2m > [22mDEL removes a user preset after confirmation [33m952[2mms[22m[39m
   [33m[2mÔťô[22m[39m UltinaPanel ÔÇö user presets[2m > [22mSAVE with a cancelled prompt writes nothing [33m766[2mms[22m[39m
   [33m[2mÔťô[22m[39m UltinaPanel ÔÇö user presets[2m > [22ma failed preset save surfaces an error instead of an unhandled rejection [33m604[2mms[22m[39m
   [33m[2mÔťô[22m[39m UltinaPanel ÔÇö user presets[2m > [22ma failed preset delete surfaces an error and keeps the preset selected [33m754[2mms[22m[39m
   [33m[2mÔťô[22m[39m UltinaPanel ÔÇö factory presets[2m > [22mresolves factory options by preset ID ÔÇö duplicate display names stay distinct [33m483[2mms[22m[39m
 [32mÔťô[39m tests/svfilter-drive.test.ts [2m([22m[2m5 tests[22m[2m)[22m[33m 1624[2mms[22m[39m
   [33m[2mÔťô[22m[39m SVF drive (raw worklet DSP)[2m > [22mdrive 0 passes the filter deterministically and unchanged between runs [33m631[2mms[22m[39m
   [33m[2mÔťô[22m[39m SVF drive (raw worklet DSP)[2m > [22mdrive saturates: bounded, deterministic, and clearly different from the clean path [33m768[2mms[22m[39m
 [32mÔťô[39m tests/intent-transitions.test.ts [2m([22m[2m9 tests[22m[2m)[22m[33m 593[2mms[22m[39m
   [33m[2mÔťô[22m[39m song builder transition baking (T3)[2m > [22moutgoing sections carry the baked transition sound [33m420[2mms[22m[39m
 [32mÔťô[39m tests/save-lifecycle.test.ts [2m([22m[2m6 tests[22m[2m)[22m[90m 70[2mms[22m[39m
 [32mÔťô[39m tests/ui/EffectIntentAssistant.test.tsx [2m([22m[2m9 tests[22m[2m)[22m[33m 19801[2mms[22m[39m
   [33m[2mÔťô[22m[39m Effect Intent Assistant UI[2m > [22mshows a pilot parameter diff and its review warning without mutating the project [33m5511[2mms[22m[39m
   [33m[2mÔťô[22m[39m Effect Intent Assistant UI[2m > [22mauditions transient values and restores the document values on cancel [33m3050[2mms[22m[39m
   [33m[2mÔťô[22m[39m Effect Intent Assistant UI[2m > [22mrestores a live preview when the panel closes [33m2195[2mms[22m[39m
   [33m[2mÔťô[22m[39m Effect Intent Assistant UI[2m > [22mrestores a live preview when the FX rack unmounts [33m1496[2mms[22m[39m
   [33m[2mÔťô[22m[39m Effect Intent Assistant UI[2m > [22mapplies the previewed proposal as one undoable command [33m1873[2mms[22m[39m
   [33m[2mÔťô[22m[39m Effect Intent Assistant UI[2m > [22mreplans at the chosen intensity and previews/applies only checked parameters [33m2524[2mms[22m[39m
   [33m[2mÔťô[22m[39m Effect Intent Assistant UI[2m > [22mends the audition when transport starts and keeps the proposal unapplied [33m1428[2mms[22m[39m
   [33m[2mÔťô[22m[39m Effect Intent Assistant UI[2m > [22mshows a truthful warning when the runtime cannot restore preview values [33m1611[2mms[22m[39m
 [32mÔťô[39m tests/intent-binding.test.ts [2m([22m[2m7 tests[22m[2m)[22m[90m 280[2mms[22m[39m
 [32mÔťô[39m tests/dice.test.ts [2m([22m[2m13 tests[22m[2m)[22m[90m 126[2mms[22m[39m
 [32mÔťô[39m tests/favorites-ledger.test.ts [2m([22m[2m11 tests[22m[2m)[22m[33m 561[2mms[22m[39m
   [33m[2mÔťô[22m[39m favorites ledger[2m > [22mcaps the ledger at 200 entries FIFO [33m529[2mms[22m[39m
 [32mÔťô[39m tests/fxeq-band-eq.test.ts [2m([22m[2m9 tests[22m[2m)[22m[33m 2135[2mms[22m[39m
   [33m[2mÔťô[22m[39m fxeq band EQ module[2m > [22mcorner parameters stay finite (store clamps + frequency clamp) [33m384[2mms[22m[39m
   [33m[2mÔťô[22m[39m fxeq band EQ module[2m > [22mrendering is deterministic across instances [33m525[2mms[22m[39m
   [33m[2mÔťô[22m[39m fxeq processor with band EQ (Q3 integration)[2m > [22man enabled band EQ changes the output vs an EQ-less reference [33m396[2mms[22m[39m
   [33m[2mÔťô[22m[39m fxeq processor with band EQ (Q3 integration)[2m > [22meqEnabled = 0 renders bit-identically to a processor without any EQ keys [33m348[2mms[22m[39m
 [32mÔťô[39m tests/autosave-debouncer.test.ts [2m([22m[2m8 tests[22m[2m)[22m[90m 225[2mms[22m[39m
 [32mÔťô[39m tests/fxeq-rack-contract.test.ts [2m([22m[2m6 tests[22m[2m)[22m[33m 589[2mms[22m[39m
   [33m[2mÔťô[22m[39m fxeq rack Ôćö core parameter contract[2m > [22mevery translated rack id is live on the real core (end-to-end) [33m439[2mms[22m[39m
 [32mÔťô[39m tests/midi-pattern-recorder.test.ts [2m([22m[2m12 tests[22m[2m)[22m[33m 343[2mms[22m[39m
[90mstdout[2m | tests/preset-loudness-audit.test.ts[2m > [22m[2mpreset gain sanity[2m > [22m[2mwatchlist: loud corrections stay visible (|gain| Ôëą 12 dB)
[22m[39m[preset-loudness-audit] watchlist (59): factory.analog.techno.digikeys: -14.3 dB, factory.analog.trap.darkkeys: -12.8 dB, factory.bass.score.cinemalow: -14.9 dB, factory.bass.score.low: -13.2 dB, factory.bass.techno.hollowacid: +14.7 dB, factory.drumsynth.ambient.softclap: +18 dB, factory.drumsynth.house.classiclap: +14.6 dB, factory.drumsynth.house.tighthat: +18 dB, factory.drumsynth.house.washopen: +14.7 dB, factory.drumsynth.score.crash: +16.4 dB, factory.drumsynth.techno.metalhat: +15.5 dB, factory.fm.house.stab: -13.7 dB, factory.fm.keys.tineep: -17.2 dB, factory.granular.ambient.cloudpad: +18 dB, factory.granular.ambient.dust: +18 dB, factory.granular.ambient.timestretch: +18 dB, factory.granular.ambient.vaporcloud: +18 dB, factory.granular.house.vocalchop: +18 dB, factory.granular.score.suspense: +13.6 dB, factory.granular.techno.glitchsweep: +14.6 dB, factory.granular.techno.rhythmcloud: +16.2 dB, factory.granular.techno.stutter: +18 dB, factory.granular.trap.reversepad: +18 dB, factory.keys.ambient.breathy: +18 dB, factory.keys.ambient.movementkeys: +18 dB, factory.keys.ambient.shimmer: +18 dB, factory.keys.ambient.softpad: +18 dB, factory.keys.house.crystal: +15.9 dB, factory.keys.house.flute: +13.5 dB, factory.keys.house.fmbell: +18 dB, factory.keys.house.groovekeys: +18 dB, factory.keys.house.rhodesclassic: +18 dB, factory.keys.house.widerhodes: +18 dB, factory.keys.house.wurli.lfo: +18 dB, factory.keys.house.wurli: +18 dB, factory.keys.score.icehit: +18 dB, factory.keys.score.warmgroove: +18 dB, factory.keys.techno.dirtykeys: +18 dB, factory.keys.techno.hollowkeys: +18 dB, factory.keys.trap.icybell: +18 dB, factory.logdrum.score.wood: +12.9 dB, factory.pluck.ambient.flutepluck: +18 dB, factory.pluck.ambient.harp: +18 dB, factory.pluck.house.brightpick: +17.3 dB, factory.pluck.house.groove: +18 dB, factory.pluck.house.nylon: +18 dB, factory.pluck.house.warmair: +18 dB, factory.pluck.score.breathstring: +18 dB, factory.pluck.score.kora: +18 dB, factory.pluck.techno.muted: +18 dB, factory.sampler.ambient.piano: -12.1 dB, factory.sampler.house.stab: -14.1 dB, factory.spectral.ambient.deepshimmer: +14.1 dB, factory.spectral.house.drawbar: -15.5 dB, factory.spectral.house.pulseorgan: -12.1 dB, factory.spectral.house.rotary: -16.6 dB, factory.vocalchop.ambient.ghostvox: +18 dB, factory.vocalchop.score.lonelyvox: +18 dB, factory.wavetable.techno.scanlead: -14.1 dB

 [32mÔťô[39m tests/preset-loudness-audit.test.ts [2m([22m[2m8 tests[22m[2m)[22m[90m 164[2mms[22m[39m
 [32mÔťô[39m tests/granular-voice.test.ts [2m([22m[2m6 tests[22m[2m)[22m[33m 3924[2mms[22m[39m
   [33m[2mÔťô[22m[39m granular voice worklet engine[2m > [22mrenders audible, bounded grains and releases after noteOff [33m650[2mms[22m[39m
   [33m[2mÔťô[22m[39m granular voice worklet engine[2m > [22mis deterministic ÔÇö identical message sequences render bit-identically [33m1098[2mms[22m[39m
   [33m[2mÔťô[22m[39m granular voice worklet engine[2m > [22mLIVE PLAYHEAD: dragging POSITION mid-note steers future grains [33m636[2mms[22m[39m
   [33m[2mÔťô[22m[39m granular voice worklet engine[2m > [22mRATE change mid-note changes grain density of the held note [33m904[2mms[22m[39m
   [33m[2mÔťô[22m[39m granular voice worklet engine[2m > [22mpanic silences instantly and edge-clamped offsets stay bounded [33m328[2mms[22m[39m
 [32mÔťô[39m tests/intent/arrangeWords.test.ts [2m([22m[2m13 tests[22m[2m)[22m[90m 174[2mms[22m[39m
 [32mÔťô[39m tests/intent-artists.test.ts [2m([22m[2m13 tests[22m[2m)[22m[33m 340[2mms[22m[39m
 [32mÔťô[39m tests/performance-hardening.test.ts [2m([22m[2m8 tests[22m[2m)[22m[90m 105[2mms[22m[39m
stderr | tests/ui/midi-io.test.tsx > PatternBar MIDI import > exposes explicit grid and scale quantize actions
Warning: An update to GenerateDialog inside a test was not wrapped in act(...).

When testing, code that causes React state updates should be wrapped into act(...):

act(() => {
  /* fire events that update state */
});
/* assert on the output */

This ensures that you're testing the behavior the user would see in the browser. Learn more at https://reactjs.org/link/wrap-tests-with-act
    at GenerateDialog (D:\pulse-forge\src\ui\GenerateDialog.tsx:71:27)
    at section
    at PatternBar (D:\pulse-forge\src\ui\PatternBar.tsx:21:3)
Warning: An update to GenerateDialog inside a test was not wrapped in act(...).

When testing, code that causes React state updates should be wrapped into act(...):

act(() => {
  /* fire events that update state */
});
/* assert on the output */

This ensures that you're testing the behavior the user would see in the browser. Learn more at https://reactjs.org/link/wrap-tests-with-act
    at GenerateDialog (D:\pulse-forge\src\ui\GenerateDialog.tsx:71:27)
    at section
    at PatternBar (D:\pulse-forge\src\ui\PatternBar.tsx:21:3)

stderr | tests/ui/midi-io.test.tsx > ExportPanel MIDI export > downloads the active pattern as .mid
Not implemented: navigation to another Document

 [32mÔťô[39m tests/ui/midi-io.test.tsx [2m([22m[2m7 tests[22m[2m)[22m[33m 3471[2mms[22m[39m
   [33m[2mÔťô[22m[39m PatternBar MIDI import[2m > [22mexposes explicit grid and scale quantize actions [33m1765[2mms[22m[39m
   [33m[2mÔťô[22m[39m PatternBar MIDI import[2m > [22mimports a .mid file into a new active pattern with a status line [33m381[2mms[22m[39m
   [33m[2mÔťô[22m[39m PatternBar MIDI import[2m > [22msurfaces a parse error instead of crashing [33m500[2mms[22m[39m
   [33m[2mÔťô[22m[39m PatternBar MIDI import[2m > [22mrejects an oversized .mid before reading it into memory [33m392[2mms[22m[39m
 [32mÔťô[39m tests/ui/ExportPanel.test.tsx [2m([22m[2m11 tests[22m[2m)[22m[33m 7402[2mms[22m[39m
   [33m[2mÔťô[22m[39m ExportPanel[2m > [22mrenders the export region with the default FORMAT select [33m1482[2mms[22m[39m
   [33m[2mÔťô[22m[39m ExportPanel[2m > [22mswitching FORMAT to MP3 192 updates the button label [33m531[2mms[22m[39m
   [33m[2mÔťô[22m[39m ExportPanel[2m > [22mswitching RATE to 48 kHz records 48000 as selected value [33m389[2mms[22m[39m
   [33m[2mÔťô[22m[39m ExportPanel[2m > [22mhot export offers AUTO STAGE and applies one master-gain command [33m2245[2mms[22m[39m
   [33m[2mÔťô[22m[39m ExportPanel[2m > [22mswitching QUALITY to Live records live as selected value [33m521[2mms[22m[39m
   [33m[2mÔťô[22m[39m ExportPanel[2m > [22mrecorded take offers AUTO-CHOP that maps onsets to drum pads + pattern [33m1376[2mms[22m[39m
 [32mÔťô[39m tests/plock-length-export.test.ts [2m([22m[2m5 tests[22m[2m)[22m[90m 200[2mms[22m[39m
 [32mÔťô[39m tests/customisation.test.ts [2m([22m[2m16 tests[22m[2m)[22m[90m 93[2mms[22m[39m
 [32mÔťô[39m tests/rank-candidates.test.ts [2m([22m[2m7 tests[22m[2m)[22m[33m 496[2mms[22m[39m
 [32mÔťô[39m tests/intent-ranker-active.test.ts [2m([22m[2m4 tests[22m[2m)[22m[33m 1596[2mms[22m[39m
   [33m[2mÔťô[22m[39m active ranker participation in the canonical path[2m > [22mactive + model participation: neutral model scores preserve the heuristic winner, provenance records the model [33m689[2mms[22m[39m
   [33m[2mÔťô[22m[39m active ranker participation in the canonical path[2m > [22mactive + model participation: boosted candidate selection is deterministic across reruns [33m334[2mms[22m[39m
   [33m[2mÔťô[22m[39m active ranker participation in the canonical path[2m > [22ma ranker-pipeline exception degrades to the heuristic winner with a truthful warning [33m400[2mms[22m[39m
 [32mÔťô[39m tests/ui/PianoRoll.test.tsx [2m([22m[2m8 tests[22m[2m)[22m[33m 5149[2mms[22m[39m
   [33m[2mÔťô[22m[39m PianoRollTrack[2m > [22mrenders piano roll SVG area [33m1369[2mms[22m[39m
   [33m[2mÔťô[22m[39m PianoRollTrack[2m > [22mcommits a completed note move on pointerup [33m455[2mms[22m[39m
   [33m[2mÔťô[22m[39m PianoRollTrack[2m > [22maborts a note move on pointercancel without committing [33m567[2mms[22m[39m
   [33m[2mÔťô[22m[39m PianoRollTrack[2m > [22ma stale pointerup after a cancel does not commit [33m560[2mms[22m[39m
   [33m[2mÔťô[22m[39m PianoRollTrack[2m > [22mrenders memoized notes with the same DOM attributes as before (parity) [33m335[2mms[22m[39m
   [33m[2mÔťô[22m[39m PianoRollTrack[2m > [22mdrag preview renders on the dragged note only (move preview offset) [33m487[2mms[22m[39m
   [33m[2mÔťô[22m[39m PianoRollTrack[2m > [22mtouch long-press opens the note menu and the release does not move the note [33m1265[2mms[22m[39m
 [32mÔťô[39m tests/midi-creative.test.ts [2m([22m[2m9 tests[22m[2m)[22m[90m 299[2mms[22m[39m
 [32mÔťô[39m tests/ultina-samplerates.test.ts [2m([22m[2m12 tests[22m[2m)[22m[33m 13734[2mms[22m[39m
   [33m[2mÔťô[22m[39m CrossoverNetwork allpass sum across sample rates[2m > [22m44100 Hz: 2-band and 3-band sums keep a steady tone's amplitude [33m1533[2mms[22m[39m
   [33m[2mÔťô[22m[39m CrossoverNetwork allpass sum across sample rates[2m > [22m48000 Hz: 2-band and 3-band sums keep a steady tone's amplitude [33m1101[2mms[22m[39m
   [33m[2mÔťô[22m[39m CrossoverNetwork allpass sum across sample rates[2m > [22m96000 Hz: 2-band and 3-band sums keep a steady tone's amplitude [33m2630[2mms[22m[39m
   [33m[2mÔťô[22m[39m UltinaProcessor loudness + dynamics across sample rates[2m > [22m44100 Hz: Ôłĺ23 dBFS stereo tone reads Ôëł Ôłĺ23 LUFS through the full processor [33m1644[2mms[22m[39m
   [33m[2mÔťô[22m[39m UltinaProcessor loudness + dynamics across sample rates[2m > [22m44100 Hz: a configured compressor still compresses [33m757[2mms[22m[39m
   [33m[2mÔťô[22m[39m UltinaProcessor loudness + dynamics across sample rates[2m > [22m48000 Hz: Ôłĺ23 dBFS stereo tone reads Ôëł Ôłĺ23 LUFS through the full processor [33m1638[2mms[22m[39m
   [33m[2mÔťô[22m[39m UltinaProcessor loudness + dynamics across sample rates[2m > [22m48000 Hz: a configured compressor still compresses [33m509[2mms[22m[39m
   [33m[2mÔťô[22m[39m UltinaProcessor loudness + dynamics across sample rates[2m > [22m96000 Hz: Ôłĺ23 dBFS stereo tone reads Ôëł Ôłĺ23 LUFS through the full processor [33m2885[2mms[22m[39m
   [33m[2mÔťô[22m[39m UltinaProcessor loudness + dynamics across sample rates[2m > [22m96000 Hz: a configured compressor still compresses [33m705[2mms[22m[39m
 [32mÔťô[39m tests/fxeq-crossover-order.test.ts [2m([22m[2m8 tests[22m[2m)[22m[33m 332[2mms[22m[39m
 [31mÔŁ»[39m tests/offline-parity.test.ts [2m([22m[2m4 tests[22m[2m | [22m[31m1 failed[39m[2m)[22m[90m 158[2mms[22m[39m
[31m   [31m├Ś[31m offline render / live playback ÔÇö shared engine surface[2m > [22moffline render and live scheduler use the same tail handling for effect decays[90m 13[2mms[22m[31m[39m
[31m     Ôćĺ expected 'import { AudioEngine } from "../audioÔÇŽ' to match /options\.tailSeconds\s*\?\?\s*2/[39m
stderr | tests/curated-samples.test.ts > loadCuratedLayer ÔÇö same-id override with synthesized fallback > a decode failure is isolated ÔÇö other files still land
[curated] failed to load factory.kick.deep.wav: Error: corrupt wav
    at decode (D:\pulse-forge\tests\curated-samples.test.ts:69:29)
    at worker (D:\pulse-forge\src\sample-library\curated.ts:146:30)
    at processTicksAndRejections (node:internal/process/task_queues:105:5)
    at async Promise.all (index 0)
    at Module.loadCuratedLayer (D:\pulse-forge\src\sample-library\curated.ts:156:3)
    at D:\pulse-forge\tests\curated-samples.test.ts:72:20
    at file:///D:/pulse-forge/node_modules/@vitest/runner/dist/index.js:533:5
    at runTest (file:///D:/pulse-forge/node_modules/@vitest/runner/dist/index.js:1056:11)
    at runSuite (file:///D:/pulse-forge/node_modules/@vitest/runner/dist/index.js:1205:15)
    at runSuite (file:///D:/pulse-forge/node_modules/@vitest/runner/dist/index.js:1205:15)

stderr | tests/curated-samples.test.ts > loadCuratedLayer ÔÇö same-id override with synthesized fallback > curatedReadyWithin resolves after the layer (or the timeout) without hanging
[curated] failed to load factory.kick.deep.wav: TypeError: Failed to parse URL from /samples/factory.kick.deep.wav
    at node:internal/deps/undici/undici:15845:13
    at processTicksAndRejections (node:internal/process/task_queues:105:5)
    at worker (D:\pulse-forge\src\sample-library\curated.ts:133:26)
    at async Promise.all (index 0)
    at loadCuratedLayer (D:\pulse-forge\src\sample-library\curated.ts:156:3)
    at Module.curatedReadyWithin (D:\pulse-forge\src\sample-library\curated.ts:186:3)
    at D:\pulse-forge\tests\curated-samples.test.ts:112:5
    at file:///D:/pulse-forge/node_modules/@vitest/runner/dist/index.js:533:5
    at runTest (file:///D:/pulse-forge/node_modules/@vitest/runner/dist/index.js:1056:11)
    at runSuite (file:///D:/pulse-forge/node_modules/@vitest/runner/dist/index.js:1205:15) {
  [cause]: TypeError: Invalid URL: /samples/factory.kick.deep.wav
      at new URLImpl (D:\pulse-forge\node_modules\whatwg-url\lib\URL-impl.js:21:13)
      at Object.exports.setup (D:\pulse-forge\node_modules\whatwg-url\lib\URL.js:54:12)
      at new URL (D:\pulse-forge\node_modules\whatwg-url\lib\URL.js:115:22)
      at new Request (node:internal/deps/undici/undici:10413:25)
      at fetch (node:internal/deps/undici/undici:11325:25)
      at fetch (node:internal/deps/undici/undici:15843:10)
      at fetch (node:internal/bootstrap/web/exposed-window-or-worker:83:12)
      at D:\pulse-forge\src\sample-library\curated.ts:121:88
      at worker (D:\pulse-forge\src\sample-library\curated.ts:133:32)
      at Array.from (<anonymous>)
}
[curated] failed to load factory.kick.punch.wav: TypeError: Failed to parse URL from /samples/factory.kick.punch.wav
    at node:internal/deps/undici/undici:15845:13
    at processTicksAndRejections (node:internal/process/task_queues:105:5)
    at worker (D:\pulse-forge\src\sample-library\curated.ts:133:26)
    at async Promise.all (index 1)
    at loadCuratedLayer (D:\pulse-forge\src\sample-library\curated.ts:156:3)
    at Module.curatedReadyWithin (D:\pulse-forge\src\sample-library\curated.ts:186:3)
    at D:\pulse-forge\tests\curated-samples.test.ts:112:5
    at file:///D:/pulse-forge/node_modules/@vitest/runner/dist/index.js:533:5
    at runTest (file:///D:/pulse-forge/node_modules/@vitest/runner/dist/index.js:1056:11)
    at runSuite (file:///D:/pulse-forge/node_modules/@vitest/runner/dist/index.js:1205:15) {
  [cause]: TypeError: Invalid URL: /samples/factory.kick.punch.wav
      at new URLImpl (D:\pulse-forge\node_modules\whatwg-url\lib\URL-impl.js:21:13)
      at Object.exports.setup (D:\pulse-forge\node_modules\whatwg-url\lib\URL.js:54:12)
      at new URL (D:\pulse-forge\node_modules\whatwg-url\lib\URL.js:115:22)
      at new Request (node:internal/deps/undici/undici:10413:25)
      at fetch (node:internal/deps/undici/undici:11325:25)
      at fetch (node:internal/deps/undici/undici:15843:10)
      at fetch (node:internal/bootstrap/web/exposed-window-or-worker:83:12)
      at D:\pulse-forge\src\sample-library\curated.ts:121:88
      at worker (D:\pulse-forge\src\sample-library\curated.ts:133:32)
      at Array.from (<anonymous>)
}
[curated] failed to load factory.kick.techno.wav: TypeError: Failed to parse URL from /samples/factory.kick.techno.wav
    at node:internal/deps/undici/undici:15845:13
    at processTicksAndRejections (node:internal/process/task_queues:105:5)
    at worker (D:\pulse-forge\src\sample-library\curated.ts:133:26)
    at async Promise.all (index 2)
    at loadCuratedLayer (D:\pulse-forge\src\sample-library\curated.ts:156:3)
    at Module.curatedReadyWithin (D:\pulse-forge\src\sample-library\curated.ts:186:3)
    at D:\pulse-forge\tests\curated-samples.test.ts:112:5
    at file:///D:/pulse-forge/node_modules/@vitest/runner/dist/index.js:533:5
    at runTest (file:///D:/pulse-forge/node_modules/@vitest/runner/dist/index.js:1056:11)
    at runSuite (file:///D:/pulse-forge/node_modules/@vitest/runner/dist/index.js:1205:15) {
  [cause]: TypeError: Invalid URL: /samples/factory.kick.techno.wav
      at new URLImpl (D:\pulse-forge\node_modules\whatwg-url\lib\URL-impl.js:21:13)
      at Object.exports.setup (D:\pulse-forge\node_modules\whatwg-url\lib\URL.js:54:12)
      at new URL (D:\pulse-forge\node_modules\whatwg-url\lib\URL.js:115:22)
      at new Request (node:internal/deps/undici/undici:10413:25)
      at fetch (node:internal/deps/undici/undici:11325:25)
      at fetch (node:internal/deps/undici/undici:15843:10)
      at fetch (node:internal/bootstrap/web/exposed-window-or-worker:83:12)
      at D:\pulse-forge\src\sample-library\curated.ts:121:88
      at worker (D:\pulse-forge\src\sample-library\curated.ts:133:32)
      at Array.from (<anonymous>)
}
[curated] failed to load factory.kick.sub808.wav: TypeError: Failed to parse URL from /samples/factory.kick.sub808.wav
    at node:internal/deps/undici/undici:15845:13
    at processTicksAndRejections (node:internal/process/task_queues:105:5)
    at worker (D:\pulse-forge\src\sample-library\curated.ts:133:26)
    at async Promise.all (index 3)
    at loadCuratedLayer (D:\pulse-forge\src\sample-library\curated.ts:156:3)
    at Module.curatedReadyWithin (D:\pulse-forge\src\sample-library\curated.ts:186:3)
    at D:\pulse-forge\tests\curated-samples.test.ts:112:5
    at file:///D:/pulse-forge/node_modules/@vitest/runner/dist/index.js:533:5
    at runTest (file:///D:/pulse-forge/node_modules/@vitest/runner/dist/index.js:1056:11)
    at runSuite (file:///D:/pulse-forge/node_modules/@vitest/runner/dist/index.js:1205:15) {
  [cause]: TypeError: Invalid URL: /samples/factory.kick.sub808.wav
      at new URLImpl (D:\pulse-forge\node_modules\whatwg-url\lib\URL-impl.js:21:13)
      at Object.exports.setup (D:\pulse-forge\node_modules\whatwg-url\lib\URL.js:54:12)
      at new URL (D:\pulse-forge\node_modules\whatwg-url\lib\URL.js:115:22)
      at new Request (node:internal/deps/undici/undici:10413:25)
      at fetch (node:internal/deps/undici/undici:11325:25)
      at fetch (node:internal/deps/undici/undici:15843:10)
      at fetch (node:internal/bootstrap/web/exposed-window-or-worker:83:12)
      at D:\pulse-forge\src\sample-library\curated.ts:121:88
      at worker (D:\pulse-forge\src\sample-library\curated.ts:133:32)
      at Array.from (<anonymous>)
}
[curated] failed to load factory.kick.trap.wav: TypeError: Failed to parse URL from /samples/factory.kick.trap.wav
    at node:internal/deps/undici/undici:15845:13
    at processTicksAndRejections (node:internal/process/task_queues:105:5)
    at worker (D:\pulse-forge\src\sample-library\curated.ts:133:26)
    at async Promise.all (index 0)
    at loadCuratedLayer (D:\pulse-forge\src\sample-library\curated.ts:156:3)
    at Module.curatedReadyWithin (D:\pulse-forge\src\sample-library\curated.ts:186:3)
    at D:\pulse-forge\tests\curated-samples.test.ts:112:5
    at file:///D:/pulse-forge/node_modules/@vitest/runner/dist/index.js:533:5
    at runTest (file:///D:/pulse-forge/node_modules/@vitest/runner/dist/index.js:1056:11)
    at runSuite (file:///D:/pulse-forge/node_modules/@vitest/runner/dist/index.js:1205:15) {
  [cause]: TypeError: Invalid URL: /samples/factory.kick.trap.wav
      at new URLImpl (D:\pulse-forge\node_modules\whatwg-url\lib\URL-impl.js:21:13)
      at Object.exports.setup (D:\pulse-forge\node_modules\whatwg-url\lib\URL.js:54:12)
      at new URL (D:\pulse-forge\node_modules\whatwg-url\lib\URL.js:115:22)
      at new Request (node:internal/deps/undici/undici:10413:25)
      at fetch (node:internal/deps/undici/undici:11325:25)
      at fetch (node:internal/deps/undici/undici:15843:10)
      at fetch (node:internal/bootstrap/web/exposed-window-or-worker:83:12)
      at D:\pulse-forge\src\sample-library\curated.ts:121:88
      at worker (D:\pulse-forge\src\sample-library\curated.ts:133:32)
      at processTicksAndRejections (node:internal/process/task_queues:105:5)
}
[curated] failed to load factory.kick.soft.wav: TypeError: Failed to parse URL from /samples/factory.kick.soft.wav
    at node:internal/deps/undici/undici:15845:13
    at processTicksAndRejections (node:internal/process/task_queues:105:5)
    at worker (D:\pulse-forge\src\sample-library\curated.ts:133:26)
    at async Promise.all (index 1)
    at loadCuratedLayer (D:\pulse-forge\src\sample-library\curated.ts:156:3)
    at Module.curatedReadyWithin (D:\pulse-forge\src\sample-library\curated.ts:186:3)
    at D:\pulse-forge\tests\curated-samples.test.ts:112:5
    at file:///D:/pulse-forge/node_modules/@vitest/runner/dist/index.js:533:5
    at runTest (file:///D:/pulse-forge/node_modules/@vitest/runner/dist/index.js:1056:11)
    at runSuite (file:///D:/pulse-forge/node_modules/@vitest/runner/dist/index.js:1205:15) {
  [cause]: TypeError: Invalid URL: /samples/factory.kick.soft.wav
      at new URLImpl (D:\pulse-forge\node_modules\whatwg-url\lib\URL-impl.js:21:13)
      at Object.exports.setup (D:\pulse-forge\node_modules\whatwg-url\lib\URL.js:54:12)
      at new URL (D:\pulse-forge\node_modules\whatwg-url\lib\URL.js:115:22)
      at new Request (node:internal/deps/undici/undici:10413:25)
      at fetch (node:internal/deps/undici/undici:11325:25)
      at fetch (node:internal/deps/undici/undici:15843:10)
      at fetch (node:internal/bootstrap/web/exposed-window-or-worker:83:12)
      at D:\pulse-forge\src\sample-library\curated.ts:121:88
      at worker (D:\pulse-forge\src\sample-library\curated.ts:133:32)
      at processTicksAndRejections (node:internal/process/task_queues:105:5)
}
[curated] failed to load factory.snare.main.wav: TypeError: Failed to parse URL from /samples/factory.snare.main.wav
    at node:internal/deps/undici/undici:15845:13
    at processTicksAndRejections (node:internal/process/task_queues:105:5)
    at worker (D:\pulse-forge\src\sample-library\curated.ts:133:26)
    at async Promise.all (index 2)
    at loadCuratedLayer (D:\pulse-forge\src\sample-library\curated.ts:156:3)
    at Module.curatedReadyWithin (D:\pulse-forge\src\sample-library\curated.ts:186:3)
    at D:\pulse-forge\tests\curated-samples.test.ts:112:5
    at file:///D:/pulse-forge/node_modules/@vitest/runner/dist/index.js:533:5
    at runTest (file:///D:/pulse-forge/node_modules/@vitest/runner/dist/index.js:1056:11)
    at runSuite (file:///D:/pulse-forge/node_modules/@vitest/runner/dist/index.js:1205:15) {
  [cause]: TypeError: Invalid URL: /samples/factory.snare.main.wav
      at new URLImpl (D:\pulse-forge\node_modules\whatwg-url\lib\URL-impl.js:21:13)
      at Object.exports.setup (D:\pulse-forge\node_modules\whatwg-url\lib\URL.js:54:12)
      at new URL (D:\pulse-forge\node_modules\whatwg-url\lib\URL.js:115:22)
      at new Request (node:internal/deps/undici/undici:10413:25)
      at fetch (node:internal/deps/undici/undici:11325:25)
      at fetch (node:internal/deps/undici/undici:15843:10)
      at fetch (node:internal/bootstrap/web/exposed-window-or-worker:83:12)
      at D:\pulse-forge\src\sample-library\curated.ts:121:88
      at worker (D:\pulse-forge\src\sample-library\curated.ts:133:32)
      at processTicksAndRejections (node:internal/process/task_queues:105:5)
}
[curated] failed to load factory.snare.tight.wav: TypeError: Failed to parse URL from /samples/factory.snare.tight.wav
    at node:internal/deps/undici/undici:15845:13
    at processTicksAndRejections (node:internal/process/task_queues:105:5)
    at worker (D:\pulse-forge\src\sample-library\curated.ts:133:26)
    at async Promise.all (index 3)
    at loadCuratedLayer (D:\pulse-forge\src\sample-library\curated.ts:156:3)
    at Module.curatedReadyWithin (D:\pulse-forge\src\sample-library\curated.ts:186:3)
    at D:\pulse-forge\tests\curated-samples.test.ts:112:5
    at file:///D:/pulse-forge/node_modules/@vitest/runner/dist/index.js:533:5
    at runTest (file:///D:/pulse-forge/node_modules/@vitest/runner/dist/index.js:1056:11)
    at runSuite (file:///D:/pulse-forge/node_modules/@vitest/runner/dist/index.js:1205:15) {
  [cause]: TypeError: Invalid URL: /samples/factory.snare.tight.wav
      at new URLImpl (D:\pulse-forge\node_modules\whatwg-url\lib\URL-impl.js:21:13)
      at Object.exports.setup (D:\pulse-forge\node_modules\whatwg-url\lib\URL.js:54:12)
      at new URL (D:\pulse-forge\node_modules\whatwg-url\lib\URL.js:115:22)
      at new Request (node:internal/deps/undici/undici:10413:25)
      at fetch (node:internal/deps/undici/undici:11325:25)
      at fetch (node:internal/deps/undici/undici:15843:10)
      at fetch (node:internal/bootstrap/web/exposed-window-or-worker:83:12)
      at D:\pulse-forge\src\sample-library\curated.ts:121:88
      at worker (D:\pulse-forge\src\sample-library\curated.ts:133:32)
      at processTicksAndRejections (node:internal/process/task_queues:105:5)
}
[curated] failed to load factory.snare.punch.wav: TypeError: Failed to parse URL from /samples/factory.snare.punch.wav
    at node:internal/deps/undici/undici:15845:13
    at processTicksAndRejections (node:internal/process/task_queues:105:5)
    at worker (D:\pulse-forge\src\sample-library\curated.ts:133:26)
    at async Promise.all (index 0)
    at loadCuratedLayer (D:\pulse-forge\src\sample-library\curated.ts:156:3)
    at Module.curatedReadyWithin (D:\pulse-forge\src\sample-library\curated.ts:186:3)
    at D:\pulse-forge\tests\curated-samples.test.ts:112:5
    at file:///D:/pulse-forge/node_modules/@vitest/runner/dist/index.js:533:5
    at runTest (file:///D:/pulse-forge/node_modules/@vitest/runner/dist/index.js:1056:11)
    at runSuite (file:///D:/pulse-forge/node_modules/@vitest/runner/dist/index.js:1205:15) {
  [cause]: TypeError: Invalid URL: /samples/factory.snare.punch.wav
      at new URLImpl (D:\pulse-forge\node_modules\whatwg-url\lib\URL-impl.js:21:13)
      at Object.exports.setup (D:\pulse-forge\node_modules\whatwg-url\lib\URL.js:54:12)
      at new URL (D:\pulse-forge\node_modules\whatwg-url\lib\URL.js:115:22)
      at new Request (node:internal/deps/undici/undici:10413:25)
      at fetch (node:internal/deps/undici/undici:11325:25)
      at fetch (node:internal/deps/undici/undici:15843:10)
      at fetch (node:internal/bootstrap/web/exposed-window-or-worker:83:12)
      at D:\pulse-forge\src\sample-library\curated.ts:121:88
      at worker (D:\pulse-forge\src\sample-library\curated.ts:133:32)
      at processTicksAndRejections (node:internal/process/task_queues:105:5)
}
[curated] failed to load factory.snare.trap.wav: TypeError: Failed to parse URL from /samples/factory.snare.trap.wav
    at node:internal/deps/undici/undici:15845:13
    at processTicksAndRejections (node:internal/process/task_queues:105:5)
    at worker (D:\pulse-forge\src\sample-library\curated.ts:133:26)
    at async Promise.all (index 1)
    at loadCuratedLayer (D:\pulse-forge\src\sample-library\curated.ts:156:3)
    at Module.curatedReadyWithin (D:\pulse-forge\src\sample-library\curated.ts:186:3)
    at D:\pulse-forge\tests\curated-samples.test.ts:112:5
    at file:///D:/pulse-forge/node_modules/@vitest/runner/dist/index.js:533:5
    at runTest (file:///D:/pulse-forge/node_modules/@vitest/runner/dist/index.js:1056:11)
    at runSuite (file:///D:/pulse-forge/node_modules/@vitest/runner/dist/index.js:1205:15) {
  [cause]: TypeError: Invalid URL: /samples/factory.snare.trap.wav
      at new URLImpl (D:\pulse-forge\node_modules\whatwg-url\lib\URL-impl.js:21:13)
      at Object.exports.setup (D:\pulse-forge\node_modules\whatwg-url\lib\URL.js:54:12)
      at new URL (D:\pulse-forge\node_modules\whatwg-url\lib\URL.js:115:22)
      at new Request (node:internal/deps/undici/undici:10413:25)
      at fetch (node:internal/deps/undici/undici:11325:25)
      at fetch (node:internal/deps/undici/undici:15843:10)
      at fetch (node:internal/bootstrap/web/exposed-window-or-worker:83:12)
      at D:\pulse-forge\src\sample-library\curated.ts:121:88
      at worker (D:\pulse-forge\src\sample-library\curated.ts:133:32)
      at processTicksAndRejections (node:internal/process/task_queues:105:5)
}
[curated] failed to load factory.clap.main.wav: TypeError: Failed to parse URL from /samples/factory.clap.main.wav
    at node:internal/deps/undici/undici:15845:13
    at processTicksAndRejections (node:internal/process/task_queues:105:5)
    at worker (D:\pulse-forge\src\sample-library\curated.ts:133:26)
    at async Promise.all (index 2)
    at loadCuratedLayer (D:\pulse-forge\src\sample-library\curated.ts:156:3)
    at Module.curatedReadyWithin (D:\pulse-forge\src\sample-library\curated.ts:186:3)
    at D:\pulse-forge\tests\curated-samples.test.ts:112:5
    at file:///D:/pulse-forge/node_modules/@vitest/runner/dist/index.js:533:5
    at runTest (file:///D:/pulse-forge/node_modules/@vitest/runner/dist/index.js:1056:11)
    at runSuite (file:///D:/pulse-forge/node_modules/@vitest/runner/dist/index.js:1205:15) {
  [cause]: TypeError: Invalid URL: /samples/factory.clap.main.wav
      at new URLImpl (D:\pulse-forge\node_modules\whatwg-url\lib\URL-impl.js:21:13)
      at Object.exports.setup (D:\pulse-forge\node_modules\whatwg-url\lib\URL.js:54:12)
      at new URL (D:\pulse-forge\node_modules\whatwg-url\lib\URL.js:115:22)
      at new Request (node:internal/deps/undici/undici:10413:25)
      at fetch (node:internal/deps/undici/undici:11325:25)
      at fetch (node:internal/deps/undici/undici:15843:10)
      at fetch (node:internal/bootstrap/web/exposed-window-or-worker:83:12)
      at D:\pulse-forge\src\sample-library\curated.ts:121:88
      at worker (D:\pulse-forge\src\sample-library\curated.ts:133:32)
      at processTicksAndRejections (node:internal/process/task_queues:105:5)
}
[curated] failed to load factory.clap.soft.wav: TypeError: Failed to parse URL from /samples/factory.clap.soft.wav
    at node:internal/deps/undici/undici:15845:13
    at processTicksAndRejections (node:internal/process/task_queues:105:5)
    at worker (D:\pulse-forge\src\sample-library\curated.ts:133:26)
    at async Promise.all (index 3)
    at loadCuratedLayer (D:\pulse-forge\src\sample-library\curated.ts:156:3)
    at Module.curatedReadyWithin (D:\pulse-forge\src\sample-library\curated.ts:186:3)
    at D:\pulse-forge\tests\curated-samples.test.ts:112:5
    at file:///D:/pulse-forge/node_modules/@vitest/runner/dist/index.js:533:5
    at runTest (file:///D:/pulse-forge/node_modules/@vitest/runner/dist/index.js:1056:11)
    at runSuite (file:///D:/pulse-forge/node_modules/@vitest/runner/dist/index.js:1205:15) {
  [cause]: TypeError: Invalid URL: /samples/factory.clap.soft.wav
      at new URLImpl (D:\pulse-forge\node_modules\whatwg-url\lib\URL-impl.js:21:13)
      at Object.exports.setup (D:\pulse-forge\node_modules\whatwg-url\lib\URL.js:54:12)
      at new URL (D:\pulse-forge\node_modules\whatwg-url\lib\URL.js:115:22)
      at new Request (node:internal/deps/undici/undici:10413:25)
      at fetch (node:internal/deps/undici/undici:11325:25)
      at fetch (node:internal/deps/undici/undici:15843:10)
      at fetch (node:internal/bootstrap/web/exposed-window-or-worker:83:12)
      at D:\pulse-forge\src\sample-library\curated.ts:121:88
      at worker (D:\pulse-forge\src\sample-library\curated.ts:133:32)
      at processTicksAndRejections (node:internal/process/task_queues:105:5)
}
[curated] failed to load factory.hat.closed.wav: TypeError: Failed to parse URL from /samples/factory.hat.closed.wav
    at node:internal/deps/undici/undici:15845:13
    at processTicksAndRejections (node:internal/process/task_queues:105:5)
    at worker (D:\pulse-forge\src\sample-library\curated.ts:133:26)
    at async Promise.all (index 0)
    at loadCuratedLayer (D:\pulse-forge\src\sample-library\curated.ts:156:3)
    at Module.curatedReadyWithin (D:\pulse-forge\src\sample-library\curated.ts:186:3)
    at D:\pulse-forge\tests\curated-samples.test.ts:112:5
    at file:///D:/pulse-forge/node_modules/@vitest/runner/dist/index.js:533:5
    at runTest (file:///D:/pulse-forge/node_modules/@vitest/runner/dist/index.js:1056:11)
    at runSuite (file:///D:/pulse-forge/node_modules/@vitest/runner/dist/index.js:1205:15) {
  [cause]: TypeError: Invalid URL: /samples/factory.hat.closed.wav
      at new URLImpl (D:\pulse-forge\node_modules\whatwg-url\lib\URL-impl.js:21:13)
      at Object.exports.setup (D:\pulse-forge\node_modules\whatwg-url\lib\URL.js:54:12)
      at new URL (D:\pulse-forge\node_modules\whatwg-url\lib\URL.js:115:22)
      at new Request (node:internal/deps/undici/undici:10413:25)
      at fetch (node:internal/deps/undici/undici:11325:25)
      at fetch (node:internal/deps/undici/undici:15843:10)
      at fetch (node:internal/bootstrap/web/exposed-window-or-worker:83:12)
      at D:\pulse-forge\src\sample-library\curated.ts:121:88
      at worker (D:\pulse-forge\src\sample-library\curated.ts:133:32)
      at processTicksAndRejections (node:internal/process/task_queues:105:5)
}
[curated] failed to load factory.hat.closed.soft.wav: TypeError: Failed to parse URL from /samples/factory.hat.closed.soft.wav
    at node:internal/deps/undici/undici:15845:13
    at processTicksAndRejections (node:internal/process/task_queues:105:5)
    at worker (D:\pulse-forge\src\sample-library\curated.ts:133:26)
    at async Promise.all (index 1)
    at loadCuratedLayer (D:\pulse-forge\src\sample-library\curated.ts:156:3)
    at Module.curatedReadyWithin (D:\pulse-forge\src\sample-library\curated.ts:186:3)
    at D:\pulse-forge\tests\curated-samples.test.ts:112:5
    at file:///D:/pulse-forge/node_modules/@vitest/runner/dist/index.js:533:5
    at runTest (file:///D:/pulse-forge/node_modules/@vitest/runner/dist/index.js:1056:11)
    at runSuite (file:///D:/pulse-forge/node_modules/@vitest/runner/dist/index.js:1205:15) {
  [cause]: TypeError: Invalid URL: /samples/factory.hat.closed.soft.wav
      at new URLImpl (D:\pulse-forge\node_modules\whatwg-url\lib\URL-impl.js:21:13)
      at Object.exports.setup (D:\pulse-forge\node_modules\whatwg-url\lib\URL.js:54:12)
      at new URL (D:\pulse-forge\node_modules\whatwg-url\lib\URL.js:115:22)
      at new Request (node:internal/deps/undici/undici:10413:25)
      at fetch (node:internal/deps/undici/undici:11325:25)
      at fetch (node:internal/deps/undici/undici:15843:10)
      at fetch (node:internal/bootstrap/web/exposed-window-or-worker:83:12)
      at D:\pulse-forge\src\sample-library\curated.ts:121:88
      at worker (D:\pulse-forge\src\sample-library\curated.ts:133:32)
      at processTicksAndRejections (node:internal/process/task_queues:105:5)
}
[curated] failed to load factory.hat.open.wav: TypeError: Failed to parse URL from /samples/factory.hat.open.wav
    at node:internal/deps/undici/undici:15845:13
    at processTicksAndRejections (node:internal/process/task_queues:105:5)
    at worker (D:\pulse-forge\src\sample-library\curated.ts:133:26)
    at async Promise.all (index 2)
    at loadCuratedLayer (D:\pulse-forge\src\sample-library\curated.ts:156:3)
    at Module.curatedReadyWithin (D:\pulse-forge\src\sample-library\curated.ts:186:3)
    at D:\pulse-forge\tests\curated-samples.test.ts:112:5
    at file:///D:/pulse-forge/node_modules/@vitest/runner/dist/index.js:533:5
    at runTest (file:///D:/pulse-forge/node_modules/@vitest/runner/dist/index.js:1056:11)
    at runSuite (file:///D:/pulse-forge/node_modules/@vitest/runner/dist/index.js:1205:15) {
  [cause]: TypeError: Invalid URL: /samples/factory.hat.open.wav
      at new URLImpl (D:\pulse-forge\node_modules\whatwg-url\lib\URL-impl.js:21:13)
      at Object.exports.setup (D:\pulse-forge\node_modules\whatwg-url\lib\URL.js:54:12)
      at new URL (D:\pulse-forge\node_modules\whatwg-url\lib\URL.js:115:22)
      at new Request (node:internal/deps/undici/undici:10413:25)
      at fetch (node:internal/deps/undici/undici:11325:25)
      at fetch (node:internal/deps/undici/undici:15843:10)
      at fetch (node:internal/bootstrap/web/exposed-window-or-worker:83:12)
      at D:\pulse-forge\src\sample-library\curated.ts:121:88
      at worker (D:\pulse-forge\src\sample-library\curated.ts:133:32)
      at processTicksAndRejections (node:internal/process/task_queues:105:5)
}
[curated] failed to load factory.hat.open.short.wav: TypeError: Failed to parse URL from /samples/factory.hat.open.short.wav
    at node:internal/deps/undici/undici:15845:13
    at processTicksAndRejections (node:internal/process/task_queues:105:5)
    at worker (D:\pulse-forge\src\sample-library\curated.ts:133:26)
    at async Promise.all (index 3)
    at loadCuratedLayer (D:\pulse-forge\src\sample-library\curated.ts:156:3)
    at Module.curatedReadyWithin (D:\pulse-forge\src\sample-library\curated.ts:186:3)
    at D:\pulse-forge\tests\curated-samples.test.ts:112:5
    at file:///D:/pulse-forge/node_modules/@vitest/runner/dist/index.js:533:5
    at runTest (file:///D:/pulse-forge/node_modules/@vitest/runner/dist/index.js:1056:11)
    at runSuite (file:///D:/pulse-forge/node_modules/@vitest/runner/dist/index.js:1205:15) {
  [cause]: TypeError: Invalid URL: /samples/factory.hat.open.short.wav
      at new URLImpl (D:\pulse-forge\node_modules\whatwg-url\lib\URL-impl.js:21:13)
      at Object.exports.setup (D:\pulse-forge\node_modules\whatwg-url\lib\URL.js:54:12)
      at new URL (D:\pulse-forge\node_modules\whatwg-url\lib\URL.js:115:22)
      at new Request (node:internal/deps/undici/undici:10413:25)
      at fetch (node:internal/deps/undici/undici:11325:25)
      at fetch (node:internal/deps/undici/undici:15843:10)
      at fetch (node:internal/bootstrap/web/exposed-window-or-worker:83:12)
      at D:\pulse-forge\src\sample-library\curated.ts:121:88
      at worker (D:\pulse-forge\src\sample-library\curated.ts:133:32)
      at processTicksAndRejections (node:internal/process/task_queues:105:5)
}
[curated] failed to load factory.hat.pedal.wav: TypeError: Failed to parse URL from /samples/factory.hat.pedal.wav
    at node:internal/deps/undici/undici:15845:13
    at processTicksAndRejections (node:internal/process/task_queues:105:5)
    at worker (D:\pulse-forge\src\sample-library\curated.ts:133:26)
    at async Promise.all (index 0)
    at loadCuratedLayer (D:\pulse-forge\src\sample-library\curated.ts:156:3)
    at Module.curatedReadyWithin (D:\pulse-forge\src\sample-library\curated.ts:186:3)
    at D:\pulse-forge\tests\curated-samples.test.ts:112:5
    at file:///D:/pulse-forge/node_modules/@vitest/runner/dist/index.js:533:5
    at runTest (file:///D:/pulse-forge/node_modules/@vitest/runner/dist/index.js:1056:11)
    at runSuite (file:///D:/pulse-forge/node_modules/@vitest/runner/dist/index.js:1205:15) {
  [cause]: TypeError: Invalid URL: /samples/factory.hat.pedal.wav
      at new URLImpl (D:\pulse-forge\node_modules\whatwg-url\lib\URL-impl.js:21:13)
      at Object.exports.setup (D:\pulse-forge\node_modules\whatwg-url\lib\URL.js:54:12)
      at new URL (D:\pulse-forge\node_modules\whatwg-url\lib\URL.js:115:22)
      at new Request (node:internal/deps/undici/undici:10413:25)
      at fetch (node:internal/deps/undici/undici:11325:25)
      at fetch (node:internal/deps/undici/undici:15843:10)
      at fetch (node:internal/bootstrap/web/exposed-window-or-worker:83:12)
      at D:\pulse-forge\src\sample-library\curated.ts:121:88
      at worker (D:\pulse-forge\src\sample-library\curated.ts:133:32)
      at processTicksAndRejections (node:internal/process/task_queues:105:5)
}
[curated] failed to load factory.ride.ping.wav: TypeError: Failed to parse URL from /samples/factory.ride.ping.wav
    at node:internal/deps/undici/undici:15845:13
    at processTicksAndRejections (node:internal/process/task_queues:105:5)
    at worker (D:\pulse-forge\src\sample-library\curated.ts:133:26)
    at async Promise.all (index 1)
    at loadCuratedLayer (D:\pulse-forge\src\sample-library\curated.ts:156:3)
    at Module.curatedReadyWithin (D:\pulse-forge\src\sample-library\curated.ts:186:3)
    at D:\pulse-forge\tests\curated-samples.test.ts:112:5
    at file:///D:/pulse-forge/node_modules/@vitest/runner/dist/index.js:533:5
    at runTest (file:///D:/pulse-forge/node_modules/@vitest/runner/dist/index.js:1056:11)
    at runSuite (file:///D:/pulse-forge/node_modules/@vitest/runner/dist/index.js:1205:15) {
  [cause]: TypeError: Invalid URL: /samples/factory.ride.ping.wav
      at new URLImpl (D:\pulse-forge\node_modules\whatwg-url\lib\URL-impl.js:21:13)
      at Object.exports.setup (D:\pulse-forge\node_modules\whatwg-url\lib\URL.js:54:12)
      at new URL (D:\pulse-forge\node_modules\whatwg-url\lib\URL.js:115:22)
      at new Request (node:internal/deps/undici/undici:10413:25)
      at fetch (node:internal/deps/undici/undici:11325:25)
      at fetch (node:internal/deps/undici/undici:15843:10)
      at fetch (node:internal/bootstrap/web/exposed-window-or-worker:83:12)
      at D:\pulse-forge\src\sample-library\curated.ts:121:88
      at worker (D:\pulse-forge\src\sample-library\curated.ts:133:32)
      at processTicksAndRejections (node:internal/process/task_queues:105:5)
}
[curated] failed to load factory.ride.bell.wav: TypeError: Failed to parse URL from /samples/factory.ride.bell.wav
    at node:internal/deps/undici/undici:15845:13
    at processTicksAndRejections (node:internal/process/task_queues:105:5)
    at worker (D:\pulse-forge\src\sample-library\curated.ts:133:26)
    at async Promise.all (index 2)
    at loadCuratedLayer (D:\pulse-forge\src\sample-library\curated.ts:156:3)
    at Module.curatedReadyWithin (D:\pulse-forge\src\sample-library\curated.ts:186:3)
    at D:\pulse-forge\tests\curated-samples.test.ts:112:5
    at file:///D:/pulse-forge/node_modules/@vitest/runner/dist/index.js:533:5
    at runTest (file:///D:/pulse-forge/node_modules/@vitest/runner/dist/index.js:1056:11)
    at runSuite (file:///D:/pulse-forge/node_modules/@vitest/runner/dist/index.js:1205:15) {
  [cause]: TypeError: Invalid URL: /samples/factory.ride.bell.wav
      at new URLImpl (D:\pulse-forge\node_modules\whatwg-url\lib\URL-impl.js:21:13)
      at Object.exports.setup (D:\pulse-forge\node_modules\whatwg-url\lib\URL.js:54:12)
      at new URL (D:\pulse-forge\node_modules\whatwg-url\lib\URL.js:115:22)
      at new Request (node:internal/deps/undici/undici:10413:25)
      at fetch (node:internal/deps/undici/undici:11325:25)
      at fetch (node:internal/deps/undici/undici:15843:10)
      at fetch (node:internal/bootstrap/web/exposed-window-or-worker:83:12)
      at D:\pulse-forge\src\sample-library\curated.ts:121:88
      at worker (D:\pulse-forge\src\sample-library\curated.ts:133:32)
      at processTicksAndRejections (node:internal/process/task_queues:105:5)
}
[curated] failed to load factory.crash.main.wav: TypeError: Failed to parse URL from /samples/factory.crash.main.wav
    at node:internal/deps/undici/undici:15845:13
    at processTicksAndRejections (node:internal/process/task_queues:105:5)
    at worker (D:\pulse-forge\src\sample-library\curated.ts:133:26)
    at async Promise.all (index 3)
    at loadCuratedLayer (D:\pulse-forge\src\sample-library\curated.ts:156:3)
    at Module.curatedReadyWithin (D:\pulse-forge\src\sample-library\curated.ts:186:3)
    at D:\pulse-forge\tests\curated-samples.test.ts:112:5
    at file:///D:/pulse-forge/node_modules/@vitest/runner/dist/index.js:533:5
    at runTest (file:///D:/pulse-forge/node_modules/@vitest/runner/dist/index.js:1056:11)
    at runSuite (file:///D:/pulse-forge/node_modules/@vitest/runner/dist/index.js:1205:15) {
  [cause]: TypeError: Invalid URL: /samples/factory.crash.main.wav
      at new URLImpl (D:\pulse-forge\node_modules\whatwg-url\lib\URL-impl.js:21:13)
      at Object.exports.setup (D:\pulse-forge\node_modules\whatwg-url\lib\URL.js:54:12)
      at new URL (D:\pulse-forge\node_modules\whatwg-url\lib\URL.js:115:22)
      at new Request (node:internal/deps/undici/undici:10413:25)
      at fetch (node:internal/deps/undici/undici:11325:25)
      at fetch (node:internal/deps/undici/undici:15843:10)
      at fetch (node:internal/bootstrap/web/exposed-window-or-worker:83:12)
      at D:\pulse-forge\src\sample-library\curated.ts:121:88
      at worker (D:\pulse-forge\src\sample-library\curated.ts:133:32)
      at processTicksAndRejections (node:internal/process/task_queues:105:5)
}
[curated] failed to load factory.crash.dark.wav: TypeError: Failed to parse URL from /samples/factory.crash.dark.wav
    at node:internal/deps/undici/undici:15845:13
    at processTicksAndRejections (node:internal/process/task_queues:105:5)
    at worker (D:\pulse-forge\src\sample-library\curated.ts:133:26)
    at async Promise.all (index 0)
    at loadCuratedLayer (D:\pulse-forge\src\sample-library\curated.ts:156:3)
    at Module.curatedReadyWithin (D:\pulse-forge\src\sample-library\curated.ts:186:3)
    at D:\pulse-forge\tests\curated-samples.test.ts:112:5
    at file:///D:/pulse-forge/node_modules/@vitest/runner/dist/index.js:533:5
    at runTest (file:///D:/pulse-forge/node_modules/@vitest/runner/dist/index.js:1056:11)
    at runSuite (file:///D:/pulse-forge/node_modules/@vitest/runner/dist/index.js:1205:15) {
  [cause]: TypeError: Invalid URL: /samples/factory.crash.dark.wav
      at new URLImpl (D:\pulse-forge\node_modules\whatwg-url\lib\URL-impl.js:21:13)
      at Object.exports.setup (D:\pulse-forge\node_modules\whatwg-url\lib\URL.js:54:12)
      at new URL (D:\pulse-forge\node_modules\whatwg-url\lib\URL.js:115:22)
      at new Request (node:internal/deps/undici/undici:10413:25)
      at fetch (node:internal/deps/undici/undici:11325:25)
      at fetch (node:internal/deps/undici/undici:15843:10)
      at fetch (node:internal/bootstrap/web/exposed-window-or-worker:83:12)
      at D:\pulse-forge\src\sample-library\curated.ts:121:88
      at worker (D:\pulse-forge\src\sample-library\curated.ts:133:32)
      at processTicksAndRejections (node:internal/process/task_queues:105:5)
}
[curated] failed to load factory.tom.low.wav: TypeError: Failed to parse URL from /samples/factory.tom.low.wav
    at node:internal/deps/undici/undici:15845:13
    at processTicksAndRejections (node:internal/process/task_queues:105:5)
    at worker (D:\pulse-forge\src\sample-library\curated.ts:133:26)
    at async Promise.all (index 1)
    at loadCuratedLayer (D:\pulse-forge\src\sample-library\curated.ts:156:3)
    at Module.curatedReadyWithin (D:\pulse-forge\src\sample-library\curated.ts:186:3)
    at D:\pulse-forge\tests\curated-samples.test.ts:112:5
    at file:///D:/pulse-forge/node_modules/@vitest/runner/dist/index.js:533:5
    at runTest (file:///D:/pulse-forge/node_modules/@vitest/runner/dist/index.js:1056:11)
    at runSuite (file:///D:/pulse-forge/node_modules/@vitest/runner/dist/index.js:1205:15) {
  [cause]: TypeError: Invalid URL: /samples/factory.tom.low.wav
      at new URLImpl (D:\pulse-forge\node_modules\whatwg-url\lib\URL-impl.js:21:13)
      at Object.exports.setup (D:\pulse-forge\node_modules\whatwg-url\lib\URL.js:54:12)
      at new URL (D:\pulse-forge\node_modules\whatwg-url\lib\URL.js:115:22)
      at new Request (node:internal/deps/undici/undici:10413:25)
      at fetch (node:internal/deps/undici/undici:11325:25)
      at fetch (node:internal/deps/undici/undici:15843:10)
      at fetch (node:internal/bootstrap/web/exposed-window-or-worker:83:12)
      at D:\pulse-forge\src\sample-library\curated.ts:121:88
      at worker (D:\pulse-forge\src\sample-library\curated.ts:133:32)
      at processTicksAndRejections (node:internal/process/task_queues:105:5)
}
[curated] failed to load factory.tom.mid.wav: TypeError: Failed to parse URL from /samples/factory.tom.mid.wav
    at node:internal/deps/undici/undici:15845:13
    at processTicksAndRejections (node:internal/process/task_queues:105:5)
    at worker (D:\pulse-forge\src\sample-library\curated.ts:133:26)
    at async Promise.all (index 2)
    at loadCuratedLayer (D:\pulse-forge\src\sample-library\curated.ts:156:3)
    at Module.curatedReadyWithin (D:\pulse-forge\src\sample-library\curated.ts:186:3)
    at D:\pulse-forge\tests\curated-samples.test.ts:112:5
    at file:///D:/pulse-forge/node_modules/@vitest/runner/dist/index.js:533:5
    at runTest (file:///D:/pulse-forge/node_modules/@vitest/runner/dist/index.js:1056:11)
    at runSuite (file:///D:/pulse-forge/node_modules/@vitest/runner/dist/index.js:1205:15) {
  [cause]: TypeError: Invalid URL: /samples/factory.tom.mid.wav
      at new URLImpl (D:\pulse-forge\node_modules\whatwg-url\lib\URL-impl.js:21:13)
      at Object.exports.setup (D:\pulse-forge\node_modules\whatwg-url\lib\URL.js:54:12)
      at new URL (D:\pulse-forge\node_modules\whatwg-url\lib\URL.js:115:22)
      at new Request (node:internal/deps/undici/undici:10413:25)
      at fetch (node:internal/deps/undici/undici:11325:25)
      at fetch (node:internal/deps/undici/undici:15843:10)
      at fetch (node:internal/bootstrap/web/exposed-window-or-worker:83:12)
      at D:\pulse-forge\src\sample-library\curated.ts:121:88
      at worker (D:\pulse-forge\src\sample-library\curated.ts:133:32)
      at processTicksAndRejections (node:internal/process/task_queues:105:5)
}
[curated] failed to load factory.tom.high.wav: TypeError: Failed to parse URL from /samples/factory.tom.high.wav
    at node:internal/deps/undici/undici:15845:13
    at processTicksAndRejections (node:internal/process/task_queues:105:5)
    at worker (D:\pulse-forge\src\sample-library\curated.ts:133:26)
    at async Promise.all (index 3)
    at loadCuratedLayer (D:\pulse-forge\src\sample-library\curated.ts:156:3)
    at Module.curatedReadyWithin (D:\pulse-forge\src\sample-library\curated.ts:186:3)
    at D:\pulse-forge\tests\curated-samples.test.ts:112:5
    at file:///D:/pulse-forge/node_modules/@vitest/runner/dist/index.js:533:5
    at runTest (file:///D:/pulse-forge/node_modules/@vitest/runner/dist/index.js:1056:11)
    at runSuite (file:///D:/pulse-forge/node_modules/@vitest/runner/dist/index.js:1205:15) {
  [cause]: TypeError: Invalid URL: /samples/factory.tom.high.wav
      at new URLImpl (D:\pulse-forge\node_modules\whatwg-url\lib\URL-impl.js:21:13)
      at Object.exports.setup (D:\pulse-forge\node_modules\whatwg-url\lib\URL.js:54:12)
      at new URL (D:\pulse-forge\node_modules\whatwg-url\lib\URL.js:115:22)
      at new Request (node:internal/deps/undici/undici:10413:25)
      at fetch (node:internal/deps/undici/undici:11325:25)
      at fetch (node:internal/deps/undici/undici:15843:10)
      at fetch (node:internal/bootstrap/web/exposed-window-or-worker:83:12)
      at D:\pulse-forge\src\sample-library\curated.ts:121:88
      at worker (D:\pulse-forge\src\sample-library\curated.ts:133:32)
      at processTicksAndRejections (node:internal/process/task_queues:105:5)
}
[curated] failed to load factory.rim.chip.wav: TypeError: Failed to parse URL from /samples/factory.rim.chip.wav
    at node:internal/deps/undici/undici:15845:13
    at processTicksAndRejections (node:internal/process/task_queues:105:5)
    at worker (D:\pulse-forge\src\sample-library\curated.ts:133:26)
    at async Promise.all (index 0)
    at loadCuratedLayer (D:\pulse-forge\src\sample-library\curated.ts:156:3)
    at Module.curatedReadyWithin (D:\pulse-forge\src\sample-library\curated.ts:186:3)
    at D:\pulse-forge\tests\curated-samples.test.ts:112:5
    at file:///D:/pulse-forge/node_modules/@vitest/runner/dist/index.js:533:5
    at runTest (file:///D:/pulse-forge/node_modules/@vitest/runner/dist/index.js:1056:11)
    at runSuite (file:///D:/pulse-forge/node_modules/@vitest/runner/dist/index.js:1205:15) {
  [cause]: TypeError: Invalid URL: /samples/factory.rim.chip.wav
      at new URLImpl (D:\pulse-forge\node_modules\whatwg-url\lib\URL-impl.js:21:13)
      at Object.exports.setup (D:\pulse-forge\node_modules\whatwg-url\lib\URL.js:54:12)
      at new URL (D:\pulse-forge\node_modules\whatwg-url\lib\URL.js:115:22)
      at new Request (node:internal/deps/undici/undici:10413:25)
      at fetch (node:internal/deps/undici/undici:11325:25)
      at fetch (node:internal/deps/undici/undici:15843:10)
      at fetch (node:internal/bootstrap/web/exposed-window-or-worker:83:12)
      at D:\pulse-forge\src\sample-library\curated.ts:121:88
      at worker (D:\pulse-forge\src\sample-library\curated.ts:133:32)
      at processTicksAndRejections (node:internal/process/task_queues:105:5)
}
[curated] failed to load factory.shaker.soft.wav: TypeError: Failed to parse URL from /samples/factory.shaker.soft.wav
    at node:internal/deps/undici/undici:15845:13
    at processTicksAndRejections (node:internal/process/task_queues:105:5)
    at worker (D:\pulse-forge\src\sample-library\curated.ts:133:26)
    at async Promise.all (index 1)
    at loadCuratedLayer (D:\pulse-forge\src\sample-library\curated.ts:156:3)
    at Module.curatedReadyWithin (D:\pulse-forge\src\sample-library\curated.ts:186:3)
    at D:\pulse-forge\tests\curated-samples.test.ts:112:5
    at file:///D:/pulse-forge/node_modules/@vitest/runner/dist/index.js:533:5
    at runTest (file:///D:/pulse-forge/node_modules/@vitest/runner/dist/index.js:1056:11)
    at runSuite (file:///D:/pulse-forge/node_modules/@vitest/runner/dist/index.js:1205:15) {
  [cause]: TypeError: Invalid URL: /samples/factory.shaker.soft.wav
      at new URLImpl (D:\pulse-forge\node_modules\whatwg-url\lib\URL-impl.js:21:13)
      at Object.exports.setup (D:\pulse-forge\node_modules\whatwg-url\lib\URL.js:54:12)
      at new URL (D:\pulse-forge\node_modules\whatwg-url\lib\URL.js:115:22)
      at new Request (node:internal/deps/undici/undici:10413:25)
      at fetch (node:internal/deps/undici/undici:11325:25)
      at fetch (node:internal/deps/undici/undici:15843:10)
      at fetch (node:internal/bootstrap/web/exposed-window-or-worker:83:12)
      at D:\pulse-forge\src\sample-library\curated.ts:121:88
      at worker (D:\pulse-forge\src\sample-library\curated.ts:133:32)
      at processTicksAndRejections (node:internal/process/task_queues:105:5)
}
[curated] failed to load factory.perc.tick.wav: TypeError: Failed to parse URL from /samples/factory.perc.tick.wav
    at node:internal/deps/undici/undici:15845:13
    at processTicksAndRejections (node:internal/process/task_queues:105:5)
    at worker (D:\pulse-forge\src\sample-library\curated.ts:133:26)
    at async Promise.all (index 2)
    at loadCuratedLayer (D:\pulse-forge\src\sample-library\curated.ts:156:3)
    at Module.curatedReadyWithin (D:\pulse-forge\src\sample-library\curated.ts:186:3)
    at D:\pulse-forge\tests\curated-samples.test.ts:112:5
    at file:///D:/pulse-forge/node_modules/@vitest/runner/dist/index.js:533:5
    at runTest (file:///D:/pulse-forge/node_modules/@vitest/runner/dist/index.js:1056:11)
    at runSuite (file:///D:/pulse-forge/node_modules/@vitest/runner/dist/index.js:1205:15) {
  [cause]: TypeError: Invalid URL: /samples/factory.perc.tick.wav
      at new URLImpl (D:\pulse-forge\node_modules\whatwg-url\lib\URL-impl.js:21:13)
      at Object.exports.setup (D:\pulse-forge\node_modules\whatwg-url\lib\URL.js:54:12)
      at new URL (D:\pulse-forge\node_modules\whatwg-url\lib\URL.js:115:22)
      at new Request (node:internal/deps/undici/undici:10413:25)
      at fetch (node:internal/deps/undici/undici:11325:25)
      at fetch (node:internal/deps/undici/undici:15843:10)
      at fetch (node:internal/bootstrap/web/exposed-window-or-worker:83:12)
      at D:\pulse-forge\src\sample-library\curated.ts:121:88
      at worker (D:\pulse-forge\src\sample-library\curated.ts:133:32)
      at processTicksAndRejections (node:internal/process/task_queues:105:5)
}
[curated] failed to load factory.perc.blip.wav: TypeError: Failed to parse URL from /samples/factory.perc.blip.wav
    at node:internal/deps/undici/undici:15845:13
    at processTicksAndRejections (node:internal/process/task_queues:105:5)
    at worker (D:\pulse-forge\src\sample-library\curated.ts:133:26)
    at async Promise.all (index 3)
    at loadCuratedLayer (D:\pulse-forge\src\sample-library\curated.ts:156:3)
    at Module.curatedReadyWithin (D:\pulse-forge\src\sample-library\curated.ts:186:3)
    at D:\pulse-forge\tests\curated-samples.test.ts:112:5
    at file:///D:/pulse-forge/node_modules/@vitest/runner/dist/index.js:533:5
    at runTest (file:///D:/pulse-forge/node_modules/@vitest/runner/dist/index.js:1056:11)
    at runSuite (file:///D:/pulse-forge/node_modules/@vitest/runner/dist/index.js:1205:15) {
  [cause]: TypeError: Invalid URL: /samples/factory.perc.blip.wav
      at new URLImpl (D:\pulse-forge\node_modules\whatwg-url\lib\URL-impl.js:21:13)
      at Object.exports.setup (D:\pulse-forge\node_modules\whatwg-url\lib\URL.js:54:12)
      at new URL (D:\pulse-forge\node_modules\whatwg-url\lib\URL.js:115:22)
      at new Request (node:internal/deps/undici/undici:10413:25)
      at fetch (node:internal/deps/undici/undici:11325:25)
      at fetch (node:internal/deps/undici/undici:15843:10)
      at fetch (node:internal/bootstrap/web/exposed-window-or-worker:83:12)
      at D:\pulse-forge\src\sample-library\curated.ts:121:88
      at worker (D:\pulse-forge\src\sample-library\curated.ts:133:32)
      at processTicksAndRejections (node:internal/process/task_queues:105:5)
}
[curated] failed to load factory.perc.cowbell.wav: TypeError: Failed to parse URL from /samples/factory.perc.cowbell.wav
    at node:internal/deps/undici/undici:15845:13
    at processTicksAndRejections (node:internal/process/task_queues:105:5)
    at worker (D:\pulse-forge\src\sample-library\curated.ts:133:26)
    at async Promise.all (index 0)
    at loadCuratedLayer (D:\pulse-forge\src\sample-library\curated.ts:156:3)
    at Module.curatedReadyWithin (D:\pulse-forge\src\sample-library\curated.ts:186:3)
    at D:\pulse-forge\tests\curated-samples.test.ts:112:5
    at file:///D:/pulse-forge/node_modules/@vitest/runner/dist/index.js:533:5
    at runTest (file:///D:/pulse-forge/node_modules/@vitest/runner/dist/index.js:1056:11)
    at runSuite (file:///D:/pulse-forge/node_modules/@vitest/runner/dist/index.js:1205:15) {
  [cause]: TypeError: Invalid URL: /samples/factory.perc.cowbell.wav
      at new URLImpl (D:\pulse-forge\node_modules\whatwg-url\lib\URL-impl.js:21:13)
      at Object.exports.setup (D:\pulse-forge\node_modules\whatwg-url\lib\URL.js:54:12)
      at new URL (D:\pulse-forge\node_modules\whatwg-url\lib\URL.js:115:22)
      at new Request (node:internal/deps/undici/undici:10413:25)
      at fetch (node:internal/deps/undici/undici:11325:25)
      at fetch (node:internal/deps/undici/undici:15843:10)
      at fetch (node:internal/bootstrap/web/exposed-window-or-worker:83:12)
      at D:\pulse-forge\src\sample-library\curated.ts:121:88
      at worker (D:\pulse-forge\src\sample-library\curated.ts:133:32)
      at processTicksAndRejections (node:internal/process/task_queues:105:5)
}
[curated] failed to load factory.perc.conga.wav: TypeError: Failed to parse URL from /samples/factory.perc.conga.wav
    at node:internal/deps/undici/undici:15845:13
    at processTicksAndRejections (node:internal/process/task_queues:105:5)
    at worker (D:\pulse-forge\src\sample-library\curated.ts:133:26)
    at async Promise.all (index 1)
    at loadCuratedLayer (D:\pulse-forge\src\sample-library\curated.ts:156:3)
    at Module.curatedReadyWithin (D:\pulse-forge\src\sample-library\curated.ts:186:3)
    at D:\pulse-forge\tests\curated-samples.test.ts:112:5
    at file:///D:/pulse-forge/node_modules/@vitest/runner/dist/index.js:533:5
    at runTest (file:///D:/pulse-forge/node_modules/@vitest/runner/dist/index.js:1056:11)
    at runSuite (file:///D:/pulse-forge/node_modules/@vitest/runner/dist/index.js:1205:15) {
  [cause]: TypeError: Invalid URL: /samples/factory.perc.conga.wav
      at new URLImpl (D:\pulse-forge\node_modules\whatwg-url\lib\URL-impl.js:21:13)
      at Object.exports.setup (D:\pulse-forge\node_modules\whatwg-url\lib\URL.js:54:12)
      at new URL (D:\pulse-forge\node_modules\whatwg-url\lib\URL.js:115:22)
      at new Request (node:internal/deps/undici/undici:10413:25)
      at fetch (node:internal/deps/undici/undici:11325:25)
      at fetch (node:internal/deps/undici/undici:15843:10)
      at fetch (node:internal/bootstrap/web/exposed-window-or-worker:83:12)
      at D:\pulse-forge\src\sample-library\curated.ts:121:88
      at worker (D:\pulse-forge\src\sample-library\curated.ts:133:32)
      at processTicksAndRejections (node:internal/process/task_queues:105:5)
}
[curated] failed to load factory.perc.tambourine.wav: TypeError: Failed to parse URL from /samples/factory.perc.tambourine.wav
    at node:internal/deps/undici/undici:15845:13
    at processTicksAndRejections (node:internal/process/task_queues:105:5)
    at worker (D:\pulse-forge\src\sample-library\curated.ts:133:26)
    at async Promise.all (index 2)
    at loadCuratedLayer (D:\pulse-forge\src\sample-library\curated.ts:156:3)
    at Module.curatedReadyWithin (D:\pulse-forge\src\sample-library\curated.ts:186:3)
    at D:\pulse-forge\tests\curated-samples.test.ts:112:5
    at file:///D:/pulse-forge/node_modules/@vitest/runner/dist/index.js:533:5
    at runTest (file:///D:/pulse-forge/node_modules/@vitest/runner/dist/index.js:1056:11)
    at runSuite (file:///D:/pulse-forge/node_modules/@vitest/runner/dist/index.js:1205:15) {
  [cause]: TypeError: Invalid URL: /samples/factory.perc.tambourine.wav
      at new URLImpl (D:\pulse-forge\node_modules\whatwg-url\lib\URL-impl.js:21:13)
      at Object.exports.setup (D:\pulse-forge\node_modules\whatwg-url\lib\URL.js:54:12)
      at new URL (D:\pulse-forge\node_modules\whatwg-url\lib\URL.js:115:22)
      at new Request (node:internal/deps/undici/undici:10413:25)
      at fetch (node:internal/deps/undici/undici:11325:25)
      at fetch (node:internal/deps/undici/undici:15843:10)
      at fetch (node:internal/bootstrap/web/exposed-window-or-worker:83:12)
      at D:\pulse-forge\src\sample-library\curated.ts:121:88
      at worker (D:\pulse-forge\src\sample-library\curated.ts:133:32)
      at processTicksAndRejections (node:internal/process/task_queues:105:5)
}
[curated] failed to load factory.fx.riser.wav: TypeError: Failed to parse URL from /samples/factory.fx.riser.wav
    at node:internal/deps/undici/undici:15845:13
    at processTicksAndRejections (node:internal/process/task_queues:105:5)
    at worker (D:\pulse-forge\src\sample-library\curated.ts:133:26)
    at async Promise.all (index 3)
    at loadCuratedLayer (D:\pulse-forge\src\sample-library\curated.ts:156:3)
    at Module.curatedReadyWithin (D:\pulse-forge\src\sample-library\curated.ts:186:3)
    at D:\pulse-forge\tests\curated-samples.test.ts:112:5
    at file:///D:/pulse-forge/node_modules/@vitest/runner/dist/index.js:533:5
    at runTest (file:///D:/pulse-forge/node_modules/@vitest/runner/dist/index.js:1056:11)
    at runSuite (file:///D:/pulse-forge/node_modules/@vitest/runner/dist/index.js:1205:15) {
  [cause]: TypeError: Invalid URL: /samples/factory.fx.riser.wav
      at new URLImpl (D:\pulse-forge\node_modules\whatwg-url\lib\URL-impl.js:21:13)
      at Object.exports.setup (D:\pulse-forge\node_modules\whatwg-url\lib\URL.js:54:12)
      at new URL (D:\pulse-forge\node_modules\whatwg-url\lib\URL.js:115:22)
      at new Request (node:internal/deps/undici/undici:10413:25)
      at fetch (node:internal/deps/undici/undici:11325:25)
      at fetch (node:internal/deps/undici/undici:15843:10)
      at fetch (node:internal/bootstrap/web/exposed-window-or-worker:83:12)
      at D:\pulse-forge\src\sample-library\curated.ts:121:88
      at worker (D:\pulse-forge\src\sample-library\curated.ts:133:32)
      at processTicksAndRejections (node:internal/process/task_queues:105:5)
}
[curated] failed to load factory.fx.downlifter.wav: TypeError: Failed to parse URL from /samples/factory.fx.downlifter.wav
    at node:internal/deps/undici/undici:15845:13
    at processTicksAndRejections (node:internal/process/task_queues:105:5)
    at worker (D:\pulse-forge\src\sample-library\curated.ts:133:26)
    at async Promise.all (index 0)
    at loadCuratedLayer (D:\pulse-forge\src\sample-library\curated.ts:156:3)
    at Module.curatedReadyWithin (D:\pulse-forge\src\sample-library\curated.ts:186:3)
    at D:\pulse-forge\tests\curated-samples.test.ts:112:5
    at file:///D:/pulse-forge/node_modules/@vitest/runner/dist/index.js:533:5
    at runTest (file:///D:/pulse-forge/node_modules/@vitest/runner/dist/index.js:1056:11)
    at runSuite (file:///D:/pulse-forge/node_modules/@vitest/runner/dist/index.js:1205:15) {
  [cause]: TypeError: Invalid URL: /samples/factory.fx.downlifter.wav
      at new URLImpl (D:\pulse-forge\node_modules\whatwg-url\lib\URL-impl.js:21:13)
      at Object.exports.setup (D:\pulse-forge\node_modules\whatwg-url\lib\URL.js:54:12)
      at new URL (D:\pulse-forge\node_modules\whatwg-url\lib\URL.js:115:22)
      at new Request (node:internal/deps/undici/undici:10413:25)
      at fetch (node:internal/deps/undici/undici:11325:25)
      at fetch (node:internal/deps/undici/undici:15843:10)
      at fetch (node:internal/bootstrap/web/exposed-window-or-worker:83:12)
      at D:\pulse-forge\src\sample-library\curated.ts:121:88
      at worker (D:\pulse-forge\src\sample-library\curated.ts:133:32)
      at processTicksAndRejections (node:internal/process/task_queues:105:5)
}
[curated] failed to load factory.fx.impact.wav: TypeError: Failed to parse URL from /samples/factory.fx.impact.wav
    at node:internal/deps/undici/undici:15845:13
    at processTicksAndRejections (node:internal/process/task_queues:105:5)
    at worker (D:\pulse-forge\src\sample-library\curated.ts:133:26)
    at async Promise.all (index 1)
    at loadCuratedLayer (D:\pulse-forge\src\sample-library\curated.ts:156:3)
    at Module.curatedReadyWithin (D:\pulse-forge\src\sample-library\curated.ts:186:3)
    at D:\pulse-forge\tests\curated-samples.test.ts:112:5
    at file:///D:/pulse-forge/node_modules/@vitest/runner/dist/index.js:533:5
    at runTest (file:///D:/pulse-forge/node_modules/@vitest/runner/dist/index.js:1056:11)
    at runSuite (file:///D:/pulse-forge/node_modules/@vitest/runner/dist/index.js:1205:15) {
  [cause]: TypeError: Invalid URL: /samples/factory.fx.impact.wav
      at new URLImpl (D:\pulse-forge\node_modules\whatwg-url\lib\URL-impl.js:21:13)
      at Object.exports.setup (D:\pulse-forge\node_modules\whatwg-url\lib\URL.js:54:12)
      at new URL (D:\pulse-forge\node_modules\whatwg-url\lib\URL.js:115:22)
      at new Request (node:internal/deps/undici/undici:10413:25)
      at fetch (node:internal/deps/undici/undici:11325:25)
      at fetch (node:internal/deps/undici/undici:15843:10)
      at fetch (node:internal/bootstrap/web/exposed-window-or-worker:83:12)
      at D:\pulse-forge\src\sample-library\curated.ts:121:88
      at worker (D:\pulse-forge\src\sample-library\curated.ts:133:32)
      at processTicksAndRejections (node:internal/process/task_queues:105:5)
}
[curated] failed to load factory.fx.sweep.wav: TypeError: Failed to parse URL from /samples/factory.fx.sweep.wav
    at node:internal/deps/undici/undici:15845:13
    at processTicksAndRejections (node:internal/process/task_queues:105:5)
    at worker (D:\pulse-forge\src\sample-library\curated.ts:133:26)
    at async Promise.all (index 2)
    at loadCuratedLayer (D:\pulse-forge\src\sample-library\curated.ts:156:3)
    at Module.curatedReadyWithin (D:\pulse-forge\src\sample-library\curated.ts:186:3)
    at D:\pulse-forge\tests\curated-samples.test.ts:112:5
    at file:///D:/pulse-forge/node_modules/@vitest/runner/dist/index.js:533:5
    at runTest (file:///D:/pulse-forge/node_modules/@vitest/runner/dist/index.js:1056:11)
    at runSuite (file:///D:/pulse-forge/node_modules/@vitest/runner/dist/index.js:1205:15) {
  [cause]: TypeError: Invalid URL: /samples/factory.fx.sweep.wav
      at new URLImpl (D:\pulse-forge\node_modules\whatwg-url\lib\URL-impl.js:21:13)
      at Object.exports.setup (D:\pulse-forge\node_modules\whatwg-url\lib\URL.js:54:12)
      at new URL (D:\pulse-forge\node_modules\whatwg-url\lib\URL.js:115:22)
      at new Request (node:internal/deps/undici/undici:10413:25)
      at fetch (node:internal/deps/undici/undici:11325:25)
      at fetch (node:internal/deps/undici/undici:15843:10)
      at fetch (node:internal/bootstrap/web/exposed-window-or-worker:83:12)
      at D:\pulse-forge\src\sample-library\curated.ts:121:88
      at worker (D:\pulse-forge\src\sample-library\curated.ts:133:32)
      at processTicksAndRejections (node:internal/process/task_queues:105:5)
}
[curated] failed to load factory.fx.reverse.wav: TypeError: Failed to parse URL from /samples/factory.fx.reverse.wav
    at node:internal/deps/undici/undici:15845:13
    at processTicksAndRejections (node:internal/process/task_queues:105:5)
    at worker (D:\pulse-forge\src\sample-library\curated.ts:133:26)
    at async Promise.all (index 3)
    at loadCuratedLayer (D:\pulse-forge\src\sample-library\curated.ts:156:3)
    at Module.curatedReadyWithin (D:\pulse-forge\src\sample-library\curated.ts:186:3)
    at D:\pulse-forge\tests\curated-samples.test.ts:112:5
    at file:///D:/pulse-forge/node_modules/@vitest/runner/dist/index.js:533:5
    at runTest (file:///D:/pulse-forge/node_modules/@vitest/runner/dist/index.js:1056:11)
    at runSuite (file:///D:/pulse-forge/node_modules/@vitest/runner/dist/index.js:1205:15) {
  [cause]: TypeError: Invalid URL: /samples/factory.fx.reverse.wav
      at new URLImpl (D:\pulse-forge\node_modules\whatwg-url\lib\URL-impl.js:21:13)
      at Object.exports.setup (D:\pulse-forge\node_modules\whatwg-url\lib\URL.js:54:12)
      at new URL (D:\pulse-forge\node_modules\whatwg-url\lib\URL.js:115:22)
      at new Request (node:internal/deps/undici/undici:10413:25)
      at fetch (node:internal/deps/undici/undici:11325:25)
      at fetch (node:internal/deps/undici/undici:15843:10)
      at fetch (node:internal/bootstrap/web/exposed-window-or-worker:83:12)
      at D:\pulse-forge\src\sample-library\curated.ts:121:88
      at worker (D:\pulse-forge\src\sample-library\curated.ts:133:32)
      at processTicksAndRejections (node:internal/process/task_queues:105:5)
}
[curated] failed to load factory.fx.noise.wav: TypeError: Failed to parse URL from /samples/factory.fx.noise.wav
    at node:internal/deps/undici/undici:15845:13
    at processTicksAndRejections (node:internal/process/task_queues:105:5)
    at worker (D:\pulse-forge\src\sample-library\curated.ts:133:26)
    at async Promise.all (index 0)
    at loadCuratedLayer (D:\pulse-forge\src\sample-library\curated.ts:156:3)
    at Module.curatedReadyWithin (D:\pulse-forge\src\sample-library\curated.ts:186:3)
    at D:\pulse-forge\tests\curated-samples.test.ts:112:5
    at file:///D:/pulse-forge/node_modules/@vitest/runner/dist/index.js:533:5
    at runTest (file:///D:/pulse-forge/node_modules/@vitest/runner/dist/index.js:1056:11)
    at runSuite (file:///D:/pulse-forge/node_modules/@vitest/runner/dist/index.js:1205:15) {
  [cause]: TypeError: Invalid URL: /samples/factory.fx.noise.wav
      at new URLImpl (D:\pulse-forge\node_modules\whatwg-url\lib\URL-impl.js:21:13)
      at Object.exports.setup (D:\pulse-forge\node_modules\whatwg-url\lib\URL.js:54:12)
      at new URL (D:\pulse-forge\node_modules\whatwg-url\lib\URL.js:115:22)
      at new Request (node:internal/deps/undici/undici:10413:25)
      at fetch (node:internal/deps/undici/undici:11325:25)
      at fetch (node:internal/deps/undici/undici:15843:10)
      at fetch (node:internal/bootstrap/web/exposed-window-or-worker:83:12)
      at D:\pulse-forge\src\sample-library\curated.ts:121:88
      at worker (D:\pulse-forge\src\sample-library\curated.ts:133:32)
      at processTicksAndRejections (node:internal/process/task_queues:105:5)
}
[curated] failed to load factory.tonal.pluck.wav: TypeError: Failed to parse URL from /samples/factory.tonal.pluck.wav
    at node:internal/deps/undici/undici:15845:13
    at processTicksAndRejections (node:internal/process/task_queues:105:5)
    at worker (D:\pulse-forge\src\sample-library\curated.ts:133:26)
    at async Promise.all (index 1)
    at loadCuratedLayer (D:\pulse-forge\src\sample-library\curated.ts:156:3)
    at Module.curatedReadyWithin (D:\pulse-forge\src\sample-library\curated.ts:186:3)
    at D:\pulse-forge\tests\curated-samples.test.ts:112:5
    at file:///D:/pulse-forge/node_modules/@vitest/runner/dist/index.js:533:5
    at runTest (file:///D:/pulse-forge/node_modules/@vitest/runner/dist/index.js:1056:11)
    at runSuite (file:///D:/pulse-forge/node_modules/@vitest/runner/dist/index.js:1205:15) {
  [cause]: TypeError: Invalid URL: /samples/factory.tonal.pluck.wav
      at new URLImpl (D:\pulse-forge\node_modules\whatwg-url\lib\URL-impl.js:21:13)
      at Object.exports.setup (D:\pulse-forge\node_modules\whatwg-url\lib\URL.js:54:12)
      at new URL (D:\pulse-forge\node_modules\whatwg-url\lib\URL.js:115:22)
      at new Request (node:internal/deps/undici/undici:10413:25)
      at fetch (node:internal/deps/undici/undici:11325:25)
      at fetch (node:internal/deps/undici/undici:15843:10)
      at fetch (node:internal/bootstrap/web/exposed-window-or-worker:83:12)
      at D:\pulse-forge\src\sample-library\curated.ts:121:88
      at worker (D:\pulse-forge\src\sample-library\curated.ts:133:32)
      at processTicksAndRejections (node:internal/process/task_queues:105:5)
}
[curated] failed to load factory.tonal.stab.wav: TypeError: Failed to parse URL from /samples/factory.tonal.stab.wav
    at node:internal/deps/undici/undici:15845:13
    at processTicksAndRejections (node:internal/process/task_queues:105:5)
    at worker (D:\pulse-forge\src\sample-library\curated.ts:133:26)
    at async Promise.all (index 2)
    at loadCuratedLayer (D:\pulse-forge\src\sample-library\curated.ts:156:3)
    at Module.curatedReadyWithin (D:\pulse-forge\src\sample-library\curated.ts:186:3)
    at D:\pulse-forge\tests\curated-samples.test.ts:112:5
    at file:///D:/pulse-forge/node_modules/@vitest/runner/dist/index.js:533:5
    at runTest (file:///D:/pulse-forge/node_modules/@vitest/runner/dist/index.js:1056:11)
    at runSuite (file:///D:/pulse-forge/node_modules/@vitest/runner/dist/index.js:1205:15) {
  [cause]: TypeError: Invalid URL: /samples/factory.tonal.stab.wav
      at new URLImpl (D:\pulse-forge\node_modules\whatwg-url\lib\URL-impl.js:21:13)
      at Object.exports.setup (D:\pulse-forge\node_modules\whatwg-url\lib\URL.js:54:12)
      at new URL (D:\pulse-forge\node_modules\whatwg-url\lib\URL.js:115:22)
      at new Request (node:internal/deps/undici/undici:10413:25)
      at fetch (node:internal/deps/undici/undici:11325:25)
      at fetch (node:internal/deps/undici/undici:15843:10)
      at fetch (node:internal/bootstrap/web/exposed-window-or-worker:83:12)
      at D:\pulse-forge\src\sample-library\curated.ts:121:88
      at worker (D:\pulse-forge\src\sample-library\curated.ts:133:32)
      at processTicksAndRejections (node:internal/process/task_queues:105:5)
}
[curated] failed to load factory.tonal.keys.wav: TypeError: Failed to parse URL from /samples/factory.tonal.keys.wav
    at node:internal/deps/undici/undici:15845:13
    at processTicksAndRejections (node:internal/process/task_queues:105:5)
    at worker (D:\pulse-forge\src\sample-library\curated.ts:133:26)
    at async Promise.all (index 3)
    at loadCuratedLayer (D:\pulse-forge\src\sample-library\curated.ts:156:3)
    at Module.curatedReadyWithin (D:\pulse-forge\src\sample-library\curated.ts:186:3)
    at D:\pulse-forge\tests\curated-samples.test.ts:112:5
    at file:///D:/pulse-forge/node_modules/@vitest/runner/dist/index.js:533:5
    at runTest (file:///D:/pulse-forge/node_modules/@vitest/runner/dist/index.js:1056:11)
    at runSuite (file:///D:/pulse-forge/node_modules/@vitest/runner/dist/index.js:1205:15) {
  [cause]: TypeError: Invalid URL: /samples/factory.tonal.keys.wav
      at new URLImpl (D:\pulse-forge\node_modules\whatwg-url\lib\URL-impl.js:21:13)
      at Object.exports.setup (D:\pulse-forge\node_modules\whatwg-url\lib\URL.js:54:12)
      at new URL (D:\pulse-forge\node_modules\whatwg-url\lib\URL.js:115:22)
      at new Request (node:internal/deps/undici/undici:10413:25)
      at fetch (node:internal/deps/undici/undici:11325:25)
      at fetch (node:internal/deps/undici/undici:15843:10)
      at fetch (node:internal/bootstrap/web/exposed-window-or-worker:83:12)
      at D:\pulse-forge\src\sample-library\curated.ts:121:88
      at worker (D:\pulse-forge\src\sample-library\curated.ts:133:32)
      at processTicksAndRejections (node:internal/process/task_queues:105:5)
}
[curated] failed to load factory.tonal.bell.wav: TypeError: Failed to parse URL from /samples/factory.tonal.bell.wav
    at node:internal/deps/undici/undici:15845:13
    at processTicksAndRejections (node:internal/process/task_queues:105:5)
    at worker (D:\pulse-forge\src\sample-library\curated.ts:133:26)
    at async Promise.all (index 0)
    at loadCuratedLayer (D:\pulse-forge\src\sample-library\curated.ts:156:3)
    at Module.curatedReadyWithin (D:\pulse-forge\src\sample-library\curated.ts:186:3)
    at D:\pulse-forge\tests\curated-samples.test.ts:112:5
    at file:///D:/pulse-forge/node_modules/@vitest/runner/dist/index.js:533:5
    at runTest (file:///D:/pulse-forge/node_modules/@vitest/runner/dist/index.js:1056:11)
    at runSuite (file:///D:/pulse-forge/node_modules/@vitest/runner/dist/index.js:1205:15) {
  [cause]: TypeError: Invalid URL: /samples/factory.tonal.bell.wav
      at new URLImpl (D:\pulse-forge\node_modules\whatwg-url\lib\URL-impl.js:21:13)
      at Object.exports.setup (D:\pulse-forge\node_modules\whatwg-url\lib\URL.js:54:12)
      at new URL (D:\pulse-forge\node_modules\whatwg-url\lib\URL.js:115:22)
      at new Request (node:internal/deps/undici/undici:10413:25)
      at fetch (node:internal/deps/undici/undici:11325:25)
      at fetch (node:internal/deps/undici/undici:15843:10)
      at fetch (node:internal/bootstrap/web/exposed-window-or-worker:83:12)
      at D:\pulse-forge\src\sample-library\curated.ts:121:88
      at worker (D:\pulse-forge\src\sample-library\curated.ts:133:32)
      at processTicksAndRejections (node:internal/process/task_queues:105:5)
}

 [32mÔťô[39m tests/curated-samples.test.ts [2m([22m[2m7 tests[22m[2m)[22m[33m 314[2mms[22m[39m
 [32mÔťô[39m tests/pad-mod.test.ts [2m([22m[2m6 tests[22m[2m | [22m[33m3 skipped[39m[2m)[22m[90m 151[2mms[22m[39m
 [32mÔťô[39m tests/collab-transport.test.ts [2m([22m[2m11 tests[22m[2m)[22m[90m 18[2mms[22m[39m
 [32mÔťô[39m tests/candidate-audition.test.ts [2m([22m[2m8 tests[22m[2m)[22m[33m 720[2mms[22m[39m
 [32mÔťô[39m tests/fx-node-latency.test.ts [2m([22m[2m7 tests[22m[2m)[22m[90m 21[2mms[22m[39m
 [32mÔťô[39m tests/symbolic-melodic.test.ts [2m([22m[2m7 tests[22m[2m)[22m[90m 166[2mms[22m[39m
 [32mÔťô[39m tests/assist.test.ts [2m([22m[2m7 tests[22m[2m)[22m[90m 127[2mms[22m[39m
 [32mÔťô[39m tests/kweighting.test.ts [2m([22m[2m10 tests[22m[2m)[22m[33m 1124[2mms[22m[39m
   [33m[2mÔťô[22m[39m true peak ÔÇö 4├Ś polyphase oversampling[2m > [22mcatches the fs/4 intersample peak (+3 dB over sample peak) [33m404[2mms[22m[39m
   [33m[2mÔťô[22m[39m true peak ÔÇö 4├Ś polyphase oversampling[2m > [22mdoes not overshoot on ordinary content (ÔëĄ +0.5 dB) [33m362[2mms[22m[39m
stderr | tests/ui/new-instruments.test.tsx > Inspector: wavetable track > shows the wavetable source browser, preview canvas and params
Warning: An update to SampleBrowser inside a test was not wrapped in act(...).

When testing, code that causes React state updates should be wrapped into act(...):

act(() => {
  /* fire events that update state */
});
/* assert on the output */

This ensures that you're testing the behavior the user would see in the browser. Learn more at https://reactjs.org/link/wrap-tests-with-act
    at SampleBrowser (D:\pulse-forge\src\ui\SampleBrowser.tsx:19:3)
    at aside
    at Inspector (D:\pulse-forge\src\ui\Inspector.tsx:53:3)

stderr | tests/ui/new-instruments.test.tsx > Inspector: granular track > shows the grain source browser, preview canvas and params
Warning: An update to SampleBrowser inside a test was not wrapped in act(...).

When testing, code that causes React state updates should be wrapped into act(...):

act(() => {
  /* fire events that update state */
});
/* assert on the output */

This ensures that you're testing the behavior the user would see in the browser. Learn more at https://reactjs.org/link/wrap-tests-with-act
    at SampleBrowser (D:\pulse-forge\src\ui\SampleBrowser.tsx:19:3)
    at aside
    at Inspector (D:\pulse-forge\src\ui\Inspector.tsx:53:3)

 [32mÔťô[39m tests/ui/new-instruments.test.tsx [2m([22m[2m7 tests[22m[2m)[22m[33m 3891[2mms[22m[39m
   [33m[2mÔťô[22m[39m TrackTabs: new instrument options[2m > [22mdispatches createInstrumentTrack with the granular kind [33m1480[2mms[22m[39m
   [33m[2mÔťô[22m[39m Inspector: wavetable track[2m > [22mshows the wavetable source browser, preview canvas and params [33m788[2mms[22m[39m
   [33m[2mÔťô[22m[39m Inspector: wavetable track[2m > [22mkeeps the first screen focused and exposes the full registry in advanced mode [33m1235[2mms[22m[39m
 [32mÔťô[39m tests/browser-compat.test.ts [2m([22m[2m5 tests[22m[2m)[22m[90m 71[2mms[22m[39m
 [32mÔťô[39m tests/intent-loudness.test.ts [2m([22m[2m10 tests[22m[2m)[22m[33m 599[2mms[22m[39m
 [32mÔťô[39m tests/intent-exact.test.ts [2m([22m[2m14 tests[22m[2m)[22m[90m 147[2mms[22m[39m
stderr | tests/ui/BeatManglerEditor.test.tsx > BeatManglerEditor > is undoable like every other command
Warning: An update to BeatManglerEditor inside a test was not wrapped in act(...).

When testing, code that causes React state updates should be wrapped into act(...):

act(() => {
  /* fire events that update state */
});
/* assert on the output */

This ensures that you're testing the behavior the user would see in the browser. Learn more at https://reactjs.org/link/wrap-tests-with-act
    at BeatManglerEditor (D:\pulse-forge\src\ui\BeatManglerEditor.tsx:66:30)

 [32mÔťô[39m tests/ui/BeatManglerEditor.test.tsx [2m([22m[2m9 tests[22m[2m)[22m[33m 3740[2mms[22m[39m
   [33m[2mÔťô[22m[39m BeatManglerEditor[2m > [22mrenders the preset shelf and both envelope lanes [33m1133[2mms[22m[39m
   [33m[2mÔťô[22m[39m BeatManglerEditor[2m > [22mHALFTIME applies a gated volume envelope to the document [33m348[2mms[22m[39m
   [33m[2mÔťô[22m[39m BeatManglerEditor[2m > [22m32-step resize tiles the existing shape [33m1056[2mms[22m[39m
 [32mÔťô[39m tests/collab-contract-parity.test.ts [2m([22m[2m6 tests[22m[2m)[22m[33m 761[2mms[22m[39m
 [32mÔťô[39m tests/services-close-race.test.ts [2m([22m[2m5 tests[22m[2m)[22m[33m 661[2mms[22m[39m
 [32mÔťô[39m tests/fxeq-ozvena-biquad-hardening.test.ts [2m([22m[2m4 tests[22m[2m)[22m[33m 1410[2mms[22m[39m
   [33m[2mÔťô[22m[39m full fxeq processor: poisoned input block does not kill the chain[2m > [22mstays audible after a NaN-contaminated block (input scrub + guards) [33m407[2mms[22m[39m
   [33m[2mÔťô[22m[39m full ozvena processor: poisoned input block does not kill the wet path[2m > [22mwet output recovers after a NaN-contaminated block [33m972[2mms[22m[39m
 [32mÔťô[39m tests/render-quality.test.ts [2m([22m[2m11 tests[22m[2m)[22m[90m 195[2mms[22m[39m
 [32mÔťô[39m tests/export/scene-automation-render.test.ts [2m([22m[2m5 tests[22m[2m)[22m[90m 74[2mms[22m[39m
 [32mÔťô[39m tests/ux-audit.test.ts [2m([22m[2m8 tests[22m[2m)[22m[90m 19[2mms[22m[39m
 [32mÔťô[39m tests/ui/command-palette.test.tsx [2m([22m[2m13 tests[22m[2m)[22m[33m 1534[2mms[22m[39m
   [33m[2mÔťô[22m[39m PaletteOverlay[2m > [22mlists actions with binding hints; typing filters [33m384[2mms[22m[39m
   [33m[2mÔťô[22m[39m PaletteOverlay[2m > [22marrow keys move the selection; first result is preselected [33m471[2mms[22m[39m
 [32mÔťô[39m tests/ultina-meters.test.ts [2m([22m[2m6 tests[22m[2m)[22m[33m 9524[2mms[22m[39m
   [33m[2mÔťô[22m[39m Ultina metering gate[2m > [22mmeters ON (default): LUFS tracks a loud signal [33m1518[2mms[22m[39m
   [33m[2mÔťô[22m[39m Ultina metering gate[2m > [22mmeters OFF freezes LUFS briefly, then reports silence once the window goes stale [33m1443[2mms[22m[39m
   [33m[2mÔťô[22m[39m Ultina metering gate[2m > [22mmeters OFF + gain-match ON keeps the LUFS feedback loop alive [33m2498[2mms[22m[39m
   [33m[2mÔťô[22m[39m Ultina metering gate[2m > [22mre-enabling meters resumes fresh snapshots; bypass+off renders untouched [33m1267[2mms[22m[39m
   [33m[2mÔťô[22m[39m Ultina pooled meter snapshot[2m > [22mpooled buffers still carry FRESH data every call (no stale pooling) [33m2738[2mms[22m[39m
 [32mÔťô[39m tests/ui/DiceContext.test.tsx [2m([22m[2m6 tests[22m[2m)[22m[33m 2225[2mms[22m[39m
   [33m[2mÔťô[22m[39m DiceContext[2m > [22mrollFull mutates the seed chain (cursor advances) [33m1600[2mms[22m[39m
 [32mÔťô[39m tests/ghost-preview.test.ts [2m([22m[2m5 tests[22m[2m)[22m[90m 219[2mms[22m[39m
 [32mÔťô[39m tests/intent-semantic-client.test.ts [2m([22m[2m3 tests[22m[2m)[22m[33m 815[2mms[22m[39m
   [33m[2mÔťô[22m[39m semantic worker client failure handling[2m > [22mcold-start timeouts resolve to null WITHOUT tripping the circuit breaker [33m346[2mms[22m[39m
stderr | tests/ui/ModPanel.test.tsx > ModPanel > renders with correct aria label
Warning: An update to ScenePanel inside a test was not wrapped in act(...).

When testing, code that causes React state updates should be wrapped into act(...):

act(() => {
  /* fire events that update state */
});
/* assert on the output */

This ensures that you're testing the behavior the user would see in the browser. Learn more at https://reactjs.org/link/wrap-tests-with-act
    at ScenePanel (D:\pulse-forge\src\ui\ModPanel.tsx:1868:42)
    at div
    at section
    at ModPanel (D:\pulse-forge\src\ui\ModPanel.tsx:148:42)

stderr | tests/ui/ModPanel.test.tsx > ModPanel > renders AUTOMATION section
Warning: An update to ScenePanel inside a test was not wrapped in act(...).

When testing, code that causes React state updates should be wrapped into act(...):

act(() => {
  /* fire events that update state */
});
/* assert on the output */

This ensures that you're testing the behavior the user would see in the browser. Learn more at https://reactjs.org/link/wrap-tests-with-act
    at ScenePanel (D:\pulse-forge\src\ui\ModPanel.tsx:1868:42)
    at div
    at section
    at ModPanel (D:\pulse-forge\src\ui\ModPanel.tsx:148:42)

stderr | tests/ui/ModPanel.test.tsx > ModPanel > renders MODULATORS section (LFO / S&H / Step / Env Follower)
Warning: An update to ScenePanel inside a test was not wrapped in act(...).

When testing, code that causes React state updates should be wrapped into act(...):

act(() => {
  /* fire events that update state */
});
/* assert on the output */

This ensures that you're testing the behavior the user would see in the browser. Learn more at https://reactjs.org/link/wrap-tests-with-act
    at ScenePanel (D:\pulse-forge\src\ui\ModPanel.tsx:1868:42)
    at div
    at section
    at ModPanel (D:\pulse-forge\src\ui\ModPanel.tsx:148:42)

stderr | tests/ui/ModPanel.test.tsx > ModPanel > renders MACROS section
Warning: An update to ScenePanel inside a test was not wrapped in act(...).

When testing, code that causes React state updates should be wrapped into act(...):

act(() => {
  /* fire events that update state */
});
/* assert on the output */

This ensures that you're testing the behavior the user would see in the browser. Learn more at https://reactjs.org/link/wrap-tests-with-act
    at ScenePanel (D:\pulse-forge\src\ui\ModPanel.tsx:1868:42)
    at div
    at section
    at ModPanel (D:\pulse-forge\src\ui\ModPanel.tsx:148:42)

stderr | tests/ui/ModPanel.test.tsx > ModPanel > renders SCENES section
Warning: An update to ScenePanel inside a test was not wrapped in act(...).

When testing, code that causes React state updates should be wrapped into act(...):

act(() => {
  /* fire events that update state */
});
/* assert on the output */

This ensures that you're testing the behavior the user would see in the browser. Learn more at https://reactjs.org/link/wrap-tests-with-act
    at ScenePanel (D:\pulse-forge\src\ui\ModPanel.tsx:1868:42)
    at div
    at section
    at ModPanel (D:\pulse-forge\src\ui\ModPanel.tsx:148:42)

 [32mÔťô[39m tests/snapshots.test.ts [2m([22m[2m8 tests[22m[2m)[22m[33m 351[2mms[22m[39m
 [32mÔťô[39m tests/collab-session.test.ts [2m([22m[2m9 tests[22m[2m)[22m[33m 560[2mms[22m[39m
 [32mÔťô[39m tests/phase-vocoder.test.ts [2m([22m[2m10 tests[22m[2m)[22m[33m 2821[2mms[22m[39m
   [33m[2mÔťô[22m[39m phaseVocoderWarpChannel[2m > [22mrate 1.0 is near-transparent [33m323[2mms[22m[39m
   [33m[2mÔťô[22m[39m phaseVocoderWarpChannel[2m > [22mis deterministic (same input -> bit-identical output) [33m615[2mms[22m[39m
   [33m[2mÔťô[22m[39m phaseVocoderWarpChannel[2m > [22mrenders 2 s of mono inside the unit-test budget [33m869[2mms[22m[39m
[90mstdout[2m | tests/ultina-vectors.test.ts[2m > [22m[2mUltina golden parity (vendored core vs upstream vectors)[2m > [22m[2mparity: passthrough_default
[22m[39m[ultina-parity] passthrough_default: rms╬ö=0.0000dB maxErr=0.00e+0

[90mstdout[2m | tests/ultina-vectors.test.ts[2m > [22m[2mUltina golden parity (vendored core vs upstream vectors)[2m > [22m[2mparity: input_gain_plus6
[22m[39m[ultina-parity] input_gain_plus6: rms╬ö=0.0000dB maxErr=0.00e+0

[90mstdout[2m | tests/ultina-vectors.test.ts[2m > [22m[2mUltina golden parity (vendored core vs upstream vectors)[2m > [22m[2mparity: input_gain_minus6
[22m[39m[ultina-parity] input_gain_minus6: rms╬ö=0.0000dB maxErr=0.00e+0

[90mstdout[2m | tests/ultina-vectors.test.ts[2m > [22m[2mUltina golden parity (vendored core vs upstream vectors)[2m > [22m[2mparity: output_gain_plus3
[22m[39m[ultina-parity] output_gain_plus3: rms╬ö=0.0000dB maxErr=0.00e+0

[90mstdout[2m | tests/ultina-vectors.test.ts[2m > [22m[2mUltina golden parity (vendored core vs upstream vectors)[2m > [22m[2mparity: mix_50_percent
[22m[39m[ultina-parity] mix_50_percent: rms╬ö=0.0000dB maxErr=0.00e+0

[90mstdout[2m | tests/ultina-vectors.test.ts[2m > [22m[2mUltina golden parity (vendored core vs upstream vectors)[2m > [22m[2mparity: noise_passthrough
[22m[39m[ultina-parity] noise_passthrough: rms╬ö=0.0000dB maxErr=0.00e+0

[90mstdout[2m | tests/ultina-vectors.test.ts[2m > [22m[2mUltina golden parity (vendored core vs upstream vectors)[2m > [22m[2mparity: low_freq_sine
[22m[39m[ultina-parity] low_freq_sine: rms╬ö=0.0000dB maxErr=0.00e+0

[90mstdout[2m | tests/ultina-vectors.test.ts[2m > [22m[2mUltina golden parity (vendored core vs upstream vectors)[2m > [22m[2mparity: high_freq_sine
[22m[39m[ultina-parity] high_freq_sine: rms╬ö=0.0000dB maxErr=0.00e+0

 [32mÔťô[39m tests/ultina-vectors.test.ts [2m([22m[2m9 tests[22m[2m)[22m[33m 1214[2mms[22m[39m
 [32mÔťô[39m tests/groove-steal.test.ts [2m([22m[2m5 tests[22m[2m)[22m[90m 173[2mms[22m[39m
[90mstdout[2m | tests/ozvena-golden.test.ts[2m > [22m[2mOzvena golden parity (vendored core vs upstream fixtures)[2m > [22m[2mparity: hall-blend
[22m[39m[ozvena-parity] hall-blend: tailEnergy=1.05e-8 (min 1.00e-10)

[90mstdout[2m | tests/ozvena-golden.test.ts[2m > [22m[2mOzvena golden parity (vendored core vs upstream fixtures)[2m > [22m[2mparity: small-room
[22m[39m[ozvena-parity] small-room: tailEnergy=5.29e-13 (min 1.00e-13)

 [32mÔťô[39m tests/ozvena-golden.test.ts [2m([22m[2m3 tests[22m[2m)[22m[33m 48808[2mms[22m[39m
   [33m[2mÔťô[22m[39m Ozvena golden parity (vendored core vs upstream fixtures)[2m > [22mparity: hall-blend [33m29705[2mms[22m[39m
   [33m[2mÔťô[22m[39m Ozvena golden parity (vendored core vs upstream fixtures)[2m > [22mparity: small-room [33m19022[2mms[22m[39m
 [32mÔťô[39m tests/stems.test.ts [2m([22m[2m11 tests[22m[2m)[22m[90m 177[2mms[22m[39m
stderr | tests/ui/snapshots-panel.test.tsx > snapshots section in the history panel > ÔťĽ delete failure surfaces an error instead of an unhandled rejection
[snapshots] delete failed: Error: QuotaExceededError
    at Object.<anonymous> (D:\pulse-forge\tests\ui\snapshots-panel.test.tsx:102:13)
    at Object.mockCall (file:///D:/pulse-forge/node_modules/@vitest/spy/dist/index.js:61:17)
    at Object.spy [as delete] (file:///D:/pulse-forge/node_modules/tinyspy/dist/index.js:45:80)
    at deleteSnapshot (D:\pulse-forge\src\ui\UndoHistoryPanel.tsx:96:8)
    at onClick (D:\pulse-forge\src\ui\UndoHistoryPanel.tsx:213:30)
    at HTMLUnknownElement.callCallback (D:\pulse-forge\node_modules\react-dom\cjs\react-dom.development.js:4164:14)
    at HTMLUnknownElement.callTheUserObjectsOperation (D:\pulse-forge\node_modules\jsdom\lib\generated\idl\EventListener.js:26:30)
    at innerInvokeEventListeners (D:\pulse-forge\node_modules\jsdom\lib\jsdom\living\events\EventTarget-impl.js:360:16)
    at invokeEventListeners (D:\pulse-forge\node_modules\jsdom\lib\jsdom\living\events\EventTarget-impl.js:296:3)
    at HTMLUnknownElementImpl._dispatch (D:\pulse-forge\node_modules\jsdom\lib\jsdom\living\events\EventTarget-impl.js:243:9)

 [32mÔťô[39m tests/ui/snapshots-panel.test.tsx [2m([22m[2m6 tests[22m[2m)[22m[33m 2615[2mms[22m[39m
   [33m[2mÔťô[22m[39m snapshots section in the history panel[2m > [22mlists snapshots with label, time and a RESTORE action [33m304[2mms[22m[39m
   [33m[2mÔťô[22m[39m snapshots section in the history panel[2m > [22mÔťĽ deletes the snapshot and drops it from the list [33m1520[2mms[22m[39m
   [33m[2mÔťô[22m[39m snapshots section in the history panel[2m > [22mÔťĽ delete failure surfaces an error instead of an unhandled rejection [33m329[2mms[22m[39m
 [32mÔťô[39m tests/intent-effect-targets.test.ts [2m([22m[2m11 tests[22m[2m)[22m[33m 837[2mms[22m[39m
   [33m[2mÔťô[22m[39m applyEffectIntent execution[2m > [22mcomposes with the song builder: per-section FX stay section-scoped in TESTS [33m680[2mms[22m[39m
 [32mÔťô[39m tests/assist-pipeline.test.ts [2m([22m[2m5 tests[22m[2m)[22m[90m 153[2mms[22m[39m
 [32mÔťô[39m tests/jam-roles.test.ts [2m([22m[2m11 tests[22m[2m)[22m[33m 304[2mms[22m[39m
 [32mÔťô[39m tests/theme.test.ts [2m([22m[2m12 tests[22m[2m)[22m[90m 167[2mms[22m[39m
 [32mÔťô[39m tests/ranker-client.test.ts [2m([22m[2m5 tests[22m[2m)[22m[90m 182[2mms[22m[39m
 [32mÔťô[39m tests/intent-regen-chain.test.ts [2m([22m[2m2 tests[22m[2m)[22m[33m 503[2mms[22m[39m
   [33m[2mÔťô[22m[39m ?regen=1 chain on a real engine beat[2m > [22msurvives publish Ôćĺ import Ôćĺ snapshot Ôćĺ fresh-seed regeneration [33m497[2mms[22m[39m
 [32mÔťô[39m tests/gallery-intent-carry.test.ts [2m([22m[2m9 tests[22m[2m)[22m[90m 88[2mms[22m[39m
stderr | tests/ui/ozvena-panel.test.tsx > OzvenaPanel blend pad ÔÇö keyboard accessibility > is focusable and moves X/Y with arrow keys
Not implemented: HTMLCanvasElement's getContext() method: without installing the canvas npm package

stderr | tests/ui/ozvena-panel.test.tsx > OzvenaPanel blend pad ÔÇö keyboard accessibility > shift+arrow is a fine step, PageUp/Down a coarse Y step
Not implemented: HTMLCanvasElement's getContext() method: without installing the canvas npm package

stderr | tests/ui/ozvena-panel.test.tsx > OzvenaPanel blend pad ÔÇö keyboard accessibility > clamps at the pad edges (no spurious calls at the boundary)
Not implemented: HTMLCanvasElement's getContext() method: without installing the canvas npm package

stderr | tests/ui/ozvena-panel.test.tsx > OzvenaPanel blend pad ÔÇö keyboard accessibility > announces the engine distribution to screen readers
Not implemented: HTMLCanvasElement's getContext() method: without installing the canvas npm package

stderr | tests/ui/ozvena-panel.test.tsx > OzvenaPanel blend pad ÔÇö keyboard accessibility > exposes numeric X/Y fields that write typed percentages
Not implemented: HTMLCanvasElement's getContext() method: without installing the canvas npm package

stderr | tests/ui/ozvena-panel.test.tsx > OzvenaPanel blend pad ÔÇö keyboard accessibility > clamps typed pad percentages to 0..100
Not implemented: HTMLCanvasElement's getContext() method: without installing the canvas npm package

stderr | tests/ui/ozvena-panel.test.tsx > OzvenaPanel Reverb Assistant ÔÇö diff-based patch > ASSIST proposes only changed fields and preserves user config
Not implemented: HTMLCanvasElement's getContext() method: without installing the canvas npm package
Not implemented: HTMLCanvasElement's getContext() method: without installing the canvas npm package

 [32mÔťô[39m tests/ui/ozvena-panel.test.tsx [2m([22m[2m7 tests[22m[2m)[22m[33m 3811[2mms[22m[39m
   [33m[2mÔťô[22m[39m OzvenaPanel blend pad ÔÇö keyboard accessibility[2m > [22mis focusable and moves X/Y with arrow keys [33m1911[2mms[22m[39m
   [33m[2mÔťô[22m[39m OzvenaPanel blend pad ÔÇö keyboard accessibility[2m > [22mshift+arrow is a fine step, PageUp/Down a coarse Y step [33m419[2mms[22m[39m
   [33m[2mÔťô[22m[39m OzvenaPanel blend pad ÔÇö keyboard accessibility[2m > [22mexposes numeric X/Y fields that write typed percentages [33m593[2mms[22m[39m
 [32mÔťô[39m tests/bpm-detect.test.ts [2m([22m[2m15 tests[22m[2m)[22m[33m 896[2mms[22m[39m
 [32mÔťô[39m tests/renderer.test.ts [2m([22m[2m9 tests[22m[2m)[22m[90m 57[2mms[22m[39m
 [32mÔťô[39m tests/update-audio-clip.test.ts [2m([22m[2m8 tests[22m[2m)[22m[33m 336[2mms[22m[39m
 [32mÔťô[39m tests/time-stretch.test.ts [2m([22m[2m11 tests[22m[2m)[22m[33m 1598[2mms[22m[39m
   [33m[2mÔťô[22m[39m pitchShiftPreserveDuration[2m > [22mis deterministic (same input -> same output) [33m450[2mms[22m[39m
   [33m[2mÔťô[22m[39m timeStretch[2m > [22mis deterministic (same input -> same output) [33m405[2mms[22m[39m
 [32mÔťô[39m tests/sample-audio-index.test.ts [2m([22m[2m10 tests[22m[2m)[22m[33m 993[2mms[22m[39m
 [32mÔťô[39m tests/persistence/round-trip-integrity.test.ts [2m([22m[2m7 tests[22m[2m)[22m[33m 1008[2mms[22m[39m
   [33m[2mÔťô[22m[39m persistence integrity ÔÇö deep save/load round-trip[2m > [22msave Ôćĺ load preserves the full project state for every template [33m405[2mms[22m[39m
   [33m[2mÔťô[22m[39m persistence integrity ÔÇö migrateProject determinism[2m > [22mmigrating twice is identical to migrating once (current-version docs) [33m337[2mms[22m[39m
 [32mÔťô[39m tests/ui/GenerateDialog.race.test.tsx [2m([22m[2m2 tests[22m[2m)[22m[33m 3235[2mms[22m[39m
   [33m[2mÔťô[22m[39m GenerateDialog ÔÇö async preview race protection[2m > [22man older preview resolving after a newer one cannot replace it, and APPLY commits the newer preview [33m2086[2mms[22m[39m
   [33m[2mÔťô[22m[39m GenerateDialog ÔÇö async preview race protection[2m > [22mwhile a preview is pending the GENERATE button cannot commit a stale result [33m1145[2mms[22m[39m
 [32mÔťô[39m tests/transients.test.ts [2m([22m[2m10 tests[22m[2m)[22m[33m 486[2mms[22m[39m
 [32mÔťô[39m tests/ultina-assistant.test.ts [2m([22m[2m6 tests[22m[2m)[22m[33m 8866[2mms[22m[39m
   [33m[2mÔťô[22m[39m Mix Assistant (analyzeTrack)[2m > [22manalyzes a 3s sine and returns a successful proposal with changes [33m1721[2mms[22m[39m
   [33m[2mÔťô[22m[39m Mix Assistant (analyzeTrack)[2m > [22mis deterministic ÔÇö same audio, same proposal [33m3447[2mms[22m[39m
   [33m[2mÔťô[22m[39m Mix Assistant (analyzeTrack)[2m > [22mhonors the instrument override (skips classification) [33m1372[2mms[22m[39m
   [33m[2mÔťô[22m[39m Reference match (analyzeWithTarget)[2m > [22mproposes EQ band gainDb moves toward the target curve [33m1165[2mms[22m[39m
   [33m[2mÔťô[22m[39m Reference match (analyzeWithTarget)[2m > [22msuggests nothing when the balance already matches the target [33m1153[2mms[22m[39m
 [32mÔťô[39m tests/audio-worklets-safe-param.test.ts [2m([22m[2m5 tests[22m[2m)[22m[90m 56[2mms[22m[39m
 [32mÔťô[39m tests/tempo-lane.test.ts [2m([22m[2m7 tests[22m[2m)[22m[90m 141[2mms[22m[39m
 [32mÔťô[39m tests/fxeq-plugin-surface.test.ts [2m([22m[2m7 tests[22m[2m)[22m[33m 1733[2mms[22m[39m
   [33m[2mÔťô[22m[39m fxeq core loadParameters side effects[2m > [22mcancels a running morph ÔÇö the loaded state must win [33m375[2mms[22m[39m
   [33m[2mÔťô[22m[39m fxeq core gain-reduction metering[2m > [22mreports positive reduction for a hot signal into a low ceiling [33m824[2mms[22m[39m
 [32mÔťô[39m tests/freesound.test.ts [2m([22m[2m7 tests[22m[2m)[22m[90m 79[2mms[22m[39m
stderr | tests/persistence/UserSampleRepository.test.ts > UserSampleRepository audio persistence > restoreUserSampleAudio decodes stored bytes into the bank
[user-samples] failed to restore user.corrupt-muarxvda: Error: corrupt
    at D:\pulse-forge\tests\persistence\UserSampleRepository.test.ts:132:56
    at Module.restoreUserSampleAudio (D:\pulse-forge\src\persistence\UserSampleRepository.ts:195:17)
    at D:\pulse-forge\tests\persistence\UserSampleRepository.test.ts:129:5
    at file:///D:/pulse-forge/node_modules/@vitest/runner/dist/index.js:533:5
    at runTest (file:///D:/pulse-forge/node_modules/@vitest/runner/dist/index.js:1056:11)
    at runSuite (file:///D:/pulse-forge/node_modules/@vitest/runner/dist/index.js:1205:15)
    at runSuite (file:///D:/pulse-forge/node_modules/@vitest/runner/dist/index.js:1205:15)
    at runFiles (file:///D:/pulse-forge/node_modules/@vitest/runner/dist/index.js:1262:5)
    at startTests (file:///D:/pulse-forge/node_modules/@vitest/runner/dist/index.js:1271:3)
    at file:///D:/pulse-forge/node_modules/vitest/dist/chunks/runBaseTests.3qpJUEJM.js:126:11

 [32mÔťô[39m tests/dice-fx.test.ts [2m([22m[2m9 tests[22m[2m)[22m[33m 356[2mms[22m[39m
 [32mÔťô[39m tests/ultina-crossover.test.ts [2m([22m[2m5 tests[22m[2m)[22m[33m 1656[2mms[22m[39m
   [33m[2mÔťô[22m[39m CrossoverNetwork band-count switching[2m > [22mhybrid (FIR) mode: switching 3-band Ôćĺ 2-band keeps perfect reconstruction [33m1049[2mms[22m[39m
 [32mÔťô[39m tests/persistence/UserSampleRepository.test.ts [2m([22m[2m12 tests[22m[2m)[22m[90m 115[2mms[22m[39m
 [32mÔťô[39m tests/user-kits.test.ts [2m([22m[2m6 tests[22m[2m)[22m[90m 208[2mms[22m[39m
 [32mÔťô[39m tests/collab-jam.test.ts [2m([22m[2m4 tests[22m[2m)[22m[33m 1799[2mms[22m[39m
   [33m[2mÔťô[22m[39m instant jam seeding[2m > [22mN peers seeding the same decoded beat converge to one document [33m1398[2mms[22m[39m
 [32mÔťô[39m tests/scales.test.ts [2m([22m[2m21 tests[22m[2m)[22m[90m 38[2mms[22m[39m
 [32mÔťô[39m tests/recorder.test.ts [2m([22m[2m7 tests[22m[2m)[22m[90m 49[2mms[22m[39m
 [32mÔťô[39m tests/ui/PresetBrowser.test.tsx [2m([22m[2m3 tests[22m[2m)[22m[33m 5646[2mms[22m[39m
   [33m[2mÔťô[22m[39m PresetBrowser audition workflow[2m > [22mpreviews without mutating the project and applies through one command [33m2418[2mms[22m[39m
   [33m[2mÔťô[22m[39m PresetBrowser audition workflow[2m > [22mstops an active audition without applying the preset [33m1200[2mms[22m[39m
   [33m[2mÔťô[22m[39m PresetBrowser audition workflow[2m > [22mfilters the catalog by curated role and energy metadata [33m2024[2mms[22m[39m
 [32mÔťô[39m tests/midi-command.test.ts [2m([22m[2m4 tests[22m[2m)[22m[90m 125[2mms[22m[39m
 [32mÔťô[39m tests/ui/touch.test.tsx [2m([22m[2m7 tests[22m[2m)[22m[33m 1250[2mms[22m[39m
   [33m[2mÔťô[22m[39m AudioUnlock[2m > [22mshows the banner on suspended touch devices and unlocks on tap [33m867[2mms[22m[39m
 [32mÔťô[39m tests/meter-ring.test.ts [2m([22m[2m8 tests[22m[2m)[22m[90m 109[2mms[22m[39m
 [32mÔťô[39m tests/automap.test.ts [2m([22m[2m9 tests[22m[2m)[22m[90m 62[2mms[22m[39m
 [32mÔťô[39m tests/mixer-batch.test.ts [2m([22m[2m4 tests[22m[2m)[22m[90m 210[2mms[22m[39m
 [32mÔťô[39m tests/sw-update-lifecycle.test.ts [2m([22m[2m4 tests[22m[2m)[22m[90m 58[2mms[22m[39m
 [32mÔťô[39m tests/auto-arrange.test.ts [2m([22m[2m6 tests[22m[2m)[22m[33m 371[2mms[22m[39m
 [32mÔťô[39m tests/ai-flip.test.ts [2m([22m[2m6 tests[22m[2m)[22m[33m 446[2mms[22m[39m
 [32mÔťô[39m tests/gallery-remix.test.ts [2m([22m[2m4 tests[22m[2m)[22m[90m 219[2mms[22m[39m
 [32mÔťô[39m tests/dock-layout.test.ts [2m([22m[2m12 tests[22m[2m)[22m[90m 135[2mms[22m[39m
 [32mÔťô[39m tests/quality-gates.test.ts [2m([22m[2m5 tests[22m[2m)[22m[33m 3365[2mms[22m[39m
   [33m[2mÔťô[22m[39m Intent Engine quality gates[2m > [22maccepts every frozen golden pattern through strict invariants [33m831[2mms[22m[39m
   [33m[2mÔťô[22m[39m Intent Engine quality gates[2m > [22mholds deterministic content and shape invariants over a seed matrix [33m2342[2mms[22m[39m
 [32mÔťô[39m tests/intent-semantic.test.ts [2m([22m[2m7 tests[22m[2m)[22m[90m 92[2mms[22m[39m
 [32mÔťô[39m tests/effect-intent-store.test.ts [2m([22m[2m2 tests[22m[2m)[22m[33m 697[2mms[22m[39m
   [33m[2mÔťô[22m[39m Effect Intent apply through real project stores[2m > [22msyncs through YDocStore, preserves an unrelated peer edit, and scopes undo/redo to the proposal [33m494[2mms[22m[39m
 [32mÔťô[39m tests/pwa.test.ts [2m([22m[2m11 tests[22m[2m)[22m[33m 309[2mms[22m[39m
 [32mÔťô[39m tests/landing-budget.test.ts [2m([22m[2m3 tests[22m[2m)[22m[90m 98[2mms[22m[39m
 [32mÔťô[39m tests/ui/HelpOverlay.test.tsx [2m([22m[2m11 tests[22m[2m)[22m[33m 6475[2mms[22m[39m
   [33m[2mÔťô[22m[39m HelpOverlay[2m > [22mrenders dialog when open [33m1563[2mms[22m[39m
   [33m[2mÔťô[22m[39m HelpOverlay[2m > [22mhas the combined help title [33m837[2mms[22m[39m
   [33m[2mÔťô[22m[39m HelpOverlay[2m > [22mcalls onClose when CLOSE button clicked [33m1032[2mms[22m[39m
   [33m[2mÔťô[22m[39m HelpOverlay[2m > [22mcalls onClose when clicking scrim [33m557[2mms[22m[39m
   [33m[2mÔťô[22m[39m HelpOverlay[2m > [22mshows mouse & touch gestures for every area [33m430[2mms[22m[39m
   [33m[2mÔťô[22m[39m HelpOverlay[2m > [22mfilters shortcuts and gestures by text [33m1099[2mms[22m[39m
 [32mÔťô[39m tests/export/project-io.test.ts [2m([22m[2m10 tests[22m[2m)[22m[33m 401[2mms[22m[39m
 [32mÔťô[39m tests/ui/MidiCreativity.test.tsx [2m([22m[2m3 tests[22m[2m)[22m[33m 4633[2mms[22m[39m
   [33m[2mÔťô[22m[39m MIDI creativity UI[2m > [22mopens the creativity tab and applies a chord command [33m2866[2mms[22m[39m
   [33m[2mÔťô[22m[39m MIDI creativity UI[2m > [22mexposes phase-two generators and applies them through the command store [33m1557[2mms[22m[39m
 [32mÔťô[39m tests/ui/ProjectBrowser.test.tsx [2m([22m[2m2 tests[22m[2m)[22m[33m 4351[2mms[22m[39m
   [33m[2mÔťô[22m[39m ProjectBrowser ÔÇö import does not overwrite by embedded id[2m > [22msaves an imported file under a FRESH id and opens the fresh copy [33m593[2mms[22m[39m
   [33m[2mÔťô[22m[39m ProjectBrowser ÔÇö import does not overwrite by embedded id[2m > [22mshows newer-version projects without offering open, and still allows explicit deletion [33m3755[2mms[22m[39m
 [32mÔťô[39m tests/collab-automation.test.ts [2m([22m[2m5 tests[22m[2m)[22m[33m 707[2mms[22m[39m
   [33m[2mÔťô[22m[39m YDocAdapter ÔÇö automation and tags round-trip[2m > [22mpreserves automation/scene automation points (incl. value 0) via projectToYDoc [33m617[2mms[22m[39m
 [32mÔťô[39m tests/audio-engine-effect-intent-preview.test.ts [2m([22m[2m4 tests[22m[2m)[22m[90m 51[2mms[22m[39m
 [32mÔťô[39m tests/intent-pipeline.test.ts [2m([22m[2m5 tests[22m[2m)[22m[33m 343[2mms[22m[39m
stderr | tests/persistence/FrozenBufferRepository.test.ts > restoreFrozenTracks > reports the id when decoding throws
[freeze] failed to decode frozen buffer frozen-corrupt: Error: decode failed
    at D:\pulse-forge\tests\persistence\FrozenBufferRepository.test.ts:86:13
    at Module.restoreFrozenTracks (D:\pulse-forge\src\persistence\FrozenBufferRepository.ts:86:32)
    at D:\pulse-forge\tests\persistence\FrozenBufferRepository.test.ts:85:21
    at file:///D:/pulse-forge/node_modules/@vitest/runner/dist/index.js:533:5
    at runTest (file:///D:/pulse-forge/node_modules/@vitest/runner/dist/index.js:1056:11)
    at runSuite (file:///D:/pulse-forge/node_modules/@vitest/runner/dist/index.js:1205:15)
    at runSuite (file:///D:/pulse-forge/node_modules/@vitest/runner/dist/index.js:1205:15)
    at runFiles (file:///D:/pulse-forge/node_modules/@vitest/runner/dist/index.js:1262:5)
    at startTests (file:///D:/pulse-forge/node_modules/@vitest/runner/dist/index.js:1271:3)
    at file:///D:/pulse-forge/node_modules/vitest/dist/chunks/runBaseTests.3qpJUEJM.js:126:11
[freeze] failed to decode frozen buffer frozen-corrupt-2: Error: decode failed
    at D:\pulse-forge\tests\persistence\FrozenBufferRepository.test.ts:86:13
    at Module.restoreFrozenTracks (D:\pulse-forge\src\persistence\FrozenBufferRepository.ts:86:32)
    at D:\pulse-forge\tests\persistence\FrozenBufferRepository.test.ts:85:21
    at file:///D:/pulse-forge/node_modules/@vitest/runner/dist/index.js:533:5
    at runTest (file:///D:/pulse-forge/node_modules/@vitest/runner/dist/index.js:1056:11)
    at runSuite (file:///D:/pulse-forge/node_modules/@vitest/runner/dist/index.js:1205:15)
    at runSuite (file:///D:/pulse-forge/node_modules/@vitest/runner/dist/index.js:1205:15)
    at runFiles (file:///D:/pulse-forge/node_modules/@vitest/runner/dist/index.js:1262:5)
    at startTests (file:///D:/pulse-forge/node_modules/@vitest/runner/dist/index.js:1271:3)
    at file:///D:/pulse-forge/node_modules/vitest/dist/chunks/runBaseTests.3qpJUEJM.js:126:11

 [32mÔťô[39m tests/persistence/FrozenBufferRepository.test.ts [2m([22m[2m6 tests[22m[2m)[22m[90m 298[2mms[22m[39m
 [32mÔťô[39m tests/golden-render.test.ts [2m([22m[2m13 tests[22m[2m)[22m[90m 161[2mms[22m[39m
 [31mÔŁ»[39m tests/slider-taper.test.ts [2m([22m[2m10 tests[22m[2m | [22m[31m1 failed[39m[2m)[22m[90m 87[2mms[22m[39m
[31m   [31m├Ś[31m taper contract[2m > [22mevery Hz effect param with min > 0 drags logarithmically[90m 37[2mms[22m[31m[39m
[31m     Ôćĺ expected [ 'freqShifter.tone', ÔÇŽ(1) ] to deeply equal [][39m
 [32mÔťô[39m tests/master-finish.test.ts [2m([22m[2m3 tests[22m[2m)[22m[33m 485[2mms[22m[39m
   [33m[2mÔťô[22m[39m master finish chain[2m > [22mbuilds a fixed 12 Hz DC blocker ahead of the glue [33m477[2mms[22m[39m
 [32mÔťô[39m tests/midi/MidiClock.test.ts [2m([22m[2m9 tests[22m[2m)[22m[90m 280[2mms[22m[39m
 [32mÔťô[39m tests/bounce.test.ts [2m([22m[2m6 tests[22m[2m)[22m[90m 97[2mms[22m[39m
 [32mÔťô[39m tests/render-event-parity.test.ts [2m([22m[2m3 tests[22m[2m)[22m[90m 158[2mms[22m[39m
 [32mÔťô[39m tests/ui/CollabPanel.test.tsx [2m([22m[2m4 tests[22m[2m)[22m[33m 1946[2mms[22m[39m
   [33m[2mÔťô[22m[39m CollabPanel project swap race[2m > [22ma second click during an in-flight swap does not start a second openProject [33m1607[2mms[22m[39m
 [32mÔťô[39m tests/export/share-code.test.ts [2m([22m[2m10 tests[22m[2m)[22m[33m 740[2mms[22m[39m
   [33m[2mÔťô[22m[39m shareCode ÔÇö round-trip[2m > [22mencodes a project and decodes it back losslessly (normalized) [33m350[2mms[22m[39m
 [32mÔťô[39m tests/ui/SamplerMapping.test.tsx [2m([22m[2m2 tests[22m[2m)[22m[33m 5353[2mms[22m[39m
   [33m[2mÔťô[22m[39m Sampler AutoMap UI contract[2m > [22mkeeps multi-file import as a proposal and applies it in one command [33m2703[2mms[22m[39m
   [33m[2mÔťô[22m[39m Sampler AutoMap UI contract[2m > [22mcancels the mapping proposal without touching project history [33m2627[2mms[22m[39m
 [32mÔťô[39m tests/ultina-analysis-client.test.ts [2m([22m[2m4 tests[22m[2m)[22m[90m 40[2mms[22m[39m
 [32mÔťô[39m tests/midi/MidiOutput.test.ts [2m([22m[2m14 tests[22m[2m)[22m[90m 78[2mms[22m[39m
 [32mÔťô[39m tests/ui/IntentPanel.test.tsx [2m([22m[2m7 tests[22m[2m)[22m[33m 3495[2mms[22m[39m
   [33m[2mÔťô[22m[39m IntentPanel[2m > [22mrenders the textarea and disabled GENERATE button initially [33m1043[2mms[22m[39m
   [33m[2mÔťô[22m[39m IntentPanel ÔÇö A3 share moment[2m > [22mreveals Publish / Copy-link CTA after USE [33m756[2mms[22m[39m
   [33m[2mÔťô[22m[39m IntentPanel ÔÇö A3 share moment[2m > [22mhides the share row when a new generation starts [33m788[2mms[22m[39m
   [33m[2mÔťô[22m[39m IntentPanel ÔÇö A3 share moment[2m > [22mcopy link falls back to a manual dialog and reports it honestly when clipboard is unavailable [33m595[2mms[22m[39m
 [32mÔťô[39m tests/midi/midi-commands.test.ts [2m([22m[2m11 tests[22m[2m)[22m[90m 134[2mms[22m[39m
 [32mÔťô[39m tests/recording-capture-worklet.test.ts [2m([22m[2m2 tests[22m[2m)[22m[90m 15[2mms[22m[39m
 [32mÔťô[39m tests/ui/RackStrip.test.tsx [2m([22m[2m7 tests[22m[2m)[22m[33m 3930[2mms[22m[39m
   [33m[2mÔťô[22m[39m RackStrip[2m > [22mrenders pad buttons for each pad [33m451[2mms[22m[39m
   [33m[2mÔťô[22m[39m RackStrip[2m > [22mcalls onSelectPad on click [33m2046[2mms[22m[39m
   [33m[2mÔťô[22m[39m RackStrip[2m > [22mkeeps keymap sharing inside the KEYS menu, not as always-visible chrome [33m989[2mms[22m[39m
 [32mÔťô[39m tests/wav.test.ts [2m([22m[2m5 tests[22m[2m)[22m[90m 25[2mms[22m[39m
 [32mÔťô[39m tests/persistence/UltinaPresetRepository.test.ts [2m([22m[2m5 tests[22m[2m)[22m[90m 116[2mms[22m[39m
 [32mÔťô[39m tests/ui/Mixer.test.tsx [2m([22m[2m6 tests[22m[2m)[22m[33m 6020[2mms[22m[39m
   [33m[2mÔťô[22m[39m Mixer performance workflow[2m > [22msurfaces the first four performance macros in the mixer [33m2159[2mms[22m[39m
   [33m[2mÔťô[22m[39m Mixer performance workflow[2m > [22mreports the actual selected-track count in the batch FX toolbar [33m521[2mms[22m[39m
   [33m[2mÔťô[22m[39m Mixer performance workflow[2m > [22mreveals the FX rack after a batch add (device UI becomes visible) [33m1544[2mms[22m[39m
   [33m[2mÔťô[22m[39m Mixer performance workflow[2m > [22mtoggles the master buss glue through one command [33m640[2mms[22m[39m
   [33m[2mÔťô[22m[39m Mixer performance workflow[2m > [22mshows the master TILT/TRIM knobs with the document's current values [33m668[2mms[22m[39m
   [33m[2mÔťô[22m[39m Mixer performance workflow[2m > [22mTILT/TRIM read 0 on a project that never touched the sound-quality pass [33m457[2mms[22m[39m
 [32mÔťô[39m tests/latencyCalibration.test.ts [2m([22m[2m6 tests[22m[2m)[22m[90m 50[2mms[22m[39m
 [32mÔťô[39m tests/ui/fine-grained-selectors.test.tsx [2m([22m[2m3 tests[22m[2m)[22m[90m 238[2mms[22m[39m
 [32mÔťô[39m tests/ui/melodicKeys.test.ts [2m([22m[2m5 tests[22m[2m)[22m[90m 13[2mms[22m[39m
 [32mÔťô[39m tests/ui/OnboardingTour.test.tsx [2m([22m[2m5 tests[22m[2m)[22m[33m 5182[2mms[22m[39m
   [33m[2mÔťô[22m[39m OnboardingTour[2m > [22mappears on first run after the boot delay and shows the first step [33m869[2mms[22m[39m
   [33m[2mÔťô[22m[39m OnboardingTour[2m > [22mNEXT advances to the next tour step [33m1622[2mms[22m[39m
   [33m[2mÔťô[22m[39m OnboardingTour[2m > [22mSKIP closes the tour, persists the flag, and flushes the save service [33m1035[2mms[22m[39m
   [33m[2mÔťô[22m[39m OnboardingTour[2m > [22mthe final step offers a LET'S FORGE button that closes the tour [33m1522[2mms[22m[39m
 [32mÔťô[39m tests/ui/mobile-layout.test.tsx [2m([22m[2m4 tests[22m[2m)[22m[33m 2803[2mms[22m[39m
   [33m[2mÔťô[22m[39m fullscreen piano roll[2m > [22mis inline by default ÔÇö no fullscreen class, no toggle button [33m813[2mms[22m[39m
   [33m[2mÔťô[22m[39m fullscreen piano roll[2m > [22mSequencer wires the toggle per track (only that track goes fullscreen) [33m1478[2mms[22m[39m
 [32mÔťô[39m tests/export/mp3.test.ts [2m([22m[2m7 tests[22m[2m)[22m[33m 10272[2mms[22m[39m
   [33m[2mÔťô[22m[39m encodeMp3[2m > [22mproduces a valid MP3 stream (MPEG frame sync 0xFF Ex/Fx) [33m1439[2mms[22m[39m
   [33m[2mÔťô[22m[39m encodeMp3[2m > [22mencodes mono buffers [33m373[2mms[22m[39m
   [33m[2mÔťô[22m[39m encodeMp3[2m > [22mhigher bitrate produces a larger file [33m2315[2mms[22m[39m
   [33m[2mÔťô[22m[39m encodeMp3[2m > [22mis dramatically smaller than 16-bit WAV of the same audio [33m1265[2mms[22m[39m
   [33m[2mÔťô[22m[39m encodeMp3[2m > [22mreports progress reaching 1, monotonically [33m900[2mms[22m[39m
   [33m[2mÔťô[22m[39m encodeMp3 ÔÇö cancellation (release roadmap 1.4)[2m > [22maborts at the next yield point without producing a Blob [33m3769[2mms[22m[39m
[90mstdout[2m | tests/fxeq-golden.test.ts[2m > [22m[2mFXEQ golden parity (vendored core vs upstream fixtures)[2m > [22m[2mparity: bypass-transparent
[22m[39m[fxeq-parity] bypass-transparent: envelope╬ö=1.3e-4 peak╬ö=8.0e-6 rms╬ö=0.0e+0 hash=differs

[90mstdout[2m | tests/fxeq-golden.test.ts[2m > [22m[2mFXEQ golden parity (vendored core vs upstream fixtures)[2m > [22m[2mparity: impulse-response
[22m[39m[fxeq-parity] impulse-response: envelope╬ö=0.0e+0 peak╬ö=0.0e+0 rms╬ö=0.0e+0 hash=EXACT

[90mstdout[2m | tests/fxeq-golden.test.ts[2m > [22m[2mFXEQ golden parity (vendored core vs upstream fixtures)[2m > [22m[2mparity: warmth-saturation
[22m[39m[fxeq-parity] warmth-saturation: envelope╬ö=0.0e+0 peak╬ö=0.0e+0 rms╬ö=0.0e+0 hash=EXACT

[90mstdout[2m | tests/fxeq-golden.test.ts[2m > [22m[2mFXEQ golden parity (vendored core vs upstream fixtures)[2m > [22m[2mparity: reverb-plate
[22m[39m[fxeq-parity] reverb-plate: envelope╬ö=0.0e+0 peak╬ö=0.0e+0 rms╬ö=0.0e+0 hash=EXACT

[90mstdout[2m | tests/fxeq-golden.test.ts[2m > [22m[2mFXEQ golden parity (vendored core vs upstream fixtures)[2m > [22m[2mparity: lofi-degradation
[22m[39m[fxeq-parity] lofi-degradation: envelope╬ö=0.0e+0 peak╬ö=0.0e+0 rms╬ö=0.0e+0 hash=EXACT

[90mstdout[2m | tests/fxeq-golden.test.ts[2m > [22m[2mFXEQ golden parity (vendored core vs upstream fixtures)[2m > [22m[2mparity: delay-feedback
[22m[39m[fxeq-parity] delay-feedback: envelope╬ö=0.0e+0 peak╬ö=0.0e+0 rms╬ö=0.0e+0 hash=EXACT

[90mstdout[2m | tests/fxeq-golden.test.ts[2m > [22m[2mFXEQ golden parity (vendored core vs upstream fixtures)[2m > [22m[2mparity: phaser-modulation
[22m[39m[fxeq-parity] phaser-modulation: envelope╬ö=0.0e+0 peak╬ö=0.0e+0 rms╬ö=0.0e+0 hash=EXACT

[90mstdout[2m | tests/fxeq-golden.test.ts[2m > [22m[2mFXEQ golden parity (vendored core vs upstream fixtures)[2m > [22m[2mparity: combined-chain
[22m[39m[fxeq-parity] combined-chain: envelope╬ö=0.0e+0 peak╬ö=0.0e+0 rms╬ö=0.0e+0 hash=EXACT

[90mstdout[2m | tests/fxeq-golden.test.ts[2m > [22m[2mFXEQ golden parity (vendored core vs upstream fixtures)[2m > [22m[2mreports how many cases are bit-exact (informational)
[22m[39m[fxeq-parity] 7/8 cases bit-exact vs fixtures

 [32mÔťô[39m tests/fxeq-golden.test.ts [2m([22m[2m9 tests[22m[2m)[22m[33m 4319[2mms[22m[39m
   [33m[2mÔťô[22m[39m FXEQ golden parity (vendored core vs upstream fixtures)[2m > [22mparity: bypass-transparent [33m763[2mms[22m[39m
   [33m[2mÔťô[22m[39m FXEQ golden parity (vendored core vs upstream fixtures)[2m > [22mparity: warmth-saturation [33m1144[2mms[22m[39m
   [33m[2mÔťô[22m[39m FXEQ golden parity (vendored core vs upstream fixtures)[2m > [22mparity: lofi-degradation [33m770[2mms[22m[39m
   [33m[2mÔťô[22m[39m FXEQ golden parity (vendored core vs upstream fixtures)[2m > [22mparity: combined-chain [33m887[2mms[22m[39m
 [32mÔťô[39m tests/midi/midi-extensions.test.ts [2m([22m[2m9 tests[22m[2m)[22m[90m 87[2mms[22m[39m
stderr | tests/ui/WavetablePanel.test.tsx > WavetablePanel > renders the wavetable canvas with the table name in the aria-label
Not implemented: HTMLCanvasElement's getContext() method: without installing the canvas npm package

stderr | tests/ui/WavetablePanel.test.tsx > WavetablePanel > renders MOD A and MOD B modulation rows with source/destination selectors
Not implemented: HTMLCanvasElement's getContext() method: without installing the canvas npm package

stderr | tests/ui/WavetablePanel.test.tsx > WavetablePanel > changing the MOD A destination commits a setInstrumentParam command
Not implemented: HTMLCanvasElement's getContext() method: without installing the canvas npm package

stderr | tests/ui/WavetablePanel.test.tsx > WavetablePanel > exposes a MOD LFO rate slider that defaults to the source's rate value
Not implemented: HTMLCanvasElement's getContext() method: without installing the canvas npm package

 [32mÔťô[39m tests/ui/WavetablePanel.test.tsx [2m([22m[2m4 tests[22m[2m)[22m[33m 1602[2mms[22m[39m
   [33m[2mÔťô[22m[39m WavetablePanel[2m > [22mrenders the wavetable canvas with the table name in the aria-label [33m468[2mms[22m[39m
   [33m[2mÔťô[22m[39m WavetablePanel[2m > [22mrenders MOD A and MOD B modulation rows with source/destination selectors [33m739[2mms[22m[39m
 [32mÔťô[39m tests/intent-mapping.test.ts [2m([22m[2m5 tests[22m[2m)[22m[90m 226[2mms[22m[39m
 [32mÔťô[39m tests/ui/FreesoundSection.test.tsx [2m([22m[2m3 tests[22m[2m)[22m[33m 2203[2mms[22m[39m
   [33m[2mÔťô[22m[39m FreesoundSection[2m > [22msearches on Enter and renders results with import buttons [33m1232[2mms[22m[39m
   [33m[2mÔťô[22m[39m FreesoundSection[2m > [22mimports a result into the bank + user samples and calls onImport [33m736[2mms[22m[39m
 [32mÔťô[39m tests/ui/ContextMenu.test.tsx [2m([22m[2m3 tests[22m[2m)[22m[33m 1844[2mms[22m[39m
   [33m[2mÔťô[22m[39m ContextMenu[2m > [22mdeletes selected arrangement and audio clips as one undoable command [33m1663[2mms[22m[39m
 [32mÔťô[39m tests/ui/ModMatrixRow.test.tsx [2m([22m[2m3 tests[22m[2m)[22m[33m 1999[2mms[22m[39m
   [33m[2mÔťô[22m[39m ModMatrixRow[2m > [22mrenders both routes with source/destination selects and an LFO slider [33m1154[2mms[22m[39m
   [33m[2mÔťô[22m[39m ModMatrixRow[2m > [22mchanging a route commits the mod param through the store [33m418[2mms[22m[39m
   [33m[2mÔťô[22m[39m ModMatrixRow[2m > [22mvocalchop offers no CUTOFF destination and wavetable keeps MORPH [33m424[2mms[22m[39m
 [32mÔťô[39m tests/fit-audio-clip.test.ts [2m([22m[2m6 tests[22m[2m)[22m[90m 56[2mms[22m[39m
 [32mÔťô[39m tests/ui/ErrorBoundary.test.tsx [2m([22m[2m7 tests[22m[2m)[22m[33m 2002[2mms[22m[39m
   [33m[2mÔťô[22m[39m ErrorBoundary[2m > [22mshows reload button [33m1390[2mms[22m[39m
 [32mÔťô[39m tests/onset-detector-client.test.ts [2m([22m[2m6 tests[22m[2m)[22m[90m 152[2mms[22m[39m
 [32mÔťô[39m tests/export-quantize.test.ts [2m([22m[2m6 tests[22m[2m)[22m[33m 1003[2mms[22m[39m
   [33m[2mÔťô[22m[39m export quantizeInt16[2m > [22mkeeps extreme inputs inside int16 with a soft ceiling (no hard-clip square) [33m368[2mms[22m[39m
   [33m[2mÔťô[22m[39m export quantizeInt16[2m > [22mdithers quiet passages instead of truncating them to digital silence [33m492[2mms[22m[39m
 [32mÔťô[39m tests/slice-playback.test.ts [2m([22m[2m5 tests[22m[2m)[22m[90m 78[2mms[22m[39m
 [32mÔťô[39m tests/rafLoop.test.ts [2m([22m[2m6 tests[22m[2m)[22m[90m 43[2mms[22m[39m
 [32mÔťô[39m tests/scorepack.test.ts [2m([22m[2m4 tests[22m[2m)[22m[90m 71[2mms[22m[39m
 [32mÔťô[39m tests/fxeq-processor-workflow.test.ts [2m([22m[2m3 tests[22m[2m)[22m[33m 403[2mms[22m[39m
 [32mÔťô[39m tests/similar.test.ts [2m([22m[2m4 tests[22m[2m)[22m[90m 58[2mms[22m[39m
 [32mÔťô[39m tests/midi-collab.test.ts [2m([22m[2m2 tests[22m[2m)[22m[90m 217[2mms[22m[39m
 [32mÔťô[39m tests/ai-baseline.test.ts [2m([22m[2m4 tests[22m[2m)[22m[33m 664[2mms[22m[39m
   [33m[2mÔťô[22m[39m AI baseline harness[2m > [22mmatches the frozen correctness-1 hashes and metrics [33m523[2mms[22m[39m
 [32mÔťô[39m tests/ui/InstallPrompt.test.tsx [2m([22m[2m6 tests[22m[2m)[22m[33m 1566[2mms[22m[39m
   [33m[2mÔťô[22m[39m InstallPrompt[2m > [22mINSTALL button triggers the native prompt and hides on accept [33m1015[2mms[22m[39m
 [32mÔťô[39m tests/ui/gestureHints.test.tsx [2m([22m[2m5 tests[22m[2m)[22m[33m 2040[2mms[22m[39m
   [33m[2mÔťô[22m[39m GestureHintToast[2m > [22mshows a hint the first time its gesture fires, never again [33m1600[2mms[22m[39m
 [32mÔťô[39m tests/ui/shortcuts.test.ts [2m([22m[2m5 tests[22m[2m)[22m[90m 113[2mms[22m[39m
 [32mÔťô[39m tests/download.test.tsx [2m([22m[2m6 tests[22m[2m)[22m[33m 4083[2mms[22m[39m
   [33m[2mÔťô[22m[39m DownloadPage[2m > [22mrenders the hero with the GitHub Releases download link [33m2141[2mms[22m[39m
   [33m[2mÔťô[22m[39m DownloadPage[2m > [22mcovers the desktop-specific facts, install steps and honest notes [33m320[2mms[22m[39m
   [33m[2mÔťô[22m[39m DownloadPage[2m > [22mshows the release meta fallback until the GitHub API answers [33m508[2mms[22m[39m
   [33m[2mÔťô[22m[39m DownloadPage[2m > [22mrenders the decorative waveform and marquee hidden from AT [33m308[2mms[22m[39m
   [33m[2mÔťô[22m[39m landing Ôćĺ download wiring[2m > [22mlinks to /download from the nav and the hero hint [33m516[2mms[22m[39m
 [32mÔťô[39m tests/ui/slider-taper.test.tsx [2m([22m[2m4 tests[22m[2m)[22m[33m 677[2mms[22m[39m
   [33m[2mÔťô[22m[39m Slider taper behavior[2m > [22mmid-track drag commits the geometric mean on log taper [33m585[2mms[22m[39m
 [32mÔťô[39m tests/ui/TrackTabs.test.tsx [2m([22m[2m6 tests[22m[2m)[22m[33m 2474[2mms[22m[39m
   [33m[2mÔťô[22m[39m TrackTabs[2m > [22mrenders all track tabs [33m1264[2mms[22m[39m
   [33m[2mÔťô[22m[39m TrackTabs[2m > [22mcalls onSelectTrack on click [33m488[2mms[22m[39m
   [33m[2mÔťô[22m[39m TrackTabs[2m > [22mexecutes createDrumTrack when adding drum [33m522[2mms[22m[39m
 [32mÔťô[39m tests/master-gain-staging.test.ts [2m([22m[2m6 tests[22m[2m)[22m[90m 46[2mms[22m[39m
 [32mÔťô[39m tests/recording-input.test.ts [2m([22m[2m4 tests[22m[2m)[22m[90m 73[2mms[22m[39m
 [32mÔťô[39m tests/ui/DiceTray.test.tsx [2m([22m[2m3 tests[22m[2m)[22m[33m 2424[2mms[22m[39m
   [33m[2mÔťô[22m[39m DiceTray[2m > [22mrenders on a project without a drum track instead of crashing [33m1655[2mms[22m[39m
   [33m[2mÔťô[22m[39m DiceTray[2m > [22mscopes the D hotkey to the tray and yields to armed pad keys [33m634[2mms[22m[39m
stderr | tests/ui/SliceLab.test.tsx > SliceLab > renders the SliceLab header and Close button
Not implemented: HTMLCanvasElement's getContext() method: without installing the canvas npm package
Warning: An update to SampleBrowser inside a test was not wrapped in act(...).

When testing, code that causes React state updates should be wrapped into act(...):

act(() => {
  /* fire events that update state */
});
/* assert on the output */

This ensures that you're testing the behavior the user would see in the browser. Learn more at https://reactjs.org/link/wrap-tests-with-act
    at SampleBrowser (D:\pulse-forge\src\ui\SampleBrowser.tsx:19:3)
    at aside
    at div
    at div
    at div
    at SliceLab (D:\pulse-forge\src\ui\SliceLab.tsx:34:21)
Warning: An update to SliceLab inside a test was not wrapped in act(...).

When testing, code that causes React state updates should be wrapped into act(...):

act(() => {
  /* fire events that update state */
});
/* assert on the output */

This ensures that you're testing the behavior the user would see in the browser. Learn more at https://reactjs.org/link/wrap-tests-with-act
    at SliceLab (D:\pulse-forge\src\ui\SliceLab.tsx:34:21)

stderr | tests/ui/SliceLab.test.tsx > SliceLab > clicking Close calls the onClose handler
Not implemented: HTMLCanvasElement's getContext() method: without installing the canvas npm package
Warning: An update to SampleBrowser inside a test was not wrapped in act(...).

When testing, code that causes React state updates should be wrapped into act(...):

act(() => {
  /* fire events that update state */
});
/* assert on the output */

This ensures that you're testing the behavior the user would see in the browser. Learn more at https://reactjs.org/link/wrap-tests-with-act
    at SampleBrowser (D:\pulse-forge\src\ui\SampleBrowser.tsx:19:3)
    at aside
    at div
    at div
    at div
    at SliceLab (D:\pulse-forge\src\ui\SliceLab.tsx:34:21)
Warning: An update to SliceLab inside a test was not wrapped in act(...).

When testing, code that causes React state updates should be wrapped into act(...):

act(() => {
  /* fire events that update state */
});
/* assert on the output */

This ensures that you're testing the behavior the user would see in the browser. Learn more at https://reactjs.org/link/wrap-tests-with-act
    at SliceLab (D:\pulse-forge\src\ui\SliceLab.tsx:34:21)

stderr | tests/ui/SliceLab.test.tsx > SliceLab > renders mode toggle buttons (1/16, 1/8, HITS) when a buffer is loaded
Not implemented: HTMLCanvasElement's getContext() method: without installing the canvas npm package
Warning: An update to SampleBrowser inside a test was not wrapped in act(...).

When testing, code that causes React state updates should be wrapped into act(...):

act(() => {
  /* fire events that update state */
});
/* assert on the output */

This ensures that you're testing the behavior the user would see in the browser. Learn more at https://reactjs.org/link/wrap-tests-with-act
    at SampleBrowser (D:\pulse-forge\src\ui\SampleBrowser.tsx:19:3)
    at aside
    at div
    at div
    at div
    at SliceLab (D:\pulse-forge\src\ui\SliceLab.tsx:34:21)
Warning: An update to SliceLab inside a test was not wrapped in act(...).

When testing, code that causes React state updates should be wrapped into act(...):

act(() => {
  /* fire events that update state */
});
/* assert on the output */

This ensures that you're testing the behavior the user would see in the browser. Learn more at https://reactjs.org/link/wrap-tests-with-act
    at SliceLab (D:\pulse-forge\src\ui\SliceLab.tsx:34:21)

stderr | tests/ui/SliceLab.test.tsx > SliceLab > changing to HITS mode activates the HITS toggle
Not implemented: HTMLCanvasElement's getContext() method: without installing the canvas npm package
Not implemented: HTMLCanvasElement's getContext() method: without installing the canvas npm package
Warning: An update to SampleBrowser inside a test was not wrapped in act(...).

When testing, code that causes React state updates should be wrapped into act(...):

act(() => {
  /* fire events that update state */
});
/* assert on the output */

This ensures that you're testing the behavior the user would see in the browser. Learn more at https://reactjs.org/link/wrap-tests-with-act
    at SampleBrowser (D:\pulse-forge\src\ui\SampleBrowser.tsx:19:3)
    at aside
    at div
    at div
    at div
    at SliceLab (D:\pulse-forge\src\ui\SliceLab.tsx:34:21)
Warning: An update to SliceLab inside a test was not wrapped in act(...).

When testing, code that causes React state updates should be wrapped into act(...):

act(() => {
  /* fire events that update state */
});
/* assert on the output */

This ensures that you're testing the behavior the user would see in the browser. Learn more at https://reactjs.org/link/wrap-tests-with-act
    at SliceLab (D:\pulse-forge\src\ui\SliceLab.tsx:34:21)
Warning: An update to SliceLab inside a test was not wrapped in act(...).

When testing, code that causes React state updates should be wrapped into act(...):

act(() => {
  /* fire events that update state */
});
/* assert on the output */

This ensures that you're testing the behavior the user would see in the browser. Learn more at https://reactjs.org/link/wrap-tests-with-act
    at SliceLab (D:\pulse-forge\src\ui\SliceLab.tsx:34:21)
Warning: An update to SliceLab inside a test was not wrapped in act(...).

When testing, code that causes React state updates should be wrapped into act(...):

act(() => {
  /* fire events that update state */
});
/* assert on the output */

This ensures that you're testing the behavior the user would see in the browser. Learn more at https://reactjs.org/link/wrap-tests-with-act
    at SliceLab (D:\pulse-forge\src\ui\SliceLab.tsx:34:21)

 [32mÔťô[39m tests/ui/SliceLab.test.tsx [2m([22m[2m4 tests[22m[2m)[22m[33m 7851[2mms[22m[39m
   [33m[2mÔťô[22m[39m SliceLab[2m > [22mrenders the SliceLab header and Close button [33m3108[2mms[22m[39m
   [33m[2mÔťô[22m[39m SliceLab[2m > [22mclicking Close calls the onClose handler [33m1820[2mms[22m[39m
   [33m[2mÔťô[22m[39m SliceLab[2m > [22mrenders mode toggle buttons (1/16, 1/8, HITS) when a buffer is loaded [33m1860[2mms[22m[39m
   [33m[2mÔťô[22m[39m SliceLab[2m > [22mchanging to HITS mode activates the HITS toggle [33m1060[2mms[22m[39m
 [32mÔťô[39m tests/ui/AudioUnlock.test.tsx [2m([22m[2m4 tests[22m[2m)[22m[33m 2039[2mms[22m[39m
   [33m[2mÔťô[22m[39m AudioUnlock[2m > [22mrenders the unlock banner when context is suspended on a coarse-pointer device [33m1341[2mms[22m[39m
   [33m[2mÔťô[22m[39m AudioUnlock[2m > [22mclicking the banner calls engine.ensureContext [33m356[2mms[22m[39m
 [32mÔťô[39m tests/intensity.test.ts [2m([22m[2m7 tests[22m[2m)[22m[90m 123[2mms[22m[39m
 [32mÔťô[39m tests/ui/FloatingPlugin.test.tsx [2m([22m[2m4 tests[22m[2m)[22m[33m 2343[2mms[22m[39m
   [33m[2mÔťô[22m[39m FloatingPlugin[2m > [22mrenders the plugin header for a drums track, with mode buttons and Close [33m1574[2mms[22m[39m
   [33m[2mÔťô[22m[39m FloatingPlugin[2m > [22mclicking the Close button invokes onClose [33m538[2mms[22m[39m
stderr | tests/ui/UltinaPanel.test.tsx > UltinaPanel > renders the module selector with one chip per module in DEFAULT_MODULE_ORDER
Warning: An update to UltinaPanel inside a test was not wrapped in act(...).

When testing, code that causes React state updates should be wrapped into act(...):

act(() => {
  /* fire events that update state */
});
/* assert on the output */

This ensures that you're testing the behavior the user would see in the browser. Learn more at https://reactjs.org/link/wrap-tests-with-act
    at UltinaPanel (D:\pulse-forge\src\ui\UltinaPanel.tsx:61:3)
Warning: An update to UltinaPanel inside a test was not wrapped in act(...).

When testing, code that causes React state updates should be wrapped into act(...):

act(() => {
  /* fire events that update state */
});
/* assert on the output */

This ensures that you're testing the behavior the user would see in the browser. Learn more at https://reactjs.org/link/wrap-tests-with-act
    at UltinaPanel (D:\pulse-forge\src\ui\UltinaPanel.tsx:61:3)

stderr | tests/ui/UltinaPanel.test.tsx > UltinaPanel > defaults the selected module to the third row 'COMP' (the compander)
Warning: An update to UltinaPanel inside a test was not wrapped in act(...).

When testing, code that causes React state updates should be wrapped into act(...):

act(() => {
  /* fire events that update state */
});
/* assert on the output */

This ensures that you're testing the behavior the user would see in the browser. Learn more at https://reactjs.org/link/wrap-tests-with-act
    at UltinaPanel (D:\pulse-forge\src\ui\UltinaPanel.tsx:61:3)
Warning: An update to UltinaPanel inside a test was not wrapped in act(...).

When testing, code that causes React state updates should be wrapped into act(...):

act(() => {
  /* fire events that update state */
});
/* assert on the output */

This ensures that you're testing the behavior the user would see in the browser. Learn more at https://reactjs.org/link/wrap-tests-with-act
    at UltinaPanel (D:\pulse-forge\src\ui\UltinaPanel.tsx:61:3)

stderr | tests/ui/UltinaPanel.test.tsx > UltinaPanel > clicking EQ switches the selected module (EQ is in DEFAULT_MODULE_ORDER)
Not implemented: HTMLCanvasElement's getContext() method: without installing the canvas npm package

stderr | tests/ui/UltinaPanel.test.tsx > UltinaPanel > clicking EQ switches the selected module (EQ is in DEFAULT_MODULE_ORDER)
Not implemented: HTMLCanvasElement's getContext() method: without installing the canvas npm package

 [32mÔťô[39m tests/library-repository.test.ts [2m([22m[2m4 tests[22m[2m)[22m[90m 48[2mms[22m[39m
stderr | tests/ui/UltinaPanel.test.tsx > UltinaPanel > the ON/OFF toggle invokes onParam with `<module>.enabled` 0/1
Not implemented: HTMLCanvasElement's getContext() method: without installing the canvas npm package

 [32mÔťô[39m tests/fxeq-sample-rate-sweep.test.ts [2m([22m[2m4 tests[22m[2m)[22m[33m 264402[2mms[22m[39m
   [33m[2mÔťô[22m[39m fxeq sample-rate sweep (all presets ├Ś 44.1/48/96 kHz)[2m > [22mkeeps every preset finite and bounded at 44100 Hz [33m98049[2mms[22m[39m
   [33m[2mÔťô[22m[39m fxeq sample-rate sweep (all presets ├Ś 44.1/48/96 kHz)[2m > [22mkeeps every preset finite and bounded at 48000 Hz [33m85494[2mms[22m[39m
   [33m[2mÔťô[22m[39m fxeq sample-rate sweep (all presets ├Ś 44.1/48/96 kHz)[2m > [22mkeeps every preset finite and bounded at 96000 Hz [33m80599[2mms[22m[39m
stderr | tests/ui/UltinaPanel.test.tsx > UltinaPanel > renders the degraded banner when the worklet is unavailable
Warning: An update to UltinaPanel inside a test was not wrapped in act(...).

When testing, code that causes React state updates should be wrapped into act(...):

act(() => {
  /* fire events that update state */
});
/* assert on the output */

This ensures that you're testing the behavior the user would see in the browser. Learn more at https://reactjs.org/link/wrap-tests-with-act
    at UltinaPanel (D:\pulse-forge\src\ui\UltinaPanel.tsx:61:3)
Warning: An update to UltinaPanel inside a test was not wrapped in act(...).

When testing, code that causes React state updates should be wrapped into act(...):

act(() => {
  /* fire events that update state */
});
/* assert on the output */

This ensures that you're testing the behavior the user would see in the browser. Learn more at https://reactjs.org/link/wrap-tests-with-act
    at UltinaPanel (D:\pulse-forge\src\ui\UltinaPanel.tsx:61:3)

 [32mÔťô[39m tests/ui/UltinaPanel.test.tsx [2m([22m[2m5 tests[22m[2m)[22m[33m 5773[2mms[22m[39m
   [33m[2mÔťô[22m[39m UltinaPanel[2m > [22mrenders the module selector with one chip per module in DEFAULT_MODULE_ORDER [33m2575[2mms[22m[39m
   [33m[2mÔťô[22m[39m UltinaPanel[2m > [22mdefaults the selected module to the third row 'COMP' (the compander) [33m824[2mms[22m[39m
   [33m[2mÔťô[22m[39m UltinaPanel[2m > [22mclicking EQ switches the selected module (EQ is in DEFAULT_MODULE_ORDER) [33m1556[2mms[22m[39m
   [33m[2mÔťô[22m[39m UltinaPanel[2m > [22mthe ON/OFF toggle invokes onParam with `<module>.enabled` 0/1 [33m351[2mms[22m[39m
   [33m[2mÔťô[22m[39m UltinaPanel[2m > [22mrenders the degraded banner when the worklet is unavailable [33m422[2mms[22m[39m
 [32mÔťô[39m tests/reorderPattern.test.ts [2m([22m[2m7 tests[22m[2m)[22m[90m 278[2mms[22m[39m
 [32mÔťô[39m tests/ui/StepGridEditor.test.tsx [2m([22m[2m4 tests[22m[2m)[22m[33m 1212[2mms[22m[39m
   [33m[2mÔťô[22m[39m StepGridEditor[2m > [22mrenders a slider with the step count in the label [33m1016[2mms[22m[39m
 [32mÔťô[39m tests/melodic-dice.test.ts [2m([22m[2m4 tests[22m[2m)[22m[90m 41[2mms[22m[39m
 [32mÔťô[39m tests/oversample-contract.test.ts [2m([22m[2m2 tests[22m[2m)[22m[90m 106[2mms[22m[39m
 [32mÔťô[39m tests/preset-normalization.test.ts [2m([22m[2m4 tests[22m[2m)[22m[90m 231[2mms[22m[39m
stderr | tests/ui/GenerateDialog.test.tsx > GenerateDialog > renders nothing when open=false
Warning: An update to GenerateDialog inside a test was not wrapped in act(...).

When testing, code that causes React state updates should be wrapped into act(...):

act(() => {
  /* fire events that update state */
});
/* assert on the output */

This ensures that you're testing the behavior the user would see in the browser. Learn more at https://reactjs.org/link/wrap-tests-with-act
    at GenerateDialog (D:\pulse-forge\src\ui\GenerateDialog.tsx:71:27)
Warning: An update to GenerateDialog inside a test was not wrapped in act(...).

When testing, code that causes React state updates should be wrapped into act(...):

act(() => {
  /* fire events that update state */
});
/* assert on the output */

This ensures that you're testing the behavior the user would see in the browser. Learn more at https://reactjs.org/link/wrap-tests-with-act
    at GenerateDialog (D:\pulse-forge\src\ui\GenerateDialog.tsx:71:27)

stderr | tests/ui/GenerateDialog.test.tsx > GenerateDialog > renders the dialog with MODE/GENRE/STYLE/SEED controls when open
Warning: An update to GenerateDialog inside a test was not wrapped in act(...).

When testing, code that causes React state updates should be wrapped into act(...):

act(() => {
  /* fire events that update state */
});
/* assert on the output */

This ensures that you're testing the behavior the user would see in the browser. Learn more at https://reactjs.org/link/wrap-tests-with-act
    at GenerateDialog (D:\pulse-forge\src\ui\GenerateDialog.tsx:71:27)
Warning: An update to GenerateDialog inside a test was not wrapped in act(...).

When testing, code that causes React state updates should be wrapped into act(...):

act(() => {
  /* fire events that update state */
});
/* assert on the output */

This ensures that you're testing the behavior the user would see in the browser. Learn more at https://reactjs.org/link/wrap-tests-with-act
    at GenerateDialog (D:\pulse-forge\src\ui\GenerateDialog.tsx:71:27)

 [32mÔťô[39m tests/ui/GenerateDialog.test.tsx [2m([22m[2m5 tests[22m[2m)[22m[33m 4673[2mms[22m[39m
   [33m[2mÔťô[22m[39m GenerateDialog[2m > [22mrenders nothing when open=false [33m502[2mms[22m[39m
   [33m[2mÔťô[22m[39m GenerateDialog[2m > [22mrenders the dialog with MODE/GENRE/STYLE/SEED controls when open [33m1792[2mms[22m[39m
   [33m[2mÔťô[22m[39m GenerateDialog[2m > [22mclicking the ÔťĽ button closes the dialog via onClose [33m810[2mms[22m[39m
   [33m[2mÔťô[22m[39m GenerateDialog[2m > [22mtoggling mode to REPLACE activates the REPLACE button [33m999[2mms[22m[39m
   [33m[2mÔťô[22m[39m GenerateDialog[2m > [22mclicking the random seed ­čÄ▓ button changes the seed input value [33m526[2mms[22m[39m
 [32mÔťô[39m tests/store-undo-frame.test.ts [2m([22m[2m3 tests[22m[2m)[22m[90m 67[2mms[22m[39m
 [32mÔťô[39m tests/recordingAlignment.test.ts [2m([22m[2m2 tests[22m[2m)[22m[90m 82[2mms[22m[39m
 [32mÔťô[39m tests/randomize.test.ts [2m([22m[2m4 tests[22m[2m)[22m[90m 132[2mms[22m[39m
 [32mÔťô[39m tests/ozvena-analyzer-gating.test.ts [2m([22m[2m4 tests[22m[2m)[22m[33m 36858[2mms[22m[39m
   [33m[2mÔťô[22m[39m Ozvena analyzer gating[2m > [22mdisabling analyzers leaves the audio bit-for-bit identical [33m13508[2mms[22m[39m
   [33m[2mÔťô[22m[39m Ozvena analyzer gating[2m > [22mthe flag is observable and defaults to enabled [33m11185[2mms[22m[39m
   [33m[2mÔťô[22m[39m Ozvena analyzer gating[2m > [22mthe flag survives a reset (re-prepare recreates the analyzers) [33m5711[2mms[22m[39m
   [33m[2mÔťô[22m[39m Ozvena analyzer gating[2m > [22mre-enabling restores analyzer output [33m6451[2mms[22m[39m
 [32mÔťô[39m tests/landing.test.tsx [2m([22m[2m4 tests[22m[2m)[22m[33m 6638[2mms[22m[39m
   [33m[2mÔťô[22m[39m LandingPage[2m > [22mrenders hero, feature grid and how-it-works steps [33m2926[2mms[22m[39m
   [33m[2mÔťô[22m[39m LandingPage[2m > [22mall CTAs enter the studio [33m1446[2mms[22m[39m
   [33m[2mÔťô[22m[39m LandingPage[2m > [22mprompt box offers chips and a forge action; demo player renders before first forge [33m1468[2mms[22m[39m
   [33m[2mÔťô[22m[39m LandingPage[2m > [22mempty prompt keeps the forge action disabled [33m752[2mms[22m[39m
 [32mÔťô[39m tests/ui/PaletteOverlay.test.tsx [2m([22m[2m3 tests[22m[2m)[22m[33m 4568[2mms[22m[39m
   [33m[2mÔťô[22m[39m PaletteOverlay ÔÇö user-facing addendum[2m > [22mrenders an empty-state line when no command matches the query [33m734[2mms[22m[39m
   [33m[2mÔťô[22m[39m PaletteOverlay ÔÇö user-facing addendum[2m > [22mclicking a result runs it and closes the palette [33m2525[2mms[22m[39m
   [33m[2mÔťô[22m[39m PaletteOverlay ÔÇö user-facing addendum[2m > [22mclicking the backdrop closes the palette, but a click inside the card does not [33m1306[2mms[22m[39m
 [32mÔťô[39m tests/ui/ScalePanel.test.tsx [2m([22m[2m7 tests[22m[2m)[22m[33m 3125[2mms[22m[39m
   [33m[2mÔťô[22m[39m ScalePanel[2m > [22mrenders root and scale selects [33m350[2mms[22m[39m
   [33m[2mÔťô[22m[39m ScalePanel[2m > [22mshows SNAP OFF when scaleSnap is false [33m980[2mms[22m[39m
   [33m[2mÔťô[22m[39m ScalePanel[2m > [22mcalls onToggleSnap when SNAP button clicked [33m594[2mms[22m[39m
   [33m[2mÔťô[22m[39m ScalePanel[2m > [22mexecutes setProjectKey when root changes [33m807[2mms[22m[39m
stderr | tests/ui/GranularPanel.test.tsx > GranularPanel > renders the granular playhead canvas with a sane aria-label
Not implemented: HTMLCanvasElement's getContext() method: without installing the canvas npm package

stderr | tests/ui/GranularPanel.test.tsx > GranularPanel > the caption shows GRAIN and POS markers
Not implemented: HTMLCanvasElement's getContext() method: without installing the canvas npm package

stderr | tests/ui/GranularPanel.test.tsx > GranularPanel > renders without crashing when the bank has no sample (empty-state path)
Not implemented: HTMLCanvasElement's getContext() method: without installing the canvas npm package

stderr | tests/ui/GranularPanel.test.tsx > GranularPanel > reading the test track params shows position at 25%
Not implemented: HTMLCanvasElement's getContext() method: without installing the canvas npm package

stderr | tests/ui/FxEqPanel.test.tsx > FxEqPanel > renders the PRISM multiband editor with a band-select group and preset select
Not implemented: HTMLCanvasElement's getContext() method: without installing the canvas npm package
Not implemented: HTMLCanvasElement's getContext() method: without installing the canvas npm package

stderr | tests/ui/FxEqPanel.test.tsx > FxEqPanel > renders one B{i} button per band, defaulting 6 bands
Not implemented: HTMLCanvasElement's getContext() method: without installing the canvas npm package
Not implemented: HTMLCanvasElement's getContext() method: without installing the canvas npm package

stderr | tests/ui/FxEqPanel.test.tsx > FxEqPanel > clicking B3 switches the active band to 3
Not implemented: HTMLCanvasElement's getContext() method: without installing the canvas npm package
Not implemented: HTMLCanvasElement's getContext() method: without installing the canvas npm package

 [32mÔťô[39m tests/ui/GranularPanel.test.tsx [2m([22m[2m4 tests[22m[2m)[22m[90m 213[2mms[22m[39m
stderr | tests/ui/FxEqPanel.test.tsx > FxEqPanel > clicking B3 switches the active band to 3
Not implemented: HTMLCanvasElement's getContext() method: without installing the canvas npm package
Not implemented: HTMLCanvasElement's getContext() method: without installing the canvas npm package

stderr | tests/ui/FxEqPanel.test.tsx > FxEqPanel > clicking B3 switches the active band to 3
Not implemented: HTMLCanvasElement's getContext() method: without installing the canvas npm package

stderr | tests/ui/FxEqPanel.test.tsx > FxEqPanel > renders the degraded banner when degraded=true
Not implemented: HTMLCanvasElement's getContext() method: without installing the canvas npm package
Not implemented: HTMLCanvasElement's getContext() method: without installing the canvas npm package

stderr | tests/ui/FxEqPanel.test.tsx > FxEqPanel > renders no degraded banner when degraded is false/undefined
Not implemented: HTMLCanvasElement's getContext() method: without installing the canvas npm package
Not implemented: HTMLCanvasElement's getContext() method: without installing the canvas npm package

 [32mÔťô[39m tests/ui/FxEqPanel.test.tsx [2m([22m[2m5 tests[22m[2m)[22m[33m 4303[2mms[22m[39m
   [33m[2mÔťô[22m[39m FxEqPanel[2m > [22mrenders the PRISM multiband editor with a band-select group and preset select [33m2232[2mms[22m[39m
   [33m[2mÔťô[22m[39m FxEqPanel[2m > [22mrenders one B{i} button per band, defaulting 6 bands [33m651[2mms[22m[39m
   [33m[2mÔťô[22m[39m FxEqPanel[2m > [22mclicking B3 switches the active band to 3 [33m920[2mms[22m[39m
 [32mÔťô[39m tests/ui/MpeIndicator.test.tsx [2m([22m[2m3 tests[22m[2m)[22m[90m 201[2mms[22m[39m
 [32mÔťô[39m tests/ui/MidiPanel.test.tsx [2m([22m[2m4 tests[22m[2m)[22m[33m 2098[2mms[22m[39m
   [33m[2mÔťô[22m[39m MidiPanel[2m > [22mrenders the MIDI section header and tabs INPUT / CREATIVITY [33m1446[2mms[22m[39m
stderr | tests/ui/DropZone.test.tsx > DropZone > imports a valid audio file and calls onImport with an asset
Warning: An update to DropZone inside a test was not wrapped in act(...).

When testing, code that causes React state updates should be wrapped into act(...):

act(() => {
  /* fire events that update state */
});
/* assert on the output */

This ensures that you're testing the behavior the user would see in the browser. Learn more at https://reactjs.org/link/wrap-tests-with-act
    at DropZone (D:\pulse-forge\src\ui\DropZone.tsx:25:21)

 [32mÔťô[39m tests/ui/DropZone.test.tsx [2m([22m[2m4 tests[22m[2m)[22m[33m 1357[2mms[22m[39m
   [33m[2mÔťô[22m[39m DropZone[2m > [22mrenders the drop zone button with the aria-label [33m1071[2mms[22m[39m
 [32mÔťô[39m tests/velocity-fx.test.ts [2m([22m[2m6 tests[22m[2m)[22m[90m 49[2mms[22m[39m
stderr | tests/ui/App.test.tsx > App (top-level shell) > renders the .app root without crashing
Warning: An update to SampleBrowser inside a test was not wrapped in act(...).

When testing, code that causes React state updates should be wrapped into act(...):

act(() => {
  /* fire events that update state */
});
/* assert on the output */

This ensures that you're testing the behavior the user would see in the browser. Learn more at https://reactjs.org/link/wrap-tests-with-act
    at SampleBrowser (D:\pulse-forge\src\ui\SampleBrowser.tsx:19:3)
    at aside
    at Inspector (D:\pulse-forge\src\ui\Inspector.tsx:53:3)
    at main
    at div
    at DiceProvider (D:\pulse-forge\src\ui\DiceContext.tsx:47:3)
    at App (D:\pulse-forge\src\ui\App.tsx:146:3)
Warning: An update to GenerateDialog inside a test was not wrapped in act(...).

When testing, code that causes React state updates should be wrapped into act(...):

act(() => {
  /* fire events that update state */
});
/* assert on the output */

This ensures that you're testing the behavior the user would see in the browser. Learn more at https://reactjs.org/link/wrap-tests-with-act
    at GenerateDialog (D:\pulse-forge\src\ui\GenerateDialog.tsx:71:27)
    at section
    at PatternBar (D:\pulse-forge\src\ui\PatternBar.tsx:21:3)
    at div
    at main
    at div
    at DiceProvider (D:\pulse-forge\src\ui\DiceContext.tsx:47:3)
    at App (D:\pulse-forge\src\ui\App.tsx:146:3)
Warning: An update to GenerateDialog inside a test was not wrapped in act(...).

When testing, code that causes React state updates should be wrapped into act(...):

act(() => {
  /* fire events that update state */
});
/* assert on the output */

This ensures that you're testing the behavior the user would see in the browser. Learn more at https://reactjs.org/link/wrap-tests-with-act
    at GenerateDialog (D:\pulse-forge\src\ui\GenerateDialog.tsx:71:27)
    at section
    at PatternBar (D:\pulse-forge\src\ui\PatternBar.tsx:21:3)
    at div
    at main
    at div
    at DiceProvider (D:\pulse-forge\src\ui\DiceContext.tsx:47:3)
    at App (D:\pulse-forge\src\ui\App.tsx:146:3)

stderr | tests/ui/App.test.tsx > App (top-level shell) > the AudioUnlock global pointer-down listener registers once at mount
Warning: An update to SampleBrowser inside a test was not wrapped in act(...).

When testing, code that causes React state updates should be wrapped into act(...):

act(() => {
  /* fire events that update state */
});
/* assert on the output */

This ensures that you're testing the behavior the user would see in the browser. Learn more at https://reactjs.org/link/wrap-tests-with-act
    at SampleBrowser (D:\pulse-forge\src\ui\SampleBrowser.tsx:19:3)
    at aside
    at Inspector (D:\pulse-forge\src\ui\Inspector.tsx:53:3)
    at main
    at div
    at DiceProvider (D:\pulse-forge\src\ui\DiceContext.tsx:47:3)
    at App (D:\pulse-forge\src\ui\App.tsx:146:3)
Warning: An update to GenerateDialog inside a test was not wrapped in act(...).

When testing, code that causes React state updates should be wrapped into act(...):

act(() => {
  /* fire events that update state */
});
/* assert on the output */

This ensures that you're testing the behavior the user would see in the browser. Learn more at https://reactjs.org/link/wrap-tests-with-act
    at GenerateDialog (D:\pulse-forge\src\ui\GenerateDialog.tsx:71:27)
    at section
    at PatternBar (D:\pulse-forge\src\ui\PatternBar.tsx:21:3)
    at div
    at main
    at div
    at DiceProvider (D:\pulse-forge\src\ui\DiceContext.tsx:47:3)
    at App (D:\pulse-forge\src\ui\App.tsx:146:3)
Warning: An update to GenerateDialog inside a test was not wrapped in act(...).

When testing, code that causes React state updates should be wrapped into act(...):

act(() => {
  /* fire events that update state */
});
/* assert on the output */

This ensures that you're testing the behavior the user would see in the browser. Learn more at https://reactjs.org/link/wrap-tests-with-act
    at GenerateDialog (D:\pulse-forge\src\ui\GenerateDialog.tsx:71:27)
    at section
    at PatternBar (D:\pulse-forge\src\ui\PatternBar.tsx:21:3)
    at div
    at main
    at div
    at DiceProvider (D:\pulse-forge\src\ui\DiceContext.tsx:47:3)
    at App (D:\pulse-forge\src\ui\App.tsx:146:3)

 [32mÔťô[39m tests/ui/LatencyCalibrationWizard.test.tsx [2m([22m[2m2 tests[22m[2m)[22m[33m 2270[2mms[22m[39m
   [33m[2mÔťô[22m[39m LatencyCalibrationWizard[2m > [22mopens on the intro step and allows MIDI fine-tune without project edits [33m1643[2mms[22m[39m
   [33m[2mÔťô[22m[39m LatencyCalibrationWizard[2m > [22mresets local calibration and closes cleanly [33m606[2mms[22m[39m
 [32mÔťô[39m tests/ui/IntentPanelRegen.test.tsx [2m([22m[2m1 test[22m[2m)[22m[33m 1314[2mms[22m[39m
   [33m[2mÔťô[22m[39m IntentPanel ÔÇö B1 regenerate with intent[2m > [22mauto-runs one fresh-seed generation from the imported beat's provenance [33m1290[2mms[22m[39m
stderr | tests/ui/App.test.tsx > App (top-level shell) > if the tour has been completed (flag set), the OnboardingTour does NOT appear
Warning: An update to SampleBrowser inside a test was not wrapped in act(...).

When testing, code that causes React state updates should be wrapped into act(...):

act(() => {
  /* fire events that update state */
});
/* assert on the output */

This ensures that you're testing the behavior the user would see in the browser. Learn more at https://reactjs.org/link/wrap-tests-with-act
    at SampleBrowser (D:\pulse-forge\src\ui\SampleBrowser.tsx:19:3)
    at aside
    at Inspector (D:\pulse-forge\src\ui\Inspector.tsx:53:3)
    at main
    at div
    at DiceProvider (D:\pulse-forge\src\ui\DiceContext.tsx:47:3)
    at App (D:\pulse-forge\src\ui\App.tsx:146:3)
Warning: An update to GenerateDialog inside a test was not wrapped in act(...).

When testing, code that causes React state updates should be wrapped into act(...):

act(() => {
  /* fire events that update state */
});
/* assert on the output */

This ensures that you're testing the behavior the user would see in the browser. Learn more at https://reactjs.org/link/wrap-tests-with-act
    at GenerateDialog (D:\pulse-forge\src\ui\GenerateDialog.tsx:71:27)
    at section
    at PatternBar (D:\pulse-forge\src\ui\PatternBar.tsx:21:3)
    at div
    at main
    at div
    at DiceProvider (D:\pulse-forge\src\ui\DiceContext.tsx:47:3)
    at App (D:\pulse-forge\src\ui\App.tsx:146:3)
Warning: An update to GenerateDialog inside a test was not wrapped in act(...).

When testing, code that causes React state updates should be wrapped into act(...):

act(() => {
  /* fire events that update state */
});
/* assert on the output */

This ensures that you're testing the behavior the user would see in the browser. Learn more at https://reactjs.org/link/wrap-tests-with-act
    at GenerateDialog (D:\pulse-forge\src\ui\GenerateDialog.tsx:71:27)
    at section
    at PatternBar (D:\pulse-forge\src\ui\PatternBar.tsx:21:3)
    at div
    at main
    at div
    at DiceProvider (D:\pulse-forge\src\ui\DiceContext.tsx:47:3)
    at App (D:\pulse-forge\src\ui\App.tsx:146:3)

stderr | tests/ui/App.test.tsx > App (top-level shell) > if the tour has been completed (flag set), the OnboardingTour does NOT appear
Warning: A suspended resource finished loading inside a test, but the event was not wrapped in act(...).

When testing, code that resolves suspended data should be wrapped into act(...):

act(() => {
  /* finish loading suspended data */
});
/* assert on the output */

This ensures that you're testing the behavior the user would see in the browser. Learn more at https://reactjs.org/link/wrap-tests-with-act
Warning: A suspended resource finished loading inside a test, but the event was not wrapped in act(...).

When testing, code that resolves suspended data should be wrapped into act(...):

act(() => {
  /* finish loading suspended data */
});
/* assert on the output */

This ensures that you're testing the behavior the user would see in the browser. Learn more at https://reactjs.org/link/wrap-tests-with-act
Warning: A suspended resource finished loading inside a test, but the event was not wrapped in act(...).

When testing, code that resolves suspended data should be wrapped into act(...):

act(() => {
  /* finish loading suspended data */
});
/* assert on the output */

This ensures that you're testing the behavior the user would see in the browser. Learn more at https://reactjs.org/link/wrap-tests-with-act
Warning: A suspended resource finished loading inside a test, but the event was not wrapped in act(...).

When testing, code that resolves suspended data should be wrapped into act(...):

act(() => {
  /* finish loading suspended data */
});
/* assert on the output */

This ensures that you're testing the behavior the user would see in the browser. Learn more at https://reactjs.org/link/wrap-tests-with-act
Warning: A suspended resource finished loading inside a test, but the event was not wrapped in act(...).

When testing, code that resolves suspended data should be wrapped into act(...):

act(() => {
  /* finish loading suspended data */
});
/* assert on the output */

This ensures that you're testing the behavior the user would see in the browser. Learn more at https://reactjs.org/link/wrap-tests-with-act
Warning: A suspended resource finished loading inside a test, but the event was not wrapped in act(...).

When testing, code that resolves suspended data should be wrapped into act(...):

act(() => {
  /* finish loading suspended data */
});
/* assert on the output */

This ensures that you're testing the behavior the user would see in the browser. Learn more at https://reactjs.org/link/wrap-tests-with-act
Warning: A suspended resource finished loading inside a test, but the event was not wrapped in act(...).

When testing, code that resolves suspended data should be wrapped into act(...):

act(() => {
  /* finish loading suspended data */
});
/* assert on the output */

This ensures that you're testing the behavior the user would see in the browser. Learn more at https://reactjs.org/link/wrap-tests-with-act
Warning: A suspended resource finished loading inside a test, but the event was not wrapped in act(...).

When testing, code that resolves suspended data should be wrapped into act(...):

act(() => {
  /* finish loading suspended data */
});
/* assert on the output */

This ensures that you're testing the behavior the user would see in the browser. Learn more at https://reactjs.org/link/wrap-tests-with-act

stderr | tests/ui/App.test.tsx > App (top-level shell) > if the tour has been completed (flag set), the OnboardingTour does NOT appear
Warning: A suspended resource finished loading inside a test, but the event was not wrapped in act(...).

When testing, code that resolves suspended data should be wrapped into act(...):

act(() => {
  /* finish loading suspended data */
});
/* assert on the output */

This ensures that you're testing the behavior the user would see in the browser. Learn more at https://reactjs.org/link/wrap-tests-with-act
Warning: A suspended resource finished loading inside a test, but the event was not wrapped in act(...).

When testing, code that resolves suspended data should be wrapped into act(...):

act(() => {
  /* finish loading suspended data */
});
/* assert on the output */

This ensures that you're testing the behavior the user would see in the browser. Learn more at https://reactjs.org/link/wrap-tests-with-act

stderr | tests/ui/App.test.tsx > App (top-level shell) > if the tour has been completed (flag set), the OnboardingTour does NOT appear
Warning: A suspended resource finished loading inside a test, but the event was not wrapped in act(...).

When testing, code that resolves suspended data should be wrapped into act(...):

act(() => {
  /* finish loading suspended data */
});
/* assert on the output */

This ensures that you're testing the behavior the user would see in the browser. Learn more at https://reactjs.org/link/wrap-tests-with-act
Warning: A suspended resource finished loading inside a test, but the event was not wrapped in act(...).

When testing, code that resolves suspended data should be wrapped into act(...):

act(() => {
  /* finish loading suspended data */
});
/* assert on the output */

This ensures that you're testing the behavior the user would see in the browser. Learn more at https://reactjs.org/link/wrap-tests-with-act
Warning: A suspended resource finished loading inside a test, but the event was not wrapped in act(...).

When testing, code that resolves suspended data should be wrapped into act(...):

act(() => {
  /* finish loading suspended data */
});
/* assert on the output */

This ensures that you're testing the behavior the user would see in the browser. Learn more at https://reactjs.org/link/wrap-tests-with-act
Warning: A suspended resource finished loading inside a test, but the event was not wrapped in act(...).

When testing, code that resolves suspended data should be wrapped into act(...):

act(() => {
  /* finish loading suspended data */
});
/* assert on the output */

This ensures that you're testing the behavior the user would see in the browser. Learn more at https://reactjs.org/link/wrap-tests-with-act
Warning: A suspended resource finished loading inside a test, but the event was not wrapped in act(...).

When testing, code that resolves suspended data should be wrapped into act(...):

act(() => {
  /* finish loading suspended data */
});
/* assert on the output */

This ensures that you're testing the behavior the user would see in the browser. Learn more at https://reactjs.org/link/wrap-tests-with-act
Warning: A suspended resource finished loading inside a test, but the event was not wrapped in act(...).

When testing, code that resolves suspended data should be wrapped into act(...):

act(() => {
  /* finish loading suspended data */
});
/* assert on the output */

This ensures that you're testing the behavior the user would see in the browser. Learn more at https://reactjs.org/link/wrap-tests-with-act
Warning: A suspended resource finished loading inside a test, but the event was not wrapped in act(...).

When testing, code that resolves suspended data should be wrapped into act(...):

act(() => {
  /* finish loading suspended data */
});
/* assert on the output */

This ensures that you're testing the behavior the user would see in the browser. Learn more at https://reactjs.org/link/wrap-tests-with-act

 [32mÔťô[39m tests/ui/App.test.tsx [2m([22m[2m4 tests[22m[2m)[22m[33m 9220[2mms[22m[39m
   [33m[2mÔťô[22m[39m App (top-level shell)[2m > [22mrenders the .app root without crashing [33m3040[2mms[22m[39m
   [33m[2mÔťô[22m[39m App (top-level shell)[2m > [22mthe AudioUnlock global pointer-down listener registers once at mount [33m1230[2mms[22m[39m
   [33m[2mÔťô[22m[39m App (top-level shell)[2m > [22mthe OnboardingTour appears after the boot delay (or is suppressed by the localStorage flag) [33m2560[2mms[22m[39m
   [33m[2mÔťô[22m[39m App (top-level shell)[2m > [22mif the tour has been completed (flag set), the OnboardingTour does NOT appear [33m2386[2mms[22m[39m
stderr | tests/ui/PatternBar.test.tsx > PatternBar > renders the action buttons and at least one pattern chip from the default doc
Warning: An update to GenerateDialog inside a test was not wrapped in act(...).

When testing, code that causes React state updates should be wrapped into act(...):

act(() => {
  /* fire events that update state */
});
/* assert on the output */

This ensures that you're testing the behavior the user would see in the browser. Learn more at https://reactjs.org/link/wrap-tests-with-act
    at GenerateDialog (D:\pulse-forge\src\ui\GenerateDialog.tsx:71:27)
    at section
    at PatternBar (D:\pulse-forge\src\ui\PatternBar.tsx:21:3)
Warning: An update to GenerateDialog inside a test was not wrapped in act(...).

When testing, code that causes React state updates should be wrapped into act(...):

act(() => {
  /* fire events that update state */
});
/* assert on the output */

This ensures that you're testing the behavior the user would see in the browser. Learn more at https://reactjs.org/link/wrap-tests-with-act
    at GenerateDialog (D:\pulse-forge\src\ui\GenerateDialog.tsx:71:27)
    at section
    at PatternBar (D:\pulse-forge\src\ui\PatternBar.tsx:21:3)

 [32mÔťô[39m tests/ui/PatternBar.test.tsx [2m([22m[2m3 tests[22m[2m)[22m[33m 3073[2mms[22m[39m
   [33m[2mÔťô[22m[39m PatternBar[2m > [22mrenders the action buttons and at least one pattern chip from the default doc [33m2345[2mms[22m[39m
   [33m[2mÔťô[22m[39m PatternBar[2m > [22mclicking ADD calls services.store.execute (createPattern command) [33m384[2mms[22m[39m
   [33m[2mÔťô[22m[39m PatternBar[2m > [22mclicking the active pattern chip is a no-op (does not crash when re-selecting) [33m340[2mms[22m[39m
 [32mÔťô[39m tests/intent-ranker-golden.test.ts [2m([22m[2m6 tests[22m[2m)[22m[90m 131[2mms[22m[39m
 [32mÔťô[39m tests/effect-reset.test.ts [2m([22m[2m2 tests[22m[2m)[22m[90m 43[2mms[22m[39m
 [32mÔťô[39m tests/ui/EnvEditor.test.tsx [2m([22m[2m3 tests[22m[2m)[22m[33m 459[2mms[22m[39m
   [33m[2mÔťô[22m[39m EnvEditor[2m > [22mrenders the SVG envelope editor with the aria-label [33m363[2mms[22m[39m
 [32mÔťô[39m tests/ui/CommandToast.test.tsx [2m([22m[2m3 tests[22m[2m)[22m[33m 742[2mms[22m[39m
   [33m[2mÔťô[22m[39m CommandToast[2m > [22mrenders nothing when no command [33m329[2mms[22m[39m
   [33m[2mÔťô[22m[39m CommandToast[2m > [22mhas correct aria attributes when visible [33m359[2mms[22m[39m
stderr | tests/ui/SampleBrowser.test.tsx > SampleBrowser > renders a row for each factory asset (sample-name buttons visible)
Warning: An update to SampleBrowser inside a test was not wrapped in act(...).

When testing, code that causes React state updates should be wrapped into act(...):

act(() => {
  /* fire events that update state */
});
/* assert on the output */

This ensures that you're testing the behavior the user would see in the browser. Learn more at https://reactjs.org/link/wrap-tests-with-act
    at SampleBrowser (D:\pulse-forge\src\ui\SampleBrowser.tsx:19:3)

stderr | tests/ui/SampleBrowser.test.tsx > SampleBrowser > typing in the search box filters the visible tiles
Warning: An update to SampleBrowser inside a test was not wrapped in act(...).

When testing, code that causes React state updates should be wrapped into act(...):

act(() => {
  /* fire events that update state */
});
/* assert on the output */

This ensures that you're testing the behavior the user would see in the browser. Learn more at https://reactjs.org/link/wrap-tests-with-act
    at SampleBrowser (D:\pulse-forge\src\ui\SampleBrowser.tsx:19:3)

stderr | tests/ui/SampleBrowser.test.tsx > SampleBrowser > clicking a sample-name button fires onSelect with the asset id
Warning: An update to SampleBrowser inside a test was not wrapped in act(...).

When testing, code that causes React state updates should be wrapped into act(...):

act(() => {
  /* fire events that update state */
});
/* assert on the output */

This ensures that you're testing the behavior the user would see in the browser. Learn more at https://reactjs.org/link/wrap-tests-with-act
    at SampleBrowser (D:\pulse-forge\src\ui\SampleBrowser.tsx:19:3)

stderr | tests/ui/SampleBrowser.test.tsx > SampleBrowser > empty asset list renders no rows
Warning: An update to SampleBrowser inside a test was not wrapped in act(...).

When testing, code that causes React state updates should be wrapped into act(...):

act(() => {
  /* fire events that update state */
});
/* assert on the output */

This ensures that you're testing the behavior the user would see in the browser. Learn more at https://reactjs.org/link/wrap-tests-with-act
    at SampleBrowser (D:\pulse-forge\src\ui\SampleBrowser.tsx:19:3)

stderr | tests/ui/JamGate.test.tsx > JamGate > tapping the gate calls ensureContext and resume
Warning: An update to JamGate inside a test was not wrapped in act(...).

When testing, code that causes React state updates should be wrapped into act(...):

act(() => {
  /* fire events that update state */
});
/* assert on the output */

This ensures that you're testing the behavior the user would see in the browser. Learn more at https://reactjs.org/link/wrap-tests-with-act
    at JamGate (D:\pulse-forge\src\ui\JamGate.tsx:5:20)

 [32mÔťô[39m tests/ui/JamGate.test.tsx [2m([22m[2m4 tests[22m[2m)[22m[33m 399[2mms[22m[39m
 [32mÔťô[39m tests/ui/SampleBrowser.test.tsx [2m([22m[2m4 tests[22m[2m)[22m[33m 4139[2mms[22m[39m
   [33m[2mÔťô[22m[39m SampleBrowser[2m > [22mrenders a row for each factory asset (sample-name buttons visible) [33m2382[2mms[22m[39m
   [33m[2mÔťô[22m[39m SampleBrowser[2m > [22mtyping in the search box filters the visible tiles [33m1186[2mms[22m[39m
   [33m[2mÔťô[22m[39m SampleBrowser[2m > [22mclicking a sample-name button fires onSelect with the asset id [33m385[2mms[22m[39m
stderr | tests/ui/Inspector.test.tsx > Inspector > renders the TRACK header and Volume slider
Warning: An update to SampleBrowser inside a test was not wrapped in act(...).

When testing, code that causes React state updates should be wrapped into act(...):

act(() => {
  /* fire events that update state */
});
/* assert on the output */

This ensures that you're testing the behavior the user would see in the browser. Learn more at https://reactjs.org/link/wrap-tests-with-act
    at SampleBrowser (D:\pulse-forge\src\ui\SampleBrowser.tsx:19:3)
    at aside
    at Inspector (D:\pulse-forge\src\ui\Inspector.tsx:53:3)

stderr | tests/ui/Inspector.test.tsx > Inspector > renders the Plugin button when onOpenPlugin is provided
Warning: An update to SampleBrowser inside a test was not wrapped in act(...).

When testing, code that causes React state updates should be wrapped into act(...):

act(() => {
  /* fire events that update state */
});
/* assert on the output */

This ensures that you're testing the behavior the user would see in the browser. Learn more at https://reactjs.org/link/wrap-tests-with-act
    at SampleBrowser (D:\pulse-forge\src\ui\SampleBrowser.tsx:19:3)
    at aside
    at Inspector (D:\pulse-forge\src\ui\Inspector.tsx:53:3)

stderr | tests/ui/Inspector.test.tsx > Inspector > clicking the Plugin button calls onOpenPlugin
Warning: An update to SampleBrowser inside a test was not wrapped in act(...).

When testing, code that causes React state updates should be wrapped into act(...):

act(() => {
  /* fire events that update state */
});
/* assert on the output */

This ensures that you're testing the behavior the user would see in the browser. Learn more at https://reactjs.org/link/wrap-tests-with-act
    at SampleBrowser (D:\pulse-forge\src\ui\SampleBrowser.tsx:19:3)
    at aside
    at Inspector (D:\pulse-forge\src\ui\Inspector.tsx:53:3)

 [32mÔťô[39m tests/ui/Inspector.test.tsx [2m([22m[2m3 tests[22m[2m)[22m[33m 2266[2mms[22m[39m
   [33m[2mÔťô[22m[39m Inspector[2m > [22mrenders the TRACK header and Volume slider [33m1664[2mms[22m[39m
   [33m[2mÔťô[22m[39m Inspector[2m > [22mclicking the Plugin button calls onOpenPlugin [33m315[2mms[22m[39m
 [32mÔťô[39m tests/ui/ThemePanel.test.tsx [2m([22m[2m3 tests[22m[2m)[22m[33m 2471[2mms[22m[39m
   [33m[2mÔťô[22m[39m ThemePanel install-from-code[2m > [22mrejects a malformed code and leaves the theme unchanged [33m1888[2mms[22m[39m
stderr | tests/ui/OnboardingHint.test.tsx > OnboardingHint > shows DONE button on step 3
Warning: An update to OnboardingHint inside a test was not wrapped in act(...).

When testing, code that causes React state updates should be wrapped into act(...):

act(() => {
  /* fire events that update state */
});
/* assert on the output */

This ensures that you're testing the behavior the user would see in the browser. Learn more at https://reactjs.org/link/wrap-tests-with-act
    at OnboardingHint (D:\pulse-forge\src\ui\OnboardingHint.tsx:14:42)

 [32mÔťô[39m tests/ui/OnboardingHint.test.tsx [2m([22m[2m4 tests[22m[2m)[22m[33m 1166[2mms[22m[39m
   [33m[2mÔťô[22m[39m OnboardingHint[2m > [22mdismisses on ├Ś click [33m923[2mms[22m[39m
 [32mÔťô[39m tests/ui/EffectAbControls.test.tsx [2m([22m[2m2 tests[22m[2m)[22m[33m 1555[2mms[22m[39m
   [33m[2mÔťô[22m[39m EffectAbControls[2m > [22mcan select an empty slot before storing a second variation [33m1299[2mms[22m[39m
 [32mÔťô[39m tests/dice-subseed.test.ts [2m([22m[2m2 tests[22m[2m)[22m[90m 160[2mms[22m[39m
 [32mÔťô[39m tests/intent-async-fallback.test.ts [2m([22m[2m1 test[22m[2m)[22m[90m 37[2mms[22m[39m
 [32mÔťô[39m tests/ui/SpectrumAnalyzer.test.tsx [2m([22m[2m3 tests[22m[2m)[22m[90m 168[2mms[22m[39m
[90mstdout[2m | tests/_dbg-gain.test.ts[2m > [22m[2mdbg gain[2m > [22m[2mband gain target trajectory
[22m[39m[dbgG] target: [33m9[39m depth: [33m100[39m
[dbgG] blk 0: rms=0.949 peaks= 1.46,0.23,0.24,0.25,0.17,0.26
[dbgG] blk 1: rms=1.346 peaks= 1.46,0.41,0.09,0.00,0.00,0.00
[dbgG] blk 2: rms=1.350 peaks= 1.49,0.19,0.01,0.00,0.00,0.00
[dbgG] blk 3: rms=1.149 peaks= 1.41,0.14,0.00,0.00,0.00,0.00
[dbgG] blk 4: rms=0.866 peaks= 1.51,0.11,0.00,0.00,0.00,0.00
[dbgG] blk 5: rms=1.938 peaks= 1.93,0.14,0.00,0.00,0.00,0.00
[dbgG] blk 6: rms=0.966 peaks= 1.61,0.12,0.00,0.00,0.00,0.00
[dbgG] blk 7: rms=1.447 peaks= 1.65,0.15,0.00,0.00,0.00,0.00
[dbgG] blk 8: rms=1.247 peaks= 1.64,0.14,0.00,0.00,0.00,0.00
[dbgG] blk 9: rms=1.199 peaks= 1.75,0.14,0.00,0.00,0.00,0.00

 [32mÔťô[39m tests/_dbg-gain.test.ts [2m([22m[2m1 test[22m[2m)[22m[33m 325[2mms[22m[39m
   [33m[2mÔťô[22m[39m dbg gain[2m > [22mband gain target trajectory [33m312[2mms[22m[39m
 [32mÔťô[39m tests/ui/SequencerCheatSheet.test.tsx [2m([22m[2m3 tests[22m[2m)[22m[33m 1595[2mms[22m[39m
   [33m[2mÔťô[22m[39m SequencerCheatSheet[2m > [22mrenders the gesture groups and key entries [33m1240[2mms[22m[39m
 [32mÔťô[39m tests/dice-locks.test.ts [2m([22m[2m3 tests[22m[2m)[22m[90m 44[2mms[22m[39m
 [32mÔťô[39m tests/audio-engine-meter.test.ts [2m([22m[2m3 tests[22m[2m)[22m[90m 89[2mms[22m[39m
 [32mÔťô[39m tests/ui/MacroPerformanceBar.test.tsx [2m([22m[2m2 tests[22m[2m)[22m[33m 1822[2mms[22m[39m
   [33m[2mÔťô[22m[39m MacroPerformanceBar[2m > [22mcollapses the fader grid and remembers the choice [33m1611[2mms[22m[39m
 [32mÔťô[39m tests/ui/FreezeButton.test.tsx [2m([22m[2m3 tests[22m[2m)[22m[33m 944[2mms[22m[39m
   [33m[2mÔťô[22m[39m FreezeButton[2m > [22mrenders FREEZE and BOUNCE buttons for a non-frozen instrument track [33m895[2mms[22m[39m
 [32mÔťô[39m tests/ui/MasterMeter.test.tsx [2m([22m[2m7 tests[22m[2m)[22m[33m 2127[2mms[22m[39m
   [33m[2mÔťô[22m[39m MasterMeter[2m > [22mrenders master meter group [33m1312[2mms[22m[39m
 [32mÔťô[39m tests/scene-time.test.ts [2m([22m[2m4 tests[22m[2m)[22m[90m 39[2mms[22m[39m
 [32mÔťô[39m tests/ui/Meter.test.tsx [2m([22m[2m3 tests[22m[2m)[22m[33m 760[2mms[22m[39m
   [33m[2mÔťô[22m[39m Meter[2m > [22mrenders with meter role [33m552[2mms[22m[39m
 [32mÔťô[39m tests/ui/Diagnostics.test.tsx [2m([22m[2m5 tests[22m[2m)[22m[33m 1777[2mms[22m[39m
   [33m[2mÔťô[22m[39m Diagnostics[2m > [22mswitches to MEMORY tab [33m690[2mms[22m[39m
   [33m[2mÔťô[22m[39m Diagnostics[2m > [22mswitches to PERFORMANCE tab and shows measure buttons [33m744[2mms[22m[39m
 [32mÔťô[39m tests/warp-render-client.test.ts [2m([22m[2m2 tests[22m[2m)[22m[33m 523[2mms[22m[39m
   [33m[2mÔťô[22m[39m renderWarpPreserveAsync[2m > [22mrenders stereo warp without a Worker (sync fallback, deterministic core) [33m507[2mms[22m[39m
 [32mÔťô[39m tests/ui/Goniometer.test.tsx [2m([22m[2m3 tests[22m[2m)[22m[90m 170[2mms[22m[39m
stderr | tests/ui/OzvenaPanel.test.tsx > OzvenaPanel > renders the V├śID reverb editor region with the engine-mix weights group
Not implemented: HTMLCanvasElement's getContext() method: without installing the canvas npm package

stderr | tests/ui/OzvenaPanel.test.tsx > OzvenaPanel > renders a blend-pad canvas with a slider role and Blend pad label
Not implemented: HTMLCanvasElement's getContext() method: without installing the canvas npm package

stderr | tests/ui/OzvenaPanel.test.tsx > OzvenaPanel > renders the Reverb assistant block
Not implemented: HTMLCanvasElement's getContext() method: without installing the canvas npm package

stderr | tests/ui/OzvenaPanel.test.tsx > OzvenaPanel > renders the degraded banner when degraded=true
Not implemented: HTMLCanvasElement's getContext() method: without installing the canvas npm package

 [32mÔťô[39m tests/ui/OzvenaPanel.test.tsx [2m([22m[2m4 tests[22m[2m)[22m[33m 1270[2mms[22m[39m
   [33m[2mÔťô[22m[39m OzvenaPanel[2m > [22mrenders the V├śID reverb editor region with the engine-mix weights group [33m936[2mms[22m[39m
 [32mÔťô[39m tests/broadcast-channel-lifecycle.test.ts [2m([22m[2m2 tests[22m[2m)[22m[90m 118[2mms[22m[39m
 [32mÔťô[39m tests/automation.test.ts [2m([22m[2m6 tests[22m[2m)[22m[90m 33[2mms[22m[39m
 [32mÔťô[39m tests/rendering-wav.test.ts [2m([22m[2m2 tests[22m[2m)[22m[90m 37[2mms[22m[39m
 [32mÔťô[39m tests/preset-audio-quality.test.ts [2m([22m[2m3 tests[22m[2m)[22m[90m 41[2mms[22m[39m
 [32mÔťô[39m tests/persistence/db-retry.test.ts [2m([22m[2m1 test[22m[2m)[22m[90m 37[2mms[22m[39m
 [32mÔťô[39m tests/export/scene-intensity-render.test.ts [2m([22m[2m1 test[22m[2m)[22m[90m 11[2mms[22m[39m
stderr | tests/ui/SceneLauncher.test.tsx > SceneLauncher > separates SELECT from LAUNCH
TypeError: recoveryRepoRef.current.pruneAncient is not a function
    at D:\pulse-forge\src\ui\ArrangementPanel.tsx:388:35
    at commitHookEffectListMount (D:\pulse-forge\node_modules\react-dom\cjs\react-dom.development.js:23189:26)
    at commitPassiveMountOnFiber (D:\pulse-forge\node_modules\react-dom\cjs\react-dom.development.js:24970:11)
    at commitPassiveMountEffects_complete (D:\pulse-forge\node_modules\react-dom\cjs\react-dom.development.js:24930:9)
    at commitPassiveMountEffects_begin (D:\pulse-forge\node_modules\react-dom\cjs\react-dom.development.js:24917:7)
    at commitPassiveMountEffects (D:\pulse-forge\node_modules\react-dom\cjs\react-dom.development.js:24905:3)
    at flushPassiveEffectsImpl (D:\pulse-forge\node_modules\react-dom\cjs\react-dom.development.js:27078:3)
    at flushPassiveEffects (D:\pulse-forge\node_modules\react-dom\cjs\react-dom.development.js:27023:14)
    at D:\pulse-forge\node_modules\react-dom\cjs\react-dom.development.js:26808:9
    at flushActQueue (D:\pulse-forge\node_modules\react\cjs\react.development.js:2667:24)
The above error occurred in the <ArrangementPanel> component:

    at ArrangementPanel (D:\pulse-forge\src\ui\ArrangementPanel.tsx:116:42)

Consider adding an error boundary to your tree to customize error handling behavior.
Visit https://reactjs.org/link/error-boundaries to learn more about error boundaries.

stderr | tests/ui/SceneLauncher.test.tsx > SceneLauncher > exposes independent pattern action for the selected scene
TypeError: recoveryRepoRef.current.pruneAncient is not a function
    at D:\pulse-forge\src\ui\ArrangementPanel.tsx:388:35
    at commitHookEffectListMount (D:\pulse-forge\node_modules\react-dom\cjs\react-dom.development.js:23189:26)
    at commitPassiveMountOnFiber (D:\pulse-forge\node_modules\react-dom\cjs\react-dom.development.js:24970:11)
    at commitPassiveMountEffects_complete (D:\pulse-forge\node_modules\react-dom\cjs\react-dom.development.js:24930:9)
    at commitPassiveMountEffects_begin (D:\pulse-forge\node_modules\react-dom\cjs\react-dom.development.js:24917:7)
    at commitPassiveMountEffects (D:\pulse-forge\node_modules\react-dom\cjs\react-dom.development.js:24905:3)
    at flushPassiveEffectsImpl (D:\pulse-forge\node_modules\react-dom\cjs\react-dom.development.js:27078:3)
    at flushPassiveEffects (D:\pulse-forge\node_modules\react-dom\cjs\react-dom.development.js:27023:14)
    at D:\pulse-forge\node_modules\react-dom\cjs\react-dom.development.js:26808:9
    at flushActQueue (D:\pulse-forge\node_modules\react\cjs\react.development.js:2667:24)
The above error occurred in the <ArrangementPanel> component:

    at ArrangementPanel (D:\pulse-forge\src\ui\ArrangementPanel.tsx:116:42)

Consider adding an error boundary to your tree to customize error handling behavior.
Visit https://reactjs.org/link/error-boundaries to learn more about error boundaries.

 [31mÔŁ»[39m tests/ui/SceneLauncher.test.tsx [2m([22m[2m2 tests[22m[2m | [22m[31m2 failed[39m[2m)[22m[33m 511[2mms[22m[39m
[31m   [31m├Ś[31m SceneLauncher[2m > [22mseparates SELECT from LAUNCH[33m 416[2mms[22m[31m[39m
[31m     Ôćĺ recoveryRepoRef.current.pruneAncient is not a function[39m
[31m   [31m├Ś[31m SceneLauncher[2m > [22mexposes independent pattern action for the selected scene[90m 92[2mms[22m[31m[39m
[31m     Ôćĺ recoveryRepoRef.current.pruneAncient is not a function[39m
[90mstdout[2m | tests/sec-debug.test.ts[2m > [22m[2mdebug[2m > [22m[2mmostika/zaver
[22m[39mtechno bez mostika => {"requests":[{"role":"bridge","omit":true}],"scopedFx":[],"remainingText":"techno"}
no zaver => {"requests":[{"role":"outro","omit":true}],"scopedFx":[],"remainingText":""}
bez mostiku => {"requests":[{"role":"bridge","omit":true}],"scopedFx":[],"remainingText":""}
bez mostik => {"requests":[{"role":"bridge","omit":true}],"scopedFx":[],"remainingText":""}
no outro => {"requests":[{"role":"outro","omit":true}],"scopedFx":[],"remainingText":""}

 [32mÔťô[39m tests/sec-debug.test.ts [2m([22m[2m1 test[22m[2m)[22m[90m 59[2mms[22m[39m
 [32mÔťô[39m tests/ui/AssistPanel.test.tsx [2m([22m[2m2 tests[22m[2m)[22m[33m 1460[2mms[22m[39m
   [33m[2mÔťô[22m[39m AssistPanel[2m > [22mrenders a deterministic preview selector and grid [33m1048[2mms[22m[39m
   [33m[2mÔťô[22m[39m AssistPanel[2m > [22mapplies through the command store [33m409[2mms[22m[39m
[90mstdout[2m | tests/performance-gates.test.ts[2m > [22m[2mIntent Engine performance gates[2m > [22m[2mkeeps 16/32/64-step local preview below the synchronous UI budget
[22m[39m[intent-perf] 16 steps: median=5.17ms max=6.30ms
[intent-perf] 32 steps: median=4.53ms max=4.67ms
[intent-perf] 64 steps: median=7.29ms max=7.88ms

 [32mÔťô[39m tests/ui/LoudnessHistory.test.tsx [2m([22m[2m3 tests[22m[2m)[22m[90m 229[2mms[22m[39m
 [32mÔťô[39m tests/performance-gates.test.ts [2m([22m[2m1 test[22m[2m)[22m[90m 176[2mms[22m[39m
stderr | tests/ui/UndoHistoryPanel.test.tsx > UndoHistoryPanel > renders the undo history region when open
Warning: An update to UndoHistoryPanel inside a test was not wrapped in act(...).

When testing, code that causes React state updates should be wrapped into act(...):

act(() => {
  /* fire events that update state */
});
/* assert on the output */

This ensures that you're testing the behavior the user would see in the browser. Learn more at https://reactjs.org/link/wrap-tests-with-act
    at UndoHistoryPanel (D:\pulse-forge\src\ui\UndoHistoryPanel.tsx:20:29)

stderr | tests/ui/UndoHistoryPanel.test.tsx > UndoHistoryPanel > renders the snapshots section
Warning: An update to UndoHistoryPanel inside a test was not wrapped in act(...).

When testing, code that causes React state updates should be wrapped into act(...):

act(() => {
  /* fire events that update state */
});
/* assert on the output */

This ensures that you're testing the behavior the user would see in the browser. Learn more at https://reactjs.org/link/wrap-tests-with-act
    at UndoHistoryPanel (D:\pulse-forge\src\ui\UndoHistoryPanel.tsx:20:29)

 [32mÔťô[39m tests/ui/UndoHistoryPanel.test.tsx [2m([22m[2m3 tests[22m[2m)[22m[33m 556[2mms[22m[39m
   [33m[2mÔťô[22m[39m UndoHistoryPanel[2m > [22mrenders the undo history region when open [33m465[2mms[22m[39m
[90mstdout[2m | tests/ultina-soak.test.ts[2m > [22m[2mUltina soak (300 s full-graph render)[2m > [22m[2mstays finite, does not drift, and decays to silence
[22m[39m[ultina-soak] heap growth over 300s render: 15.8 MB (drift -0.001 dB, tail peak 0.00e+0)

 [32mÔťô[39m tests/ultina-soak.test.ts [2m([22m[2m1 test[22m[2m)[22m[33m 819462[2mms[22m[39m
   [33m[2mÔťô[22m[39m Ultina soak (300 s full-graph render)[2m > [22mstays finite, does not drift, and decays to silence [33m819423[2mms[22m[39m
[90mstdout[2m | tests/ozvena-soak.test.ts[2m > [22m[2mOzvena soak (300 s full-core render)[2m > [22m[2mstays finite, does not drift, and decays to silence
[22m[39m[ozvena-soak] heap growth over 300s render: 28.1 MB (drift -0.005 dB, tail peak 5.70e-11, maxAbs 0.854)

 [32mÔťô[39m tests/ozvena-soak.test.ts [2m([22m[2m1 test[22m[2m)[22m[33m 1916558[2mms[22m[39m
   [33m[2mÔťô[22m[39m Ozvena soak (300 s full-core render)[2m > [22mstays finite, does not drift, and decays to silence [33m1916555[2mms[22m[39m
[90mstdout[2m | tests/fxeq-soak.test.ts[2m > [22m[2mFXEQ soak (300 s worst-case render)[2m > [22m[2mstays finite, does not drift, and decays to silence
[22m[39m[fxeq-soak] heap growth over 300s render: 53.0 MB (drift -0.003 dB, tail peak 0.00e+0, maxAbs 0.962)

 [32mÔťô[39m tests/fxeq-soak.test.ts [2m([22m[2m1 test[22m[2m)[22m[33m 2097095[2mms[22m[39m
   [33m[2mÔťô[22m[39m FXEQ soak (300 s worst-case render)[2m > [22mstays finite, does not drift, and decays to silence [33m2097086[2mms[22m[39m
