
[1m[7m[36m RUN [39m[27m[22m [36mv2.1.9 [39m[90mD:/pulse-forge[39m

 [32mÔťô[39m tests/ui/controls.test.tsx [2m([22m[2m20 tests[22m[2m)[22m[33m 3085[2mms[22m[39m
   [33m[2mÔťô[22m[39m Slider[2m > [22mhas correct aria attributes [33m410[2mms[22m[39m
   [33m[2mÔťô[22m[39m Slider[2m > [22mcalls onCommit with default on double-click [33m537[2mms[22m[39m
   [33m[2mÔťô[22m[39m DragNumber[2m > [22mallows precise typed entry, including decimal comma, and clamps it [33m471[2mms[22m[39m
   [33m[2mÔťô[22m[39m DragNumber[2m > [22mcancels typed entry with Escape without committing [33m361[2mms[22m[39m
 [32mÔťô[39m tests/groove.test.ts [2m([22m[2m14 tests[22m[2m)[22m[90m 104[2mms[22m[39m
 [32mÔťô[39m tests/groove-commands.test.ts [2m([22m[2m17 tests[22m[2m)[22m[90m 160[2mms[22m[39m
 [32mÔťô[39m tests/symbolic-prior.test.ts [2m([22m[2m15 tests[22m[2m)[22m[33m 836[2mms[22m[39m
   [33m[2mÔťô[22m[39m symbolic prior provider[2m > [22mproduces valid, invariant-clean candidates through the shared gates [33m416[2mms[22m[39m
stderr | tests/ui/SpectralEditPanel.test.tsx > SpectralEditPanel > renders the panel with the duration in the header
Not implemented: HTMLCanvasElement's getContext() method: without installing the canvas npm package
Not implemented: HTMLCanvasElement's getContext() method: without installing the canvas npm package

stderr | tests/ui/SpectralEditPanel.test.tsx > SpectralEditPanel > renders STEREO when the buffer has 2 channels
Not implemented: HTMLCanvasElement's getContext() method: without installing the canvas npm package
Not implemented: HTMLCanvasElement's getContext() method: without installing the canvas npm package

stderr | tests/ui/SpectralEditPanel.test.tsx > SpectralEditPanel > calls onClose when the X button is clicked
Not implemented: HTMLCanvasElement's getContext() method: without installing the canvas npm package
Not implemented: HTMLCanvasElement's getContext() method: without installing the canvas npm package

stderr | tests/ui/SpectralEditPanel.test.tsx > SpectralEditPanel > calls onClose when the CLOSE button is clicked
Not implemented: HTMLCanvasElement's getContext() method: without installing the canvas npm package
Not implemented: HTMLCanvasElement's getContext() method: without installing the canvas npm package

stderr | tests/ui/SpectralEditPanel.test.tsx > SpectralEditPanel > calls onClose when the backdrop is clicked (target === currentTarget)
Not implemented: HTMLCanvasElement's getContext() method: without installing the canvas npm package
Not implemented: HTMLCanvasElement's getContext() method: without installing the canvas npm package

stderr | tests/ui/SpectralEditPanel.test.tsx > SpectralEditPanel > does not close when a click starts inside the inner card
Not implemented: HTMLCanvasElement's getContext() method: without installing the canvas npm package
Not implemented: HTMLCanvasElement's getContext() method: without installing the canvas npm package

stderr | tests/ui/SpectralEditPanel.test.tsx > SpectralEditPanel > updates the gain readout with explicit + sign for positive dB
Not implemented: HTMLCanvasElement's getContext() method: without installing the canvas npm package
Not implemented: HTMLCanvasElement's getContext() method: without installing the canvas npm package

stderr | tests/ui/SpectralEditPanel.test.tsx > SpectralEditPanel > renders the feather select with the four preset millisecond values
Not implemented: HTMLCanvasElement's getContext() method: without installing the canvas npm package
Not implemented: HTMLCanvasElement's getContext() method: without installing the canvas npm package

stderr | tests/ui/SpectralEditPanel.test.tsx > SpectralEditPanel > APPLY without an audio context sets a status and does not call store.execute
Not implemented: HTMLCanvasElement's getContext() method: without installing the canvas npm package
Not implemented: HTMLCanvasElement's getContext() method: without installing the canvas npm package

stderr | tests/ui/SpectralEditPanel.test.tsx > SpectralEditPanel > drag with tiny movement (<4px) clears the selection and sets status
Not implemented: HTMLCanvasElement's getContext() method: without installing the canvas npm package
Not implemented: HTMLCanvasElement's getContext() method: without installing the canvas npm package
Not implemented: HTMLCanvasElement's getContext() method: without installing the canvas npm package
Not implemented: HTMLCanvasElement's getContext() method: without installing the canvas npm package
Not implemented: HTMLCanvasElement's getContext() method: without installing the canvas npm package

stderr | tests/ui/SpectralEditPanel.test.tsx > SpectralEditPanel > drag with substantial movement keeps the selection and sets the 'pick GAIN' status
Not implemented: HTMLCanvasElement's getContext() method: without installing the canvas npm package
Not implemented: HTMLCanvasElement's getContext() method: without installing the canvas npm package
Not implemented: HTMLCanvasElement's getContext() method: without installing the canvas npm package
Not implemented: HTMLCanvasElement's getContext() method: without installing the canvas npm package

stderr | tests/ui/SpectralEditPanel.test.tsx > SpectralEditPanel > ERASE NOISE does not throw when the spectrogram frames are not ready
Not implemented: HTMLCanvasElement's getContext() method: without installing the canvas npm package
Not implemented: HTMLCanvasElement's getContext() method: without installing the canvas npm package

stderr | tests/ui/SpectralEditPanel.test.tsx > SpectralEditPanel > PLAY ORIG does not throw and does not require a selection
Not implemented: HTMLCanvasElement's getContext() method: without installing the canvas npm package
Not implemented: HTMLCanvasElement's getContext() method: without installing the canvas npm package

 [32mÔťô[39m tests/ui/SpectralEditPanel.test.tsx [2m([22m[2m13 tests[22m[2m)[22m[33m 4196[2mms[22m[39m
   [33m[2mÔťô[22m[39m SpectralEditPanel[2m > [22mrenders the panel with the duration in the header [33m619[2mms[22m[39m
   [33m[2mÔťô[22m[39m SpectralEditPanel[2m > [22mcalls onClose when the X button is clicked [33m1532[2mms[22m[39m
   [33m[2mÔťô[22m[39m SpectralEditPanel[2m > [22mrenders the feather select with the four preset millisecond values [33m308[2mms[22m[39m
   [33m[2mÔťô[22m[39m SpectralEditPanel[2m > [22mPLAY ORIG does not throw and does not require a selection [33m496[2mms[22m[39m
 [32mÔťô[39m tests/ai/bridge/compressor.test.ts [2m([22m[2m12 tests[22m[2m)[22m[90m 145[2mms[22m[39m
 [32mÔťô[39m tests/ai/bridge/snaresVsHates.test.ts [2m([22m[2m16 tests[22m[2m)[22m[33m 401[2mms[22m[39m
stderr | tests/ui/GalleryPage.test.tsx > gallery flywheel > FORK remembers the remix parent and opens the studio with remixOf
Warning: An update to GalleryPage inside a test was not wrapped in act(...).

When testing, code that causes React state updates should be wrapped into act(...):

act(() => {
  /* fire events that update state */
});
/* assert on the output */

This ensures that you're testing the behavior the user would see in the browser. Learn more at https://reactjs.org/link/wrap-tests-with-act
    at GalleryPage (D:\pulse-forge\src\gallery\GalleryPage.tsx:24:49)

stderr | tests/ui/UltinaPanel.test.tsx > UltinaPanel > renders the module selector with one chip per module in DEFAULT_MODULE_ORDER
Warning: An update to UltinaPanel inside a test was not wrapped in act(...).

When testing, code that causes React state updates should be wrapped into act(...):

act(() => {
  /* fire events that update state */
});
/* assert on the output */

This ensures that you're testing the behavior the user would see in the browser. Learn more at https://reactjs.org/link/wrap-tests-with-act
    at UltinaPanel (D:\pulse-forge\src\ui\UltinaPanel.tsx:65:3)
Warning: An update to UltinaPanel inside a test was not wrapped in act(...).

When testing, code that causes React state updates should be wrapped into act(...):

act(() => {
  /* fire events that update state */
});
/* assert on the output */

This ensures that you're testing the behavior the user would see in the browser. Learn more at https://reactjs.org/link/wrap-tests-with-act
    at UltinaPanel (D:\pulse-forge\src\ui\UltinaPanel.tsx:65:3)

stderr | tests/ui/UltinaPanel.test.tsx > UltinaPanel > defaults the selected module to the third row 'COMP' (the compander)
Warning: An update to UltinaPanel inside a test was not wrapped in act(...).

When testing, code that causes React state updates should be wrapped into act(...):

act(() => {
  /* fire events that update state */
});
/* assert on the output */

This ensures that you're testing the behavior the user would see in the browser. Learn more at https://reactjs.org/link/wrap-tests-with-act
    at UltinaPanel (D:\pulse-forge\src\ui\UltinaPanel.tsx:65:3)
Warning: An update to UltinaPanel inside a test was not wrapped in act(...).

When testing, code that causes React state updates should be wrapped into act(...):

act(() => {
  /* fire events that update state */
});
/* assert on the output */

This ensures that you're testing the behavior the user would see in the browser. Learn more at https://reactjs.org/link/wrap-tests-with-act
    at UltinaPanel (D:\pulse-forge\src\ui\UltinaPanel.tsx:65:3)

 [32mÔťô[39m tests/ui/GalleryPage.test.tsx [2m([22m[2m14 tests[22m[2m)[22m[33m 4838[2mms[22m[39m
   [33m[2mÔťô[22m[39m GalleryPage[2m > [22mrenders the feed as cards with Open in Forge links [33m1448[2mms[22m[39m
   [33m[2mÔťô[22m[39m GalleryPage[2m > [22mlets a visitor submit a moderation report without exposing reporter data [33m1106[2mms[22m[39m
   [33m[2mÔťô[22m[39m GalleryPage[2m > [22mpublishes: opens the form, parses the pasted share link, POSTs the payload [33m370[2mms[22m[39m
   [33m[2mÔťô[22m[39m GalleryPage[2m > [22mflags an invalid share code instead of POSTing junk [33m444[2mms[22m[39m
   [33m[2mÔťô[22m[39m gallery flywheel[2m > [22mcounts a play once per session and shows the optimistic tick [33m329[2mms[22m[39m
stderr | tests/ui/UltinaPanel.test.tsx > UltinaPanel > clicking EQ switches the selected module (EQ is in DEFAULT_MODULE_ORDER)
Not implemented: HTMLCanvasElement's getContext() method: without installing the canvas npm package

stderr | tests/ui/UltinaPanel.test.tsx > UltinaPanel > clicking EQ switches the selected module (EQ is in DEFAULT_MODULE_ORDER)
Not implemented: HTMLCanvasElement's getContext() method: without installing the canvas npm package

stderr | tests/ui/UltinaPanel.test.tsx > UltinaPanel > the ON/OFF toggle invokes onParam with `<module>.enabled` 0/1
Not implemented: HTMLCanvasElement's getContext() method: without installing the canvas npm package

stderr | tests/ui/UltinaPanel.test.tsx > UltinaPanel > the ON/OFF toggle invokes onParam with `<module>.enabled` 0/1
Not implemented: HTMLCanvasElement's getContext() method: without installing the canvas npm package

stderr | tests/ui/UltinaPanel.test.tsx > UltinaPanel > renders the degraded banner when the worklet is unavailable
Warning: An update to UltinaPanel inside a test was not wrapped in act(...).

When testing, code that causes React state updates should be wrapped into act(...):

act(() => {
  /* fire events that update state */
});
/* assert on the output */

This ensures that you're testing the behavior the user would see in the browser. Learn more at https://reactjs.org/link/wrap-tests-with-act
    at UltinaPanel (D:\pulse-forge\src\ui\UltinaPanel.tsx:65:3)
Warning: An update to UltinaPanel inside a test was not wrapped in act(...).

When testing, code that causes React state updates should be wrapped into act(...):

act(() => {
  /* fire events that update state */
});
/* assert on the output */

This ensures that you're testing the behavior the user would see in the browser. Learn more at https://reactjs.org/link/wrap-tests-with-act
    at UltinaPanel (D:\pulse-forge\src\ui\UltinaPanel.tsx:65:3)

stderr | tests/ui/UltinaPanel.test.tsx > UltinaPanel > renders Mix Assist A/B before accepting the exact offline proposal
Not implemented: HTMLCanvasElement's getContext() method: without installing the canvas npm package

stderr | tests/ui/UltinaPanel.test.tsx > UltinaPanel > renders Mix Assist A/B before accepting the exact offline proposal
Not implemented: HTMLCanvasElement's getContext() method: without installing the canvas npm package

stderr | tests/ui/UltinaPanel.test.tsx > UltinaPanel > renders Mix Assist A/B before accepting the exact offline proposal
Not implemented: HTMLCanvasElement's getContext() method: without installing the canvas npm package

stderr | tests/ui/UltinaPanel.test.tsx > UltinaPanel > renders Mix Assist A/B before accepting the exact offline proposal
Not implemented: HTMLCanvasElement's getContext() method: without installing the canvas npm package

stderr | tests/ui/UltinaPanel.test.tsx > UltinaPanel > renders Mix Assist A/B before accepting the exact offline proposal
Not implemented: HTMLCanvasElement's getContext() method: without installing the canvas npm package

stderr | tests/ui/UltinaPanel.test.tsx > UltinaPanel > renders Mix Assist A/B before accepting the exact offline proposal
Not implemented: HTMLCanvasElement's getContext() method: without installing the canvas npm package

stderr | tests/ui/UltinaPanel.test.tsx > UltinaPanel > renders Mix Assist A/B before accepting the exact offline proposal
Not implemented: HTMLCanvasElement's getContext() method: without installing the canvas npm package

stderr | tests/ui/UltinaPanel.test.tsx > UltinaPanel > renders Mix Assist A/B before accepting the exact offline proposal
Not implemented: HTMLCanvasElement's getContext() method: without installing the canvas npm package

stderr | tests/ui/UltinaPanel.test.tsx > UltinaPanel > renders Mix Assist A/B before accepting the exact offline proposal
Not implemented: HTMLCanvasElement's getContext() method: without installing the canvas npm package

stderr | tests/ui/UltinaPanel.test.tsx > UltinaPanel > invalidates a pending Mix Assist proposal if the project changes before acceptance
Not implemented: HTMLCanvasElement's getContext() method: without installing the canvas npm package

stderr | tests/ui/UltinaPanel.test.tsx > UltinaPanel > invalidates a pending Mix Assist proposal if the project changes before acceptance
Not implemented: HTMLCanvasElement's getContext() method: without installing the canvas npm package

stderr | tests/ui/UltinaPanel.test.tsx > UltinaPanel > invalidates a pending Mix Assist proposal if the project changes before acceptance
Warning: An update to UltinaPanel inside a test was not wrapped in act(...).

When testing, code that causes React state updates should be wrapped into act(...):

act(() => {
  /* fire events that update state */
});
/* assert on the output */

This ensures that you're testing the behavior the user would see in the browser. Learn more at https://reactjs.org/link/wrap-tests-with-act
    at UltinaPanel (D:\pulse-forge\src\ui\UltinaPanel.tsx:65:3)
Warning: An update to UltinaPanel inside a test was not wrapped in act(...).

When testing, code that causes React state updates should be wrapped into act(...):

act(() => {
  /* fire events that update state */
});
/* assert on the output */

This ensures that you're testing the behavior the user would see in the browser. Learn more at https://reactjs.org/link/wrap-tests-with-act
    at UltinaPanel (D:\pulse-forge\src\ui\UltinaPanel.tsx:65:3)
Warning: An update to UltinaPanel inside a test was not wrapped in act(...).

When testing, code that causes React state updates should be wrapped into act(...):

act(() => {
  /* fire events that update state */
});
/* assert on the output */

This ensures that you're testing the behavior the user would see in the browser. Learn more at https://reactjs.org/link/wrap-tests-with-act
    at UltinaPanel (D:\pulse-forge\src\ui\UltinaPanel.tsx:65:3)

stderr | tests/ui/UltinaPanel.test.tsx > UltinaPanel > invalidates a pending Mix Assist proposal if the project changes before acceptance
Not implemented: HTMLCanvasElement's getContext() method: without installing the canvas npm package

stderr | tests/ui/UltinaPanel.test.tsx > UltinaPanel > keeps Reference Match as an offline proposal until explicit acceptance
Not implemented: HTMLCanvasElement's getContext() method: without installing the canvas npm package

stderr | tests/ui/UltinaPanel.test.tsx > UltinaPanel > keeps Reference Match as an offline proposal until explicit acceptance
Not implemented: HTMLCanvasElement's getContext() method: without installing the canvas npm package

stderr | tests/ui/UltinaPanel.test.tsx > UltinaPanel > keeps Reference Match as an offline proposal until explicit acceptance
Not implemented: HTMLCanvasElement's getContext() method: without installing the canvas npm package

stderr | tests/ui/UltinaPanel.test.tsx > UltinaPanel > keeps Reference Match as an offline proposal until explicit acceptance
Not implemented: HTMLCanvasElement's getContext() method: without installing the canvas npm package

 [32mÔťô[39m tests/ui/UltinaPanel.test.tsx [2m([22m[2m8 tests[22m[2m)[22m[33m 7365[2mms[22m[39m
   [33m[2mÔťô[22m[39m UltinaPanel[2m > [22mrenders the module selector with one chip per module in DEFAULT_MODULE_ORDER [33m1617[2mms[22m[39m
   [33m[2mÔťô[22m[39m UltinaPanel[2m > [22mdefaults the selected module to the third row 'COMP' (the compander) [33m836[2mms[22m[39m
   [33m[2mÔťô[22m[39m UltinaPanel[2m > [22mclicking EQ switches the selected module (EQ is in DEFAULT_MODULE_ORDER) [33m821[2mms[22m[39m
   [33m[2mÔťô[22m[39m UltinaPanel[2m > [22mthe ON/OFF toggle invokes onParam with `<module>.enabled` 0/1 [33m522[2mms[22m[39m
   [33m[2mÔťô[22m[39m UltinaPanel[2m > [22mrenders the degraded banner when the worklet is unavailable [33m421[2mms[22m[39m
   [33m[2mÔťô[22m[39m UltinaPanel[2m > [22mrenders Mix Assist A/B before accepting the exact offline proposal [33m1504[2mms[22m[39m
   [33m[2mÔťô[22m[39m UltinaPanel[2m > [22minvalidates a pending Mix Assist proposal if the project changes before acceptance [33m671[2mms[22m[39m
   [33m[2mÔťô[22m[39m UltinaPanel[2m > [22mkeeps Reference Match as an offline proposal until explicit acceptance [33m899[2mms[22m[39m
 [32mÔťô[39m tests/ui/remote-cursors.test.tsx [2m([22m[2m6 tests[22m[2m)[22m[33m 4760[2mms[22m[39m
   [33m[2mÔťô[22m[39m sequencer remote cursors[2m > [22mrenders a colored marker on the cell a remote user points at [33m2782[2mms[22m[39m
   [33m[2mÔťô[22m[39m sequencer remote cursors[2m > [22mpublishes the hovered cell and clears on leaving the sequencer [33m1200[2mms[22m[39m
   [33m[2mÔťô[22m[39m sequencer remote cursors[2m > [22mdoes not publish from touch pointers [33m544[2mms[22m[39m
 [32mÔťô[39m tests/ui/touch-reachability.test.tsx [2m([22m[2m10 tests[22m[2m)[22m[33m 5761[2mms[22m[39m
   [33m[2mÔťô[22m[39m Mixer touch reachability[2m > [22mexposes return creation as a clickable button per channel [33m3105[2mms[22m[39m
   [33m[2mÔťô[22m[39m built-in value menu (no host onMenu)[2m > [22mSlider: right-click opens Reset/Type and Reset commits the default [33m675[2mms[22m[39m
   [33m[2mÔťô[22m[39m built-in value menu (no host onMenu)[2m > [22mSlider: long-press opens the built-in menu and Type value applies the typed number [33m1331[2mms[22m[39m
stderr | tests/ui/ArrangementPanel.test.tsx > ArrangementPanel > calls createScene when + SCENE clicked
Warning: An update to ArrangementPanel inside a test was not wrapped in act(...).

When testing, code that causes React state updates should be wrapped into act(...):

act(() => {
  /* fire events that update state */
});
/* assert on the output */

This ensures that you're testing the behavior the user would see in the browser. Learn more at https://reactjs.org/link/wrap-tests-with-act
    at ArrangementPanel (D:\pulse-forge\src\ui\ArrangementPanel.tsx:147:42)

stderr | tests/ui/EffectRack.test.tsx > EffectRack > keeps an Ultina A/B snapshot when its editor is collapsed
Not implemented: HTMLCanvasElement's getContext() method: without installing the canvas npm package

stderr | tests/ui/timeline-rec.test.tsx > arrangement REC wiring > renders the ARM select with project tracks and disables REC until armed
Warning: An update to ArrangementPanel inside a test was not wrapped in act(...).

When testing, code that causes React state updates should be wrapped into act(...):

act(() => {
  /* fire events that update state */
});
/* assert on the output */

This ensures that you're testing the behavior the user would see in the browser. Learn more at https://reactjs.org/link/wrap-tests-with-act
    at ArrangementPanel (D:\pulse-forge\src\ui\ArrangementPanel.tsx:147:42)
Warning: An update to ArrangementPanel inside a test was not wrapped in act(...).

When testing, code that causes React state updates should be wrapped into act(...):

act(() => {
  /* fire events that update state */
});
/* assert on the output */

This ensures that you're testing the behavior the user would see in the browser. Learn more at https://reactjs.org/link/wrap-tests-with-act
    at ArrangementPanel (D:\pulse-forge\src\ui\ArrangementPanel.tsx:147:42)

stderr | tests/ui/EffectRack.test.tsx > EffectRack > A/B state lives in the document ÔÇö a full remount (reload equivalent) restores it
Not implemented: HTMLCanvasElement's getContext() method: without installing the canvas npm package

stderr | tests/ui/EffectRack.test.tsx > EffectRack > A/B state lives in the document ÔÇö a full remount (reload equivalent) restores it
Not implemented: HTMLCanvasElement's getContext() method: without installing the canvas npm package

stderr | tests/ui/timeline-rec.test.tsx > arrangement REC wiring > switches audible passes from the selected audio take group
Warning: An update to ArrangementPanel inside a test was not wrapped in act(...).

When testing, code that causes React state updates should be wrapped into act(...):

act(() => {
  /* fire events that update state */
});
/* assert on the output */

This ensures that you're testing the behavior the user would see in the browser. Learn more at https://reactjs.org/link/wrap-tests-with-act
    at ArrangementPanel (D:\pulse-forge\src\ui\ArrangementPanel.tsx:147:42)
Warning: An update to ArrangementPanel inside a test was not wrapped in act(...).

When testing, code that causes React state updates should be wrapped into act(...):

act(() => {
  /* fire events that update state */
});
/* assert on the output */

This ensures that you're testing the behavior the user would see in the browser. Learn more at https://reactjs.org/link/wrap-tests-with-act
    at ArrangementPanel (D:\pulse-forge\src\ui\ArrangementPanel.tsx:147:42)

stderr | tests/ui/EffectRack.test.tsx > EffectRack ÔÇö FXEQ panel > mounts the EQ-paint panel: preset select, band chips, canvas
Not implemented: HTMLCanvasElement's getContext() method: without installing the canvas npm package
Not implemented: HTMLCanvasElement's getContext() method: without installing the canvas npm package

stderr | tests/ui/EffectRack.test.tsx > EffectRack ÔÇö FXEQ panel > shows the degraded banner when the worklet fallback is active
Not implemented: HTMLCanvasElement's getContext() method: without installing the canvas npm package
Not implemented: HTMLCanvasElement's getContext() method: without installing the canvas npm package

stderr | tests/ui/EffectRack.test.tsx > EffectRack ÔÇö FXEQ panel > selecting a preset executes ONE bulk apply command
Not implemented: HTMLCanvasElement's getContext() method: without installing the canvas npm package
Not implemented: HTMLCanvasElement's getContext() method: without installing the canvas npm package

stderr | tests/ui/EffectRack.test.tsx > EffectRack ÔÇö FXEQ panel > selecting a preset executes ONE bulk apply command
Not implemented: HTMLCanvasElement's getContext() method: without installing the canvas npm package

stderr | tests/ui/EffectRack.test.tsx > EffectRack ÔÇö FXEQ panel > selecting a preset executes ONE bulk apply command
Not implemented: HTMLCanvasElement's getContext() method: without installing the canvas npm package

stderr | tests/ui/ArrangementPanel.test.tsx > ArrangementPanel > interrupted ruler drag drops the in-progress time range
Warning: An update to ArrangementPanel inside a test was not wrapped in act(...).

When testing, code that causes React state updates should be wrapped into act(...):

act(() => {
  /* fire events that update state */
});
/* assert on the output */

This ensures that you're testing the behavior the user would see in the browser. Learn more at https://reactjs.org/link/wrap-tests-with-act
    at ArrangementPanel (D:\pulse-forge\src\ui\ArrangementPanel.tsx:147:42)
Warning: An update to ArrangementPanel inside a test was not wrapped in act(...).

When testing, code that causes React state updates should be wrapped into act(...):

act(() => {
  /* fire events that update state */
});
/* assert on the output */

This ensures that you're testing the behavior the user would see in the browser. Learn more at https://reactjs.org/link/wrap-tests-with-act
    at ArrangementPanel (D:\pulse-forge\src\ui\ArrangementPanel.tsx:147:42)

stderr | tests/ui/EffectRack.test.tsx > EffectRack ÔÇö FXEQ panel > band module toggle executes a dotted setFxEqParam
Not implemented: HTMLCanvasElement's getContext() method: without installing the canvas npm package
Not implemented: HTMLCanvasElement's getContext() method: without installing the canvas npm package

stderr | tests/ui/timeline-rec.test.tsx > arrangement REC wiring > solos a take lane in live Song playback without mutating the project or rendering offline
Warning: An update to ArrangementPanel inside a test was not wrapped in act(...).

When testing, code that causes React state updates should be wrapped into act(...):

act(() => {
  /* fire events that update state */
});
/* assert on the output */

This ensures that you're testing the behavior the user would see in the browser. Learn more at https://reactjs.org/link/wrap-tests-with-act
    at ArrangementPanel (D:\pulse-forge\src\ui\ArrangementPanel.tsx:147:42)
Warning: An update to ArrangementPanel inside a test was not wrapped in act(...).

When testing, code that causes React state updates should be wrapped into act(...):

act(() => {
  /* fire events that update state */
});
/* assert on the output */

This ensures that you're testing the behavior the user would see in the browser. Learn more at https://reactjs.org/link/wrap-tests-with-act
    at ArrangementPanel (D:\pulse-forge\src\ui\ArrangementPanel.tsx:147:42)

stderr | tests/ui/EffectRack.test.tsx > EffectRack ÔÇö FXEQ panel > band module toggle executes a dotted setFxEqParam
Not implemented: HTMLCanvasElement's getContext() method: without installing the canvas npm package

stderr | tests/ui/EffectRack.test.tsx > EffectRack ÔÇö FXEQ panel > exposes PRISM's sidechain source picker and records a source command
Not implemented: HTMLCanvasElement's getContext() method: without installing the canvas npm package
Not implemented: HTMLCanvasElement's getContext() method: without installing the canvas npm package

stderr | tests/ui/EffectRack.test.tsx > EffectRack ÔÇö FXEQ panel > exposes PRISM's sidechain source picker and records a source command
Not implemented: HTMLCanvasElement's getContext() method: without installing the canvas npm package

stderr | tests/ui/EffectRack.test.tsx > EffectRack ÔÇö FXEQ panel > exposes PRISM's sidechain source picker and records a source command
Not implemented: HTMLCanvasElement's getContext() method: without installing the canvas npm package

stderr | tests/ui/EffectRack.test.tsx > EffectRack ÔÇö FXEQ panel > uses one persisted A/B controller and hydrates PRISM morph slots
Not implemented: HTMLCanvasElement's getContext() method: without installing the canvas npm package
Not implemented: HTMLCanvasElement's getContext() method: without installing the canvas npm package

stderr | tests/ui/EffectRack.test.tsx > EffectRack ÔÇö FXEQ panel > sends PRISM slider movement to live preview while commit stays a document command
Not implemented: HTMLCanvasElement's getContext() method: without installing the canvas npm package
Not implemented: HTMLCanvasElement's getContext() method: without installing the canvas npm package

stderr | tests/ui/EffectRack.test.tsx > EffectRack ÔÇö FXEQ panel > sends PRISM slider movement to live preview while commit stays a document command
Not implemented: HTMLCanvasElement's getContext() method: without installing the canvas npm package

 [32mÔťô[39m tests/ui/KaskadaPanel.test.tsx [2m([22m[2m6 tests[22m[2m)[22m[33m 1382[2mms[22m[39m
   [33m[2mÔťô[22m[39m KaskadaPanel[2m > [22mrenders the legend and canvas, and gates engine metering on mount [33m969[2mms[22m[39m
stderr | tests/ui/EffectRack.test.tsx > EffectRack ÔÇö FXEQ panel > sends PRISM slider movement to live preview while commit stays a document command
Not implemented: HTMLCanvasElement's getContext() method: without installing the canvas npm package

stderr | tests/ui/timeline-rec.test.tsx > arrangement REC wiring > selects a take-lane region by dragging and comps it with one undoable edit
Warning: An update to ArrangementPanel inside a test was not wrapped in act(...).

When testing, code that causes React state updates should be wrapped into act(...):

act(() => {
  /* fire events that update state */
});
/* assert on the output */

This ensures that you're testing the behavior the user would see in the browser. Learn more at https://reactjs.org/link/wrap-tests-with-act
    at ArrangementPanel (D:\pulse-forge\src\ui\ArrangementPanel.tsx:147:42)
Warning: An update to ArrangementPanel inside a test was not wrapped in act(...).

When testing, code that causes React state updates should be wrapped into act(...):

act(() => {
  /* fire events that update state */
});
/* assert on the output */

This ensures that you're testing the behavior the user would see in the browser. Learn more at https://reactjs.org/link/wrap-tests-with-act
    at ArrangementPanel (D:\pulse-forge\src\ui\ArrangementPanel.tsx:147:42)

stderr | tests/ui/EffectRack.test.tsx > EffectRack ÔÇö Ultina panel > mounts the module editor: chips in graph order + enable toggle
Not implemented: HTMLCanvasElement's getContext() method: without installing the canvas npm package

stderr | tests/ui/EffectRack.test.tsx > EffectRack ÔÇö Ultina panel > enable toggle executes a dotted setUltinaParam
Not implemented: HTMLCanvasElement's getContext() method: without installing the canvas npm package

stderr | tests/ui/ArrangementPanel.test.tsx > ArrangementPanel ÔÇö arrangement ergonomics > ctrl+click adds clips to the shared clip selection
Warning: An update to ArrangementPanel inside a test was not wrapped in act(...).

When testing, code that causes React state updates should be wrapped into act(...):

act(() => {
  /* fire events that update state */
});
/* assert on the output */

This ensures that you're testing the behavior the user would see in the browser. Learn more at https://reactjs.org/link/wrap-tests-with-act
    at ArrangementPanel (D:\pulse-forge\src\ui\ArrangementPanel.tsx:147:42)
Warning: An update to ArrangementPanel inside a test was not wrapped in act(...).

When testing, code that causes React state updates should be wrapped into act(...):

act(() => {
  /* fire events that update state */
});
/* assert on the output */

This ensures that you're testing the behavior the user would see in the browser. Learn more at https://reactjs.org/link/wrap-tests-with-act
    at ArrangementPanel (D:\pulse-forge\src\ui\ArrangementPanel.tsx:147:42)

stderr | tests/ui/ArrangementPanel.test.tsx > ArrangementPanel ÔÇö arrangement ergonomics > empty-lane drag marquees clips; a plain click still places the scene
Warning: An update to ArrangementPanel inside a test was not wrapped in act(...).

When testing, code that causes React state updates should be wrapped into act(...):

act(() => {
  /* fire events that update state */
});
/* assert on the output */

This ensures that you're testing the behavior the user would see in the browser. Learn more at https://reactjs.org/link/wrap-tests-with-act
    at ArrangementPanel (D:\pulse-forge\src\ui\ArrangementPanel.tsx:147:42)
Warning: An update to ArrangementPanel inside a test was not wrapped in act(...).

When testing, code that causes React state updates should be wrapped into act(...):

act(() => {
  /* fire events that update state */
});
/* assert on the output */

This ensures that you're testing the behavior the user would see in the browser. Learn more at https://reactjs.org/link/wrap-tests-with-act
    at ArrangementPanel (D:\pulse-forge\src\ui\ArrangementPanel.tsx:147:42)

stderr | tests/ui/ArrangementPanel.test.tsx > ArrangementPanel ÔÇö arrangement ergonomics > dragging one clip of an active multi-selection moves all of them as ONE command
Warning: An update to ArrangementPanel inside a test was not wrapped in act(...).

When testing, code that causes React state updates should be wrapped into act(...):

act(() => {
  /* fire events that update state */
});
/* assert on the output */

This ensures that you're testing the behavior the user would see in the browser. Learn more at https://reactjs.org/link/wrap-tests-with-act
    at ArrangementPanel (D:\pulse-forge\src\ui\ArrangementPanel.tsx:147:42)
Warning: An update to ArrangementPanel inside a test was not wrapped in act(...).

When testing, code that causes React state updates should be wrapped into act(...):

act(() => {
  /* fire events that update state */
});
/* assert on the output */

This ensures that you're testing the behavior the user would see in the browser. Learn more at https://reactjs.org/link/wrap-tests-with-act
    at ArrangementPanel (D:\pulse-forge\src\ui\ArrangementPanel.tsx:147:42)

stderr | tests/ui/EffectRack.test.tsx > EffectRack ÔÇö Ultina panel > selecting a preset executes ONE bulk apply command
Not implemented: HTMLCanvasElement's getContext() method: without installing the canvas npm package

 [32mÔťô[39m tests/ui/HumToMelody.test.ts [2m([22m[2m10 tests[22m[2m)[22m[90m 43[2mms[22m[39m
stderr | tests/ui/EffectRack.test.tsx > EffectRack ÔÇö Ultina panel > EQ module shows the 12-band editor with response sketch
Not implemented: HTMLCanvasElement's getContext() method: without installing the canvas npm package

stderr | tests/ui/EffectRack.test.tsx > EffectRack ÔÇö Ultina panel > EQ module shows the 12-band editor with response sketch
Not implemented: HTMLCanvasElement's getContext() method: without installing the canvas npm package

stderr | tests/ui/ArrangementPanel.test.tsx > ArrangementPanel ÔÇö SCENE SECS (wall-clock authoring) > typing seconds commits whole bars at the scene tempo via resizeArrangementClip
Warning: An update to ArrangementPanel inside a test was not wrapped in act(...).

When testing, code that causes React state updates should be wrapped into act(...):

act(() => {
  /* fire events that update state */
});
/* assert on the output */

This ensures that you're testing the behavior the user would see in the browser. Learn more at https://reactjs.org/link/wrap-tests-with-act
    at ArrangementPanel (D:\pulse-forge\src\ui\ArrangementPanel.tsx:147:42)
Warning: An update to ArrangementPanel inside a test was not wrapped in act(...).

When testing, code that causes React state updates should be wrapped into act(...):

act(() => {
  /* fire events that update state */
});
/* assert on the output */

This ensures that you're testing the behavior the user would see in the browser. Learn more at https://reactjs.org/link/wrap-tests-with-act
    at ArrangementPanel (D:\pulse-forge\src\ui\ArrangementPanel.tsx:147:42)

stderr | tests/ui/ArrangementPanel.test.tsx > ArrangementPanel ÔÇö SCENE SECS (wall-clock authoring) > blur commits too; an empty or zero value changes nothing
Warning: An update to ArrangementPanel inside a test was not wrapped in act(...).

When testing, code that causes React state updates should be wrapped into act(...):

act(() => {
  /* fire events that update state */
});
/* assert on the output */

This ensures that you're testing the behavior the user would see in the browser. Learn more at https://reactjs.org/link/wrap-tests-with-act
    at ArrangementPanel (D:\pulse-forge\src\ui\ArrangementPanel.tsx:147:42)
Warning: An update to ArrangementPanel inside a test was not wrapped in act(...).

When testing, code that causes React state updates should be wrapped into act(...):

act(() => {
  /* fire events that update state */
});
/* assert on the output */

This ensures that you're testing the behavior the user would see in the browser. Learn more at https://reactjs.org/link/wrap-tests-with-act
    at ArrangementPanel (D:\pulse-forge\src\ui\ArrangementPanel.tsx:147:42)

stderr | tests/ui/ArrangementPanel.test.tsx > ArrangementPanel ÔÇö SCENE SECS (wall-clock authoring) > audio clip menu offers AI FLIP as genre chips (no prompt)
Not implemented: HTMLCanvasElement's getContext() method: without installing the canvas npm package

stderr | tests/ui/EffectRack.test.tsx > EffectRack ÔÇö Ultina panel > EQ module shows the 12-band editor with response sketch
Not implemented: HTMLCanvasElement's getContext() method: without installing the canvas npm package

 [32mÔťô[39m tests/ui/ArrangementPanel.test.tsx [2m([22m[2m25 tests[22m[2m)[22m[33m 7491[2mms[22m[39m
   [33m[2mÔťô[22m[39m ArrangementPanel[2m > [22mrenders SCENES heading [33m486[2mms[22m[39m
   [33m[2mÔťô[22m[39m ArrangementPanel[2m > [22mshows + SCENE button [33m348[2mms[22m[39m
   [33m[2mÔťô[22m[39m ArrangementPanel[2m > [22mcalls createScene when + SCENE clicked [33m1541[2mms[22m[39m
   [33m[2mÔťô[22m[39m ArrangementPanel ÔÇö scene intensity lane[2m > [22mthe INT toggle hides and shows the lane [33m899[2mms[22m[39m
   [33m[2mÔťô[22m[39m ArrangementPanel ÔÇö arrangement ergonomics[2m > [22mzoom buttons scale the arrangement width and FIT fits it [33m996[2mms[22m[39m
   [33m[2mÔťô[22m[39m ArrangementPanel ÔÇö SCENE SECS (wall-clock authoring)[2m > [22mthe seconds ruler accumulates at each scene's effective tempo [33m409[2mms[22m[39m
stderr | tests/ui/EffectRack.test.tsx > UltinaPanel ÔÇö EQ band editor (direct render) > renders the response sketch and band params when EQ is enabled
Warning: An update to UltinaPanel inside a test was not wrapped in act(...).

When testing, code that causes React state updates should be wrapped into act(...):

act(() => {
  /* fire events that update state */
});
/* assert on the output */

This ensures that you're testing the behavior the user would see in the browser. Learn more at https://reactjs.org/link/wrap-tests-with-act
    at UltinaPanel (D:\pulse-forge\src\ui\UltinaPanel.tsx:65:3)
Warning: An update to UltinaPanel inside a test was not wrapped in act(...).

When testing, code that causes React state updates should be wrapped into act(...):

act(() => {
  /* fire events that update state */
});
/* assert on the output */

This ensures that you're testing the behavior the user would see in the browser. Learn more at https://reactjs.org/link/wrap-tests-with-act
    at UltinaPanel (D:\pulse-forge\src\ui\UltinaPanel.tsx:65:3)

stderr | tests/ui/EffectRack.test.tsx > UltinaPanel ÔÇö PRO tools (delta / A/B / gain match) > DELTA and G-MATCH toggles execute global params
Not implemented: HTMLCanvasElement's getContext() method: without installing the canvas npm package

stderr | tests/ui/EffectRack.test.tsx > UltinaPanel ÔÇö PRO tools (delta / A/B / gain match) > DELTA and G-MATCH toggles execute global params
Not implemented: HTMLCanvasElement's getContext() method: without installing the canvas npm package

stderr | tests/ui/EffectRack.test.tsx > UltinaPanel ÔÇö PRO tools (delta / A/B / gain match) > DELTA and G-MATCH toggles execute global params
Not implemented: HTMLCanvasElement's getContext() method: without installing the canvas npm package

stderr | tests/ui/EffectRack.test.tsx > UltinaPanel ÔÇö PRO tools (delta / A/B / gain match) > DELTA and G-MATCH toggles execute global params
Not implemented: HTMLCanvasElement's getContext() method: without installing the canvas npm package

stderr | tests/ui/EffectRack.test.tsx > UltinaPanel ÔÇö PRO tools (delta / A/B / gain match) > G-MATCH on reveals the target LUFS slider (default -14)
Warning: An update to UltinaPanel inside a test was not wrapped in act(...).

When testing, code that causes React state updates should be wrapped into act(...):

act(() => {
  /* fire events that update state */
});
/* assert on the output */

This ensures that you're testing the behavior the user would see in the browser. Learn more at https://reactjs.org/link/wrap-tests-with-act
    at UltinaPanel (D:\pulse-forge\src\ui\UltinaPanel.tsx:65:3)
Warning: An update to UltinaPanel inside a test was not wrapped in act(...).

When testing, code that causes React state updates should be wrapped into act(...):

act(() => {
  /* fire events that update state */
});
/* assert on the output */

This ensures that you're testing the behavior the user would see in the browser. Learn more at https://reactjs.org/link/wrap-tests-with-act
    at UltinaPanel (D:\pulse-forge\src\ui\UltinaPanel.tsx:65:3)

stderr | tests/ui/EffectRack.test.tsx > UltinaPanel ÔÇö PRO tools (delta / A/B / gain match) > A/B: STORE writes the active slot, clicking the other loads it as ONE gesture
Not implemented: HTMLCanvasElement's getContext() method: without installing the canvas npm package

stderr | tests/ui/EffectRack.test.tsx > UltinaPanel ÔÇö PRO tools (delta / A/B / gain match) > A/B: STORE writes the active slot, clicking the other loads it as ONE gesture
Not implemented: HTMLCanvasElement's getContext() method: without installing the canvas npm package

stderr | tests/ui/EffectRack.test.tsx > UltinaPanel ÔÇö PRO tools (delta / A/B / gain match) > A/B: STORE writes the active slot, clicking the other loads it as ONE gesture
Not implemented: HTMLCanvasElement's getContext() method: without installing the canvas npm package

stderr | tests/ui/EffectRack.test.tsx > UltinaPanel ÔÇö PRO tools (delta / A/B / gain match) > A/B: STORE writes the active slot, clicking the other loads it as ONE gesture
Not implemented: HTMLCanvasElement's getContext() method: without installing the canvas npm package

 [32mÔťô[39m tests/ui/TopBar.test.tsx [2m([22m[2m23 tests[22m[2m)[22m[33m 7939[2mms[22m[39m
   [33m[2mÔťô[22m[39m TopBar[2m > [22mcalls onOpenBrowser when PROJECTS clicked [33m1083[2mms[22m[39m
   [33m[2mÔťô[22m[39m TopBar[2m > [22moffers REWIND from the guard and seeks the transport to bar 1 [33m388[2mms[22m[39m
   [33m[2mÔťô[22m[39m TopBar[2m > [22mcycles count-in, toggles pre-roll and toggles the content metronome [33m1604[2mms[22m[39m
   [33m[2mÔťô[22m[39m TopBar[2m > [22msets BPM from two taps without changing the project until the second tap [33m318[2mms[22m[39m
   [33m[2mÔťô[22m[39m TopBar[2m > [22mmoves lower-priority controls into an accessible overflow menu [33m1102[2mms[22m[39m
   [33m[2mÔťô[22m[39m TopBar[2m > [22mcalls onToggleHelp when ? clicked [33m349[2mms[22m[39m
   [33m[2mÔťô[22m[39m TopBar[2m > [22mopens DIAG from the overflow menu [33m932[2mms[22m[39m
stderr | tests/ui/EffectRack.test.tsx > UltinaPanel ÔÇö PRO tools (delta / A/B / gain match) > A/B: STORE writes the active slot, clicking the other loads it as ONE gesture
Not implemented: HTMLCanvasElement's getContext() method: without installing the canvas npm package

stderr | tests/ui/EffectRack.test.tsx > UltinaPanel ÔÇö PRO tools (delta / A/B / gain match) > A/B: STORE writes the active slot, clicking the other loads it as ONE gesture
Not implemented: HTMLCanvasElement's getContext() method: without installing the canvas npm package

stderr | tests/ui/EffectRack.test.tsx > UltinaPanel ÔÇö PRO tools (delta / A/B / gain match) > A/B: STORE writes the active slot, clicking the other loads it as ONE gesture
Not implemented: HTMLCanvasElement's getContext() method: without installing the canvas npm package

stderr | tests/ui/EffectRack.test.tsx > UltinaPanel ÔÇö PRO tools (delta / A/B / gain match) > A/B: STORE writes the active slot, clicking the other loads it as ONE gesture
Not implemented: HTMLCanvasElement's getContext() method: without installing the canvas npm package

stderr | tests/ui/EffectRack.test.tsx > UltinaPanel ÔÇö PRO tools (delta / A/B / gain match) > A/B exposes copy and clear controls without applying audio changes
Not implemented: HTMLCanvasElement's getContext() method: without installing the canvas npm package

stderr | tests/ui/EffectRack.test.tsx > UltinaPanel ÔÇö PRO tools (delta / A/B / gain match) > A/B exposes copy and clear controls without applying audio changes
Not implemented: HTMLCanvasElement's getContext() method: without installing the canvas npm package

stderr | tests/ui/EffectRack.test.tsx > UltinaPanel ÔÇö PRO tools (delta / A/B / gain match) > A/B exposes copy and clear controls without applying audio changes
Not implemented: HTMLCanvasElement's getContext() method: without installing the canvas npm package

stderr | tests/ui/EffectRack.test.tsx > UltinaPanel ÔÇö PRO tools (delta / A/B / gain match) > A/B exposes copy and clear controls without applying audio changes
Not implemented: HTMLCanvasElement's getContext() method: without installing the canvas npm package

 [32mÔťô[39m tests/ui/timeline-rec.test.tsx [2m([22m[2m32 tests[22m[2m)[22m[33m 11831[2mms[22m[39m
   [33m[2mÔťô[22m[39m arrangement REC wiring[2m > [22mrenders the ARM select with project tracks and disables REC until armed [33m2031[2mms[22m[39m
   [33m[2mÔťô[22m[39m arrangement REC wiring[2m > [22marms one-pass punch recording from disabled-loop transport locators [33m675[2mms[22m[39m
   [33m[2mÔťô[22m[39m arrangement REC wiring[2m > [22mshows a storage-headroom warning without stopping an otherwise valid recording [33m864[2mms[22m[39m
   [33m[2mÔťô[22m[39m arrangement REC wiring[2m > [22mshows source and comp takes as aligned lanes with undoable active-pass controls [33m375[2mms[22m[39m
   [33m[2mÔťô[22m[39m arrangement REC wiring[2m > [22mauditions one isolated take lane through offline render and exposes a stop control [33m649[2mms[22m[39m
   [33m[2mÔťô[22m[39m arrangement REC wiring[2m > [22msolos a take lane in live Song playback without mutating the project or rendering offline [33m532[2mms[22m[39m
   [33m[2mÔťô[22m[39m arrangement REC wiring[2m > [22mselects a take-lane region by dragging and comps it with one undoable edit [33m661[2mms[22m[39m
   [33m[2mÔťô[22m[39m arrangement REC wiring[2m > [22mexposes an undoable comp-range action using the transport locators [33m345[2mms[22m[39m
   [33m[2mÔťô[22m[39m arrangement REC wiring[2m > [22maligns an alternate recording to the take-group start and persists its pass identity [33m506[2mms[22m[39m
   [33m[2mÔťô[22m[39m arrangement REC wiring[2m > [22mroutes the chosen audio-interface input into the audio recorder [33m819[2mms[22m[39m
   [33m[2mÔťô[22m[39m arrangement REC wiring[2m > [22mrequests four distinct input channels and maps each one to its own timeline track [33m901[2mms[22m[39m
   [33m[2mÔťô[22m[39m arrangement REC wiring[2m > [22mREC without AudioWorklet support surfaces a readable error, not a crash [33m1029[2mms[22m[39m
   [33m[2mÔťô[22m[39m arrangement REC wiring[2m > [22mserializes rapid REC clicks while the audio input is opening [33m460[2mms[22m[39m
   [33m[2mÔťô[22m[39m arrangement REC wiring[2m > [22mwarns when the take is usable now but its audio could not be persisted [33m656[2mms[22m[39m
 [32mÔťô[39m tests/ui/Sequencer.test.tsx [2m([22m[2m13 tests[22m[2m)[22m[33m 14668[2mms[22m[39m
   [33m[2mÔťô[22m[39m Sequencer[2m > [22mrenders step ruler [33m4233[2mms[22m[39m
   [33m[2mÔťô[22m[39m Sequencer[2m > [22mrenders step numbers in ruler [33m1066[2mms[22m[39m
   [33m[2mÔťô[22m[39m Sequencer[2m > [22mrenders dots for non-beat steps [33m508[2mms[22m[39m
   [33m[2mÔťô[22m[39m Sequencer[2m > [22mrenders track header rows [33m461[2mms[22m[39m
   [33m[2mÔťô[22m[39m Sequencer[2m > [22mhas step sequencer aria label [33m379[2mms[22m[39m
   [33m[2mÔťô[22m[39m Sequencer[2m > [22mtoggles Beat Focus without changing the pattern editor state [33m4807[2mms[22m[39m
   [33m[2mÔťô[22m[39m Sequencer[2m > [22mkeeps Space free for transport: a focused step ignores it, Enter still toggles [33m349[2mms[22m[39m
   [33m[2mÔťô[22m[39m step amount drag (window-level listeners)[2m > [22maborts on pointercancel without committing, even on a stale pointerup [33m301[2mms[22m[39m
   [33m[2mÔťô[22m[39m step drag-paint and hover audition[2m > [22mdrag-paints a horizontal stroke across empty cells as one command [33m837[2mms[22m[39m
   [33m[2mÔťô[22m[39m step drag-paint and hover audition[2m > [22mdrag-paints an erase stroke across placed steps [33m429[2mms[22m[39m
   [33m[2mÔťô[22m[39m step drag-paint and hover audition[2m > [22mkeeps vertical drags on velocity editing instead of painting [33m458[2mms[22m[39m
   [33m[2mÔťô[22m[39m step drag-paint and hover audition[2m > [22mauditions placed steps on hover, gated while sweeping [33m573[2mms[22m[39m
stderr | tests/ui/EffectRack.test.tsx > EffectRack ÔÇö flagship device shell contract (all four plugins) > fxeq: add Ôćĺ mount Ôćĺ collapse keeps mounted Ôćĺ expand Ôćĺ bypass flips state
Not implemented: HTMLCanvasElement's getContext() method: without installing the canvas npm package
Not implemented: HTMLCanvasElement's getContext() method: without installing the canvas npm package

stderr | tests/ui/EffectRack.test.tsx > EffectRack ÔÇö flagship device shell contract (all four plugins) > fxeq: add Ôćĺ mount Ôćĺ collapse keeps mounted Ôćĺ expand Ôćĺ bypass flips state
Not implemented: HTMLCanvasElement's getContext() method: without installing the canvas npm package

stderr | tests/ui/EffectRack.test.tsx > EffectRack ÔÇö flagship device shell contract (all four plugins) > fxeq: add Ôćĺ mount Ôćĺ collapse keeps mounted Ôćĺ expand Ôćĺ bypass flips state
Not implemented: HTMLCanvasElement's getContext() method: without installing the canvas npm package
Not implemented: HTMLCanvasElement's getContext() method: without installing the canvas npm package

stderr | tests/ui/EffectRack.test.tsx > EffectRack ÔÇö flagship device shell contract (all four plugins) > fxeq: add Ôćĺ mount Ôćĺ collapse keeps mounted Ôćĺ expand Ôćĺ bypass flips state
Not implemented: HTMLCanvasElement's getContext() method: without installing the canvas npm package

stderr | tests/ui/EffectRack.test.tsx > EffectRack ÔÇö flagship device shell contract (all four plugins) > fxeq: add Ôćĺ mount Ôćĺ collapse keeps mounted Ôćĺ expand Ôćĺ bypass flips state
Not implemented: HTMLCanvasElement's getContext() method: without installing the canvas npm package

stderr | tests/ui/EffectRack.test.tsx > EffectRack ÔÇö flagship device shell contract (all four plugins) > ultina: add Ôćĺ mount Ôćĺ collapse keeps mounted Ôćĺ expand Ôćĺ bypass flips state
Not implemented: HTMLCanvasElement's getContext() method: without installing the canvas npm package

stderr | tests/ui/EffectRack.test.tsx > EffectRack ÔÇö flagship device shell contract (all four plugins) > ultina: add Ôćĺ mount Ôćĺ collapse keeps mounted Ôćĺ expand Ôćĺ bypass flips state
Not implemented: HTMLCanvasElement's getContext() method: without installing the canvas npm package

stderr | tests/ui/EffectRack.test.tsx > EffectRack ÔÇö flagship device shell contract (all four plugins) > ultina: add Ôćĺ mount Ôćĺ collapse keeps mounted Ôćĺ expand Ôćĺ bypass flips state
Not implemented: HTMLCanvasElement's getContext() method: without installing the canvas npm package

stderr | tests/ui/EffectRack.test.tsx > EffectRack ÔÇö flagship device shell contract (all four plugins) > kaskada: add Ôćĺ mount Ôćĺ collapse keeps mounted Ôćĺ expand Ôćĺ bypass flips state
Not implemented: HTMLCanvasElement's getContext() method: without installing the canvas npm package

stderr | tests/ui/EffectRack.test.tsx > EffectRack ÔÇö flagship device shell contract (all four plugins) > kaskada: add Ôćĺ mount Ôćĺ collapse keeps mounted Ôćĺ expand Ôćĺ bypass flips state
Not implemented: HTMLCanvasElement's getContext() method: without installing the canvas npm package

stderr | tests/ui/EffectRack.test.tsx > EffectRack ÔÇö flagship device shell contract (all four plugins) > kaskada: add Ôćĺ mount Ôćĺ collapse keeps mounted Ôćĺ expand Ôćĺ bypass flips state
Not implemented: HTMLCanvasElement's getContext() method: without installing the canvas npm package

 [32mÔťô[39m tests/ui/EffectRack.test.tsx [2m([22m[2m35 tests[22m[2m)[22m[33m 19130[2mms[22m[39m
   [33m[2mÔťô[22m[39m EffectRack[2m > [22mopens the goal-first add popover with the full device grid [33m2151[2mms[22m[39m
   [33m[2mÔťô[22m[39m EffectRack[2m > [22mexposes the flagship plugin suites in the add popover grid [33m371[2mms[22m[39m
   [33m[2mÔťô[22m[39m EffectRack[2m > [22moffers category goal tiles in the add popover [33m1771[2mms[22m[39m
   [33m[2mÔťô[22m[39m EffectRack[2m > [22mexecutes toggleEffectBypass on B click [33m326[2mms[22m[39m
   [33m[2mÔťô[22m[39m EffectRack[2m > [22mmarks changed effects and resets them through one command [33m560[2mms[22m[39m
   [33m[2mÔťô[22m[39m EffectRack[2m > [22mkeeps an Ultina A/B snapshot when its editor is collapsed [33m1013[2mms[22m[39m
   [33m[2mÔťô[22m[39m EffectRack[2m > [22mA/B state lives in the document ÔÇö a full remount (reload equivalent) restores it [33m757[2mms[22m[39m
   [33m[2mÔťô[22m[39m EffectRack ÔÇö FXEQ panel[2m > [22mmounts the EQ-paint panel: preset select, band chips, canvas [33m920[2mms[22m[39m
   [33m[2mÔťô[22m[39m EffectRack ÔÇö FXEQ panel[2m > [22mselecting a preset executes ONE bulk apply command [33m329[2mms[22m[39m
   [33m[2mÔťô[22m[39m EffectRack ÔÇö FXEQ panel[2m > [22mband module toggle executes a dotted setFxEqParam [33m307[2mms[22m[39m
   [33m[2mÔťô[22m[39m EffectRack ÔÇö FXEQ panel[2m > [22mexposes PRISM's sidechain source picker and records a source command [33m463[2mms[22m[39m
   [33m[2mÔťô[22m[39m EffectRack ÔÇö FXEQ panel[2m > [22msends PRISM slider movement to live preview while commit stays a document command [33m301[2mms[22m[39m
   [33m[2mÔťô[22m[39m EffectRack ÔÇö Ultina panel[2m > [22mmounts the module editor: chips in graph order + enable toggle [33m378[2mms[22m[39m
   [33m[2mÔťô[22m[39m EffectRack ÔÇö Ultina panel[2m > [22menable toggle executes a dotted setUltinaParam [33m325[2mms[22m[39m
   [33m[2mÔťô[22m[39m EffectRack ÔÇö Ultina panel[2m > [22mEQ module shows the 12-band editor with response sketch [33m700[2mms[22m[39m
   [33m[2mÔťô[22m[39m UltinaPanel ÔÇö EQ band editor (direct render)[2m > [22mrenders the response sketch and band params when EQ is enabled [33m404[2mms[22m[39m
   [33m[2mÔťô[22m[39m UltinaPanel ÔÇö PRO tools (delta / A/B / gain match)[2m > [22mDELTA and G-MATCH toggles execute global params [33m514[2mms[22m[39m
   [33m[2mÔťô[22m[39m UltinaPanel ÔÇö PRO tools (delta / A/B / gain match)[2m > [22mA/B: STORE writes the active slot, clicking the other loads it as ONE gesture [33m916[2mms[22m[39m
   [33m[2mÔťô[22m[39m UltinaPanel ÔÇö PRO tools (delta / A/B / gain match)[2m > [22mA/B exposes copy and clear controls without applying audio changes [33m999[2mms[22m[39m
   [33m[2mÔťô[22m[39m EffectRack ÔÇö flagship device shell contract (all four plugins)[2m > [22mfxeq: add Ôćĺ mount Ôćĺ collapse keeps mounted Ôćĺ expand Ôćĺ bypass flips state [33m1177[2mms[22m[39m
   [33m[2mÔťô[22m[39m EffectRack ÔÇö flagship device shell contract (all four plugins)[2m > [22multina: add Ôćĺ mount Ôćĺ collapse keeps mounted Ôćĺ expand Ôćĺ bypass flips state [33m1061[2mms[22m[39m
   [33m[2mÔťô[22m[39m EffectRack ÔÇö flagship device shell contract (all four plugins)[2m > [22mozvena: add Ôćĺ mount Ôćĺ collapse keeps mounted Ôćĺ expand Ôćĺ bypass flips state [33m575[2mms[22m[39m
   [33m[2mÔťô[22m[39m EffectRack ÔÇö flagship device shell contract (all four plugins)[2m > [22mkaskada: add Ôćĺ mount Ôćĺ collapse keeps mounted Ôćĺ expand Ôćĺ bypass flips state [33m780[2mms[22m[39m
 [32mÔťô[39m tests/ui/IntentPanel.test.tsx [2m([22m[2m21 tests[22m[2m)[22m[33m 12375[2mms[22m[39m
   [33m[2mÔťô[22m[39m IntentPanel[2m > [22mrenders the textarea and disabled GENERATE button initially [33m844[2mms[22m[39m
   [33m[2mÔťô[22m[39m IntentPanel[2m > [22mtyping into the textarea enables the GENERATE button [33m547[2mms[22m[39m
   [33m[2mÔťô[22m[39m IntentPanel[2m > [22mupdates the understood brief and generation input after an inline BPM correction [33m963[2mms[22m[39m
   [33m[2mÔťô[22m[39m IntentPanel[2m > [22munprotects a role in the effective brief, including the last protected role [33m303[2mms[22m[39m
   [33m[2mÔťô[22m[39m IntentPanel[2m > [22mresolves a prohibited full-beat scope by editing roles and sends that correction to generation [33m1395[2mms[22m[39m
   [33m[2mÔťô[22m[39m IntentPanel[2m > [22minvalidates an auditioned candidate bank when the producer edits generation roles [33m1150[2mms[22m[39m
   [33m[2mÔťô[22m[39m IntentPanel[2m > [22mreplays a history prompt only after its text and brief state are loaded [33m1049[2mms[22m[39m
   [33m[2mÔťô[22m[39m IntentPanel[2m > [22mremoves an older candidate bank when the current prompt becomes conflicting [33m523[2mms[22m[39m
   [33m[2mÔťô[22m[39m IntentPanel[2m > [22mreleases the generating state when a targeted section revision has no matching section [33m323[2mms[22m[39m
   [33m[2mÔťô[22m[39m IntentPanel ÔÇö A3 share moment[2m > [22mreveals Publish / Copy-link CTA after USE [33m836[2mms[22m[39m
   [33m[2mÔťô[22m[39m IntentPanel ÔÇö A3 share moment[2m > [22mhides the share row when a new generation starts [33m544[2mms[22m[39m
   [33m[2mÔťô[22m[39m IntentPanel ÔÇö A3 share moment[2m > [22mcopy link falls back to a manual dialog and reports it honestly when clipboard is unavailable [33m824[2mms[22m[39m
   [33m[2mÔťô[22m[39m IntentPanel ÔÇö coherent song directions[2m > [22mkeeps USE bound to the exact full-song lane that finished audition rendering [33m1901[2mms[22m[39m
 [32mÔťô[39m tests/ui/EffectParameterGrid.test.tsx [2m([22m[2m11 tests[22m[2m)[22m[33m 2252[2mms[22m[39m
   [33m[2mÔťô[22m[39m EffectParameterGrid[2m > [22mrenders a Slider for a continuous param [33m1023[2mms[22m[39m
   [33m[2mÔťô[22m[39m EffectParameterGrid[2m > [22memits onChange with the param id and the numeric value [33m377[2mms[22m[39m
stderr | tests/ui/WarpPins.test.tsx > pin discoverability hint > shows the gesture hint on selected pin-less clips with a buffer
Not implemented: HTMLCanvasElement's getContext() method: without installing the canvas npm package
Not implemented: HTMLCanvasElement's getContext() method: without installing the canvas npm package
Warning: An update to AudioClipWaveform inside a test was not wrapped in act(...).

When testing, code that causes React state updates should be wrapped into act(...):

act(() => {
  /* fire events that update state */
});
/* assert on the output */

This ensures that you're testing the behavior the user would see in the browser. Learn more at https://reactjs.org/link/wrap-tests-with-act
    at AudioClipWaveform (D:\pulse-forge\src\ui\ArrangementPanel.tsx:5210:3)
    at div
    at div
    at div
    at div
    at section
    at ArrangementPanel (D:\pulse-forge\src\ui\ArrangementPanel.tsx:147:42)
Not implemented: HTMLCanvasElement's getContext() method: without installing the canvas npm package

stderr | tests/ui/WarpPins.test.tsx > pin discoverability hint > hides the hint once pins exist
Not implemented: HTMLCanvasElement's getContext() method: without installing the canvas npm package

stderr | tests/ui/WarpPins.test.tsx > pin discoverability hint > hides the hint when pins are disabled (reverse / loop) or the buffer is missing
Not implemented: HTMLCanvasElement's getContext() method: without installing the canvas npm package
Not implemented: HTMLCanvasElement's getContext() method: without installing the canvas npm package
Not implemented: HTMLCanvasElement's getContext() method: without installing the canvas npm package
Not implemented: HTMLCanvasElement's getContext() method: without installing the canvas npm package
Not implemented: HTMLCanvasElement's getContext() method: without installing the canvas npm package
Not implemented: HTMLCanvasElement's getContext() method: without installing the canvas npm package
Not implemented: HTMLCanvasElement's getContext() method: without installing the canvas npm package
Not implemented: HTMLCanvasElement's getContext() method: without installing the canvas npm package

 [32mÔťô[39m tests/ui/WarpPins.test.tsx [2m([22m[2m10 tests[22m[2m)[22m[33m 2107[2mms[22m[39m
   [33m[2mÔťô[22m[39m pin discoverability hint[2m > [22mshows the gesture hint on selected pin-less clips with a buffer [33m848[2mms[22m[39m
   [33m[2mÔťô[22m[39m pin discoverability hint[2m > [22mhides the hint when pins are disabled (reverse / loop) or the buffer is missing [33m638[2mms[22m[39m
stderr | tests/ui/UltinaPanel.presets.test.tsx > UltinaPanel ÔÇö user presets > SAVE stores the full params map; it appears under USER and applies on select
Warning: The current testing environment is not configured to support act(...)
Not implemented: HTMLCanvasElement's getContext() method: without installing the canvas npm package

stderr | tests/ui/UltinaPanel.presets.test.tsx > UltinaPanel ÔÇö user presets > SAVE stores the full params map; it appears under USER and applies on select
Not implemented: HTMLCanvasElement's getContext() method: without installing the canvas npm package

stderr | tests/ui/UltinaPanel.presets.test.tsx > UltinaPanel ÔÇö user presets > SAVE stores the full params map; it appears under USER and applies on select
Not implemented: HTMLCanvasElement's getContext() method: without installing the canvas npm package

stderr | tests/ui/UltinaPanel.presets.test.tsx > UltinaPanel ÔÇö user presets > SAVE stores the full params map; it appears under USER and applies on select
Not implemented: HTMLCanvasElement's getContext() method: without installing the canvas npm package

stderr | tests/ui/UltinaPanel.presets.test.tsx > UltinaPanel ÔÇö user presets > SAVE stores the full params map; it appears under USER and applies on select
Not implemented: HTMLCanvasElement's getContext() method: without installing the canvas npm package

stderr | tests/ui/UltinaPanel.presets.test.tsx > UltinaPanel ÔÇö user presets > SAVE stores the full params map; it appears under USER and applies on select
Not implemented: HTMLCanvasElement's getContext() method: without installing the canvas npm package

stderr | tests/ui/UltinaPanel.presets.test.tsx > UltinaPanel ÔÇö user presets > DEL removes a user preset after confirmation
Not implemented: HTMLCanvasElement's getContext() method: without installing the canvas npm package

stderr | tests/ui/UltinaPanel.presets.test.tsx > UltinaPanel ÔÇö user presets > DEL removes a user preset after confirmation
Not implemented: HTMLCanvasElement's getContext() method: without installing the canvas npm package

stderr | tests/ui/UltinaPanel.presets.test.tsx > UltinaPanel ÔÇö user presets > DEL removes a user preset after confirmation
Not implemented: HTMLCanvasElement's getContext() method: without installing the canvas npm package

stderr | tests/ui/UltinaPanel.presets.test.tsx > UltinaPanel ÔÇö user presets > DEL removes a user preset after confirmation
Not implemented: HTMLCanvasElement's getContext() method: without installing the canvas npm package

stderr | tests/ui/UltinaPanel.presets.test.tsx > UltinaPanel ÔÇö user presets > DEL removes a user preset after confirmation
Not implemented: HTMLCanvasElement's getContext() method: without installing the canvas npm package
Warning: The current testing environment is not configured to support act(...)

stderr | tests/ui/UltinaPanel.presets.test.tsx > UltinaPanel ÔÇö user presets > SAVE with a cancelled prompt writes nothing
Not implemented: HTMLCanvasElement's getContext() method: without installing the canvas npm package

stderr | tests/ui/UltinaPanel.presets.test.tsx > UltinaPanel ÔÇö user presets > SAVE with a cancelled prompt writes nothing
Not implemented: HTMLCanvasElement's getContext() method: without installing the canvas npm package

stderr | tests/ui/IntentDiceIdentity.test.tsx > IntentPanel ÔÇö canonical path integration > GENERATE builds a candidate bank; USE applies one result ÔÇö exactly one undoable command
Warning: An update to PublishToGalleryButton inside a test was not wrapped in act(...).

When testing, code that causes React state updates should be wrapped into act(...):

act(() => {
  /* fire events that update state */
});
/* assert on the output */

This ensures that you're testing the behavior the user would see in the browser. Learn more at https://reactjs.org/link/wrap-tests-with-act
    at PublishToGalleryButton (D:\pulse-forge\src\gallery\PublishButton.tsx:10:37)
    at div
    at div
    at div
    at IntentPanel (D:\pulse-forge\src\ui\IntentPanel.tsx:118:42)

 [32mÔťô[39m tests/ui/IntentDiceIdentity.test.tsx [2m([22m[2m3 tests[22m[2m)[22m[33m 2438[2mms[22m[39m
   [33m[2mÔťô[22m[39m IntentPanel ÔÇö canonical path integration[2m > [22mGENERATE builds a candidate bank; USE applies one result ÔÇö exactly one undoable command [33m1982[2mms[22m[39m
stderr | tests/ui/UltinaPanel.presets.test.tsx > UltinaPanel ÔÇö user presets > a failed preset save surfaces an error instead of an unhandled rejection
Warning: The current testing environment is not configured to support act(...)
Not implemented: HTMLCanvasElement's getContext() method: without installing the canvas npm package

stderr | tests/ui/UltinaPanel.presets.test.tsx > UltinaPanel ÔÇö user presets > a failed preset save surfaces an error instead of an unhandled rejection
Warning: The current testing environment is not configured to support act(...)
[UltinaPanel] preset save failed: Error: QuotaExceededError: storage full
    at D:\pulse-forge\tests\ui\UltinaPanel.presets.test.tsx:119:26
    at file:///D:/pulse-forge/node_modules/@vitest/runner/dist/index.js:146:14
    at file:///D:/pulse-forge/node_modules/@vitest/runner/dist/index.js:533:11
    at runWithTimeout (file:///D:/pulse-forge/node_modules/@vitest/runner/dist/index.js:39:7)
    at runTest (file:///D:/pulse-forge/node_modules/@vitest/runner/dist/index.js:1056:17)
    at runSuite (file:///D:/pulse-forge/node_modules/@vitest/runner/dist/index.js:1205:15)
    at runSuite (file:///D:/pulse-forge/node_modules/@vitest/runner/dist/index.js:1205:15)
    at runFiles (file:///D:/pulse-forge/node_modules/@vitest/runner/dist/index.js:1262:5)
    at startTests (file:///D:/pulse-forge/node_modules/@vitest/runner/dist/index.js:1271:3)
    at file:///D:/pulse-forge/node_modules/vitest/dist/chunks/runBaseTests.3qpJUEJM.js:126:11
Warning: The current testing environment is not configured to support act(...)

stderr | tests/ui/UltinaPanel.presets.test.tsx > UltinaPanel ÔÇö user presets > a failed preset save surfaces an error instead of an unhandled rejection
Not implemented: HTMLCanvasElement's getContext() method: without installing the canvas npm package

stderr | tests/ui/UltinaPanel.presets.test.tsx > UltinaPanel ÔÇö user presets > a failed preset delete surfaces an error and keeps the preset selected
Not implemented: HTMLCanvasElement's getContext() method: without installing the canvas npm package

stderr | tests/ui/UltinaPanel.presets.test.tsx > UltinaPanel ÔÇö user presets > a failed preset delete surfaces an error and keeps the preset selected
Not implemented: HTMLCanvasElement's getContext() method: without installing the canvas npm package

stderr | tests/ui/UltinaPanel.presets.test.tsx > UltinaPanel ÔÇö user presets > a failed preset delete surfaces an error and keeps the preset selected
Not implemented: HTMLCanvasElement's getContext() method: without installing the canvas npm package

stderr | tests/ui/UltinaPanel.presets.test.tsx > UltinaPanel ÔÇö user presets > a failed preset delete surfaces an error and keeps the preset selected
[UltinaPanel] preset delete failed: Error: db closed
    at D:\pulse-forge\tests\ui\UltinaPanel.presets.test.tsx:153:94
    at file:///D:/pulse-forge/node_modules/@vitest/runner/dist/index.js:533:5
    at runTest (file:///D:/pulse-forge/node_modules/@vitest/runner/dist/index.js:1056:11)
    at runSuite (file:///D:/pulse-forge/node_modules/@vitest/runner/dist/index.js:1205:15)
    at runSuite (file:///D:/pulse-forge/node_modules/@vitest/runner/dist/index.js:1205:15)
    at runFiles (file:///D:/pulse-forge/node_modules/@vitest/runner/dist/index.js:1262:5)
    at startTests (file:///D:/pulse-forge/node_modules/@vitest/runner/dist/index.js:1271:3)
    at file:///D:/pulse-forge/node_modules/vitest/dist/chunks/runBaseTests.3qpJUEJM.js:126:11
    at withEnv (file:///D:/pulse-forge/node_modules/vitest/dist/chunks/runBaseTests.3qpJUEJM.js:90:5)
    at run (file:///D:/pulse-forge/node_modules/vitest/dist/chunks/runBaseTests.3qpJUEJM.js:112:3)
Warning: The current testing environment is not configured to support act(...)
Not implemented: HTMLCanvasElement's getContext() method: without installing the canvas npm package

stderr | tests/ui/UltinaPanel.presets.test.tsx > UltinaPanel ÔÇö user presets > a failed preset delete surfaces an error and keeps the preset selected
Not implemented: HTMLCanvasElement's getContext() method: without installing the canvas npm package

stderr | tests/ui/UltinaPanel.presets.test.tsx > UltinaPanel ÔÇö factory presets > resolves factory options by preset ID ÔÇö duplicate display names stay distinct
Warning: An update to UltinaPanel inside a test was not wrapped in act(...).

When testing, code that causes React state updates should be wrapped into act(...):

act(() => {
  /* fire events that update state */
});
/* assert on the output */

This ensures that you're testing the behavior the user would see in the browser. Learn more at https://reactjs.org/link/wrap-tests-with-act
    at UltinaPanel (D:\pulse-forge\src\ui\UltinaPanel.tsx:65:3)

 [32mÔťô[39m tests/ui/UltinaPanel.presets.test.tsx [2m([22m[2m6 tests[22m[2m)[22m[33m 4643[2mms[22m[39m
   [33m[2mÔťô[22m[39m UltinaPanel ÔÇö user presets[2m > [22mSAVE stores the full params map; it appears under USER and applies on select [33m2379[2mms[22m[39m
   [33m[2mÔťô[22m[39m UltinaPanel ÔÇö user presets[2m > [22mDEL removes a user preset after confirmation [33m845[2mms[22m[39m
   [33m[2mÔťô[22m[39m UltinaPanel ÔÇö user presets[2m > [22mSAVE with a cancelled prompt writes nothing [33m428[2mms[22m[39m
   [33m[2mÔťô[22m[39m UltinaPanel ÔÇö user presets[2m > [22ma failed preset delete surfaces an error and keeps the preset selected [33m552[2mms[22m[39m
 [32mÔťô[39m tests/groove-extract.test.ts [2m([22m[2m15 tests[22m[2m)[22m[90m 131[2mms[22m[39m
 [32mÔťô[39m tests/ui/PianoRoll.test.tsx [2m([22m[2m8 tests[22m[2m)[22m[33m 1645[2mms[22m[39m
   [33m[2mÔťô[22m[39m PianoRollTrack[2m > [22mtouch long-press opens the note menu and the release does not move the note [33m581[2mms[22m[39m
 [32mÔťô[39m tests/ui/ModelPackCard.test.tsx [2m([22m[2m7 tests[22m[2m)[22m[33m 2408[2mms[22m[39m
   [33m[2mÔťô[22m[39m ModelPacksSection ÔÇö status surface[2m > [22mrenders the pack with purpose, size, license and NOT INSTALLED status [33m808[2mms[22m[39m
   [33m[2mÔťô[22m[39m ModelPacksSection ÔÇö download flow[2m > [22mDOWNLOAD streams progress into the UI and lands on INSTALLED [33m397[2mms[22m[39m
   [33m[2mÔťô[22m[39m ModelPacksSection ÔÇö download flow[2m > [22mCANCEL aborts the in-flight download and swallows the AbortError [33m404[2mms[22m[39m
   [33m[2mÔťô[22m[39m ModelPacksSection ÔÇö download flow[2m > [22ma failing download surfaces the error and re-probes status [33m368[2mms[22m[39m
 [32mÔťô[39m tests/ui/BriefContractSummary.test.tsx [2m([22m[2m12 tests[22m[2m)[22m[33m 1717[2mms[22m[39m
   [33m[2mÔťô[22m[39m BriefContractSummary[2m > [22mrenders the five sections for a full brief [33m451[2mms[22m[39m
   [33m[2mÔťô[22m[39m BriefContractSummary[2m > [22mlets the producer correct generation roles without rewriting the prompt [33m555[2mms[22m[39m
stderr | tests/ui/midi-io.test.tsx > PatternBar MIDI import > exposes explicit grid and scale quantize actions
Warning: An update to GenerateDialog inside a test was not wrapped in act(...).

When testing, code that causes React state updates should be wrapped into act(...):

act(() => {
  /* fire events that update state */
});
/* assert on the output */

This ensures that you're testing the behavior the user would see in the browser. Learn more at https://reactjs.org/link/wrap-tests-with-act
    at GenerateDialog (D:\pulse-forge\src\ui\GenerateDialog.tsx:71:27)
    at section
    at PatternBar (D:\pulse-forge\src\ui\PatternBar.tsx:21:3)
Warning: An update to GenerateDialog inside a test was not wrapped in act(...).

When testing, code that causes React state updates should be wrapped into act(...):

act(() => {
  /* fire events that update state */
});
/* assert on the output */

This ensures that you're testing the behavior the user would see in the browser. Learn more at https://reactjs.org/link/wrap-tests-with-act
    at GenerateDialog (D:\pulse-forge\src\ui\GenerateDialog.tsx:71:27)
    at section
    at PatternBar (D:\pulse-forge\src\ui\PatternBar.tsx:21:3)

stderr | tests/ui/midi-io.test.tsx > ExportPanel MIDI export > downloads the active pattern as .mid
Not implemented: navigation to another Document

 [32mÔťô[39m tests/ui/midi-io.test.tsx [2m([22m[2m7 tests[22m[2m)[22m[33m 2159[2mms[22m[39m
   [33m[2mÔťô[22m[39m PatternBar MIDI import[2m > [22mexposes explicit grid and scale quantize actions [33m1066[2mms[22m[39m
   [33m[2mÔťô[22m[39m PatternBar MIDI import[2m > [22mimports a .mid file into a new active pattern with a status line [33m355[2mms[22m[39m
   [33m[2mÔťô[22m[39m PatternBar MIDI import[2m > [22msurfaces a parse error instead of crashing [33m382[2mms[22m[39m
stderr | tests/ui/BeatManglerEditor.test.tsx > BeatManglerEditor > is undoable like every other command
Warning: An update to BeatManglerEditor inside a test was not wrapped in act(...).

When testing, code that causes React state updates should be wrapped into act(...):

act(() => {
  /* fire events that update state */
});
/* assert on the output */

This ensures that you're testing the behavior the user would see in the browser. Learn more at https://reactjs.org/link/wrap-tests-with-act
    at BeatManglerEditor (D:\pulse-forge\src\ui\BeatManglerEditor.tsx:66:30)

 [32mÔťô[39m tests/ui/BeatManglerEditor.test.tsx [2m([22m[2m9 tests[22m[2m)[22m[33m 1739[2mms[22m[39m
   [33m[2mÔťô[22m[39m BeatManglerEditor[2m > [22m32-step resize tiles the existing shape [33m559[2mms[22m[39m
 [32mÔťô[39m tests/ui/EffectIntentAssistant.test.tsx [2m([22m[2m9 tests[22m[2m)[22m[33m 12884[2mms[22m[39m
   [33m[2mÔťô[22m[39m Effect Intent Assistant UI[2m > [22mshows a pilot parameter diff and its review warning without mutating the project [33m3444[2mms[22m[39m
   [33m[2mÔťô[22m[39m Effect Intent Assistant UI[2m > [22mauditions transient values and restores the document values on cancel [33m1406[2mms[22m[39m
   [33m[2mÔťô[22m[39m Effect Intent Assistant UI[2m > [22mrestores a live preview when the panel closes [33m1236[2mms[22m[39m
   [33m[2mÔťô[22m[39m Effect Intent Assistant UI[2m > [22mrestores a live preview when the FX rack unmounts [33m1083[2mms[22m[39m
   [33m[2mÔťô[22m[39m Effect Intent Assistant UI[2m > [22mapplies the previewed proposal as one undoable command [33m1103[2mms[22m[39m
   [33m[2mÔťô[22m[39m Effect Intent Assistant UI[2m > [22mreplans at the chosen intensity and previews/applies only checked parameters [33m1629[2mms[22m[39m
   [33m[2mÔťô[22m[39m Effect Intent Assistant UI[2m > [22mends the audition when transport starts and keeps the proposal unapplied [33m1393[2mms[22m[39m
   [33m[2mÔťô[22m[39m Effect Intent Assistant UI[2m > [22mshows a truthful warning when the runtime cannot restore preview values [33m1488[2mms[22m[39m
 [32mÔťô[39m tests/ui/ExportPanel.test.tsx [2m([22m[2m11 tests[22m[2m)[22m[33m 4118[2mms[22m[39m
   [33m[2mÔťô[22m[39m ExportPanel[2m > [22mrenders the export region with the default FORMAT select [33m723[2mms[22m[39m
   [33m[2mÔťô[22m[39m ExportPanel[2m > [22mswitching FORMAT to MP3 192 updates the button label [33m634[2mms[22m[39m
   [33m[2mÔťô[22m[39m ExportPanel[2m > [22mhot export offers AUTO STAGE and applies one master-gain command [33m691[2mms[22m[39m
   [33m[2mÔťô[22m[39m ExportPanel[2m > [22mrecorded take offers AUTO-CHOP that maps onsets to drum pads + pattern [33m1111[2mms[22m[39m
 [32mÔťô[39m tests/ui/command-palette.test.tsx [2m([22m[2m13 tests[22m[2m)[22m[33m 1060[2mms[22m[39m
   [33m[2mÔťô[22m[39m PaletteOverlay[2m > [22mlists actions with binding hints; typing filters [33m348[2mms[22m[39m
stderr | tests/ui/new-instruments.test.tsx > Inspector: wavetable track > shows the wavetable source browser, preview canvas and params
Warning: An update to SampleBrowser inside a test was not wrapped in act(...).

When testing, code that causes React state updates should be wrapped into act(...):

act(() => {
  /* fire events that update state */
});
/* assert on the output */

This ensures that you're testing the behavior the user would see in the browser. Learn more at https://reactjs.org/link/wrap-tests-with-act
    at SampleBrowser (D:\pulse-forge\src\ui\SampleBrowser.tsx:19:3)
    at aside
    at Inspector (D:\pulse-forge\src\ui\Inspector.tsx:63:3)

 [32mÔťô[39m tests/ui/fx-add-assistant.test.tsx [2m([22m[2m7 tests[22m[2m)[22m[33m 1704[2mms[22m[39m
   [33m[2mÔťô[22m[39m FxAddPopover assistant routing[2m > [22m"more space" surfaces the assistant row and hands over the parsed intent [33m702[2mms[22m[39m
   [33m[2mÔťô[22m[39m FxAddPopover assistant routing[2m > [22mproduction concepts and assistant goals COEXIST for one sentence [33m655[2mms[22m[39m
 [32mÔťô[39m tests/ui/ui-small-logic.test.ts [2m([22m[2m11 tests[22m[2m)[22m[90m 76[2mms[22m[39m
stderr | tests/ui/new-instruments.test.tsx > Inspector: granular track > shows the grain source browser, preview canvas and params
Warning: An update to SampleBrowser inside a test was not wrapped in act(...).

When testing, code that causes React state updates should be wrapped into act(...):

act(() => {
  /* fire events that update state */
});
/* assert on the output */

This ensures that you're testing the behavior the user would see in the browser. Learn more at https://reactjs.org/link/wrap-tests-with-act
    at SampleBrowser (D:\pulse-forge\src\ui\SampleBrowser.tsx:19:3)
    at aside
    at Inspector (D:\pulse-forge\src\ui\Inspector.tsx:63:3)

 [32mÔťô[39m tests/ui/new-instruments.test.tsx [2m([22m[2m7 tests[22m[2m)[22m[33m 4208[2mms[22m[39m
   [33m[2mÔťô[22m[39m TrackTabs: new instrument options[2m > [22mdispatches createInstrumentTrack with the granular kind [33m654[2mms[22m[39m
   [33m[2mÔťô[22m[39m Inspector: wavetable track[2m > [22mshows the wavetable source browser, preview canvas and params [33m822[2mms[22m[39m
   [33m[2mÔťô[22m[39m Inspector: wavetable track[2m > [22mkeeps the first screen focused and exposes the full registry in advanced mode [33m1979[2mms[22m[39m
   [33m[2mÔťô[22m[39m Inspector: granular track[2m > [22mshows the grain source browser, preview canvas and params [33m465[2mms[22m[39m
 [32mÔťô[39m tests/ui/ProducerDnaCompare.test.tsx [2m([22m[2m5 tests[22m[2m)[22m[33m 2766[2mms[22m[39m
   [33m[2mÔťô[22m[39m ProducerDnaCompare[2m > [22mrefuses a confounded suggestion without recording a vote [33m1480[2mms[22m[39m
   [33m[2mÔťô[22m[39m ProducerDnaCompare[2m > [22mrecords only the explicit A/B vote and keeps prompt/seed out of the ledger [33m534[2mms[22m[39m
   [33m[2mÔťô[22m[39m ProducerDnaCompare[2m > [22mrecords the chosen reason and explains the minimum signal before it affects ranking [33m307[2mms[22m[39m
 [32mÔťô[39m tests/grooves-wave-4.test.ts [2m([22m[2m7 tests[22m[2m)[22m[33m 492[2mms[22m[39m
   [33m[2mÔťô[22m[39m groove wave 4 ÔÇö registration[2m > [22mevery pattern uses only activePads and every row is a valid 16-step velocity [33m301[2mms[22m[39m
 [32mÔťô[39m tests/grooves-wave-5.test.ts [2m([22m[2m7 tests[22m[2m)[22m[33m 399[2mms[22m[39m
stderr | tests/ui/ModPanel.test.tsx > ModPanel > renders with correct aria label
Warning: An update to ScenePanel inside a test was not wrapped in act(...).

When testing, code that causes React state updates should be wrapped into act(...):

act(() => {
  /* fire events that update state */
});
/* assert on the output */

This ensures that you're testing the behavior the user would see in the browser. Learn more at https://reactjs.org/link/wrap-tests-with-act
    at ScenePanel (D:\pulse-forge\src\ui\ModPanel.tsx:1872:42)
    at div
    at section
    at ModPanel (D:\pulse-forge\src\ui\ModPanel.tsx:148:42)
Warning: An update to ScenePanel inside a test was not wrapped in act(...).

When testing, code that causes React state updates should be wrapped into act(...):

act(() => {
  /* fire events that update state */
});
/* assert on the output */

This ensures that you're testing the behavior the user would see in the browser. Learn more at https://reactjs.org/link/wrap-tests-with-act
    at ScenePanel (D:\pulse-forge\src\ui\ModPanel.tsx:1872:42)
    at div
    at section
    at ModPanel (D:\pulse-forge\src\ui\ModPanel.tsx:148:42)

stderr | tests/ui/ModPanel.test.tsx > ModPanel > renders AUTOMATION section
Warning: An update to ScenePanel inside a test was not wrapped in act(...).

When testing, code that causes React state updates should be wrapped into act(...):

act(() => {
  /* fire events that update state */
});
/* assert on the output */

This ensures that you're testing the behavior the user would see in the browser. Learn more at https://reactjs.org/link/wrap-tests-with-act
    at ScenePanel (D:\pulse-forge\src\ui\ModPanel.tsx:1872:42)
    at div
    at section
    at ModPanel (D:\pulse-forge\src\ui\ModPanel.tsx:148:42)
Warning: An update to ScenePanel inside a test was not wrapped in act(...).

When testing, code that causes React state updates should be wrapped into act(...):

act(() => {
  /* fire events that update state */
});
/* assert on the output */

This ensures that you're testing the behavior the user would see in the browser. Learn more at https://reactjs.org/link/wrap-tests-with-act
    at ScenePanel (D:\pulse-forge\src\ui\ModPanel.tsx:1872:42)
    at div
    at section
    at ModPanel (D:\pulse-forge\src\ui\ModPanel.tsx:148:42)

stderr | tests/ui/ModPanel.test.tsx > ModPanel > renders MODULATORS section (LFO / S&H / Step / Env Follower)
Warning: An update to ScenePanel inside a test was not wrapped in act(...).

When testing, code that causes React state updates should be wrapped into act(...):

act(() => {
  /* fire events that update state */
});
/* assert on the output */

This ensures that you're testing the behavior the user would see in the browser. Learn more at https://reactjs.org/link/wrap-tests-with-act
    at ScenePanel (D:\pulse-forge\src\ui\ModPanel.tsx:1872:42)
    at div
    at section
    at ModPanel (D:\pulse-forge\src\ui\ModPanel.tsx:148:42)
Warning: An update to ScenePanel inside a test was not wrapped in act(...).

When testing, code that causes React state updates should be wrapped into act(...):

act(() => {
  /* fire events that update state */
});
/* assert on the output */

This ensures that you're testing the behavior the user would see in the browser. Learn more at https://reactjs.org/link/wrap-tests-with-act
    at ScenePanel (D:\pulse-forge\src\ui\ModPanel.tsx:1872:42)
    at div
    at section
    at ModPanel (D:\pulse-forge\src\ui\ModPanel.tsx:148:42)

stderr | tests/ui/ModPanel.test.tsx > ModPanel > renders MACROS section
Warning: An update to ScenePanel inside a test was not wrapped in act(...).

When testing, code that causes React state updates should be wrapped into act(...):

act(() => {
  /* fire events that update state */
});
/* assert on the output */

This ensures that you're testing the behavior the user would see in the browser. Learn more at https://reactjs.org/link/wrap-tests-with-act
    at ScenePanel (D:\pulse-forge\src\ui\ModPanel.tsx:1872:42)
    at div
    at section
    at ModPanel (D:\pulse-forge\src\ui\ModPanel.tsx:148:42)
Warning: An update to ScenePanel inside a test was not wrapped in act(...).

When testing, code that causes React state updates should be wrapped into act(...):

act(() => {
  /* fire events that update state */
});
/* assert on the output */

This ensures that you're testing the behavior the user would see in the browser. Learn more at https://reactjs.org/link/wrap-tests-with-act
    at ScenePanel (D:\pulse-forge\src\ui\ModPanel.tsx:1872:42)
    at div
    at section
    at ModPanel (D:\pulse-forge\src\ui\ModPanel.tsx:148:42)

stderr | tests/ui/ModPanel.test.tsx > ModPanel > renders SCENES section
Warning: An update to ScenePanel inside a test was not wrapped in act(...).

When testing, code that causes React state updates should be wrapped into act(...):

act(() => {
  /* fire events that update state */
});
/* assert on the output */

This ensures that you're testing the behavior the user would see in the browser. Learn more at https://reactjs.org/link/wrap-tests-with-act
    at ScenePanel (D:\pulse-forge\src\ui\ModPanel.tsx:1872:42)
    at div
    at section
    at ModPanel (D:\pulse-forge\src\ui\ModPanel.tsx:148:42)
Warning: An update to ScenePanel inside a test was not wrapped in act(...).

When testing, code that causes React state updates should be wrapped into act(...):

act(() => {
  /* fire events that update state */
});
/* assert on the output */

This ensures that you're testing the behavior the user would see in the browser. Learn more at https://reactjs.org/link/wrap-tests-with-act
    at ScenePanel (D:\pulse-forge\src\ui\ModPanel.tsx:1872:42)
    at div
    at section
    at ModPanel (D:\pulse-forge\src\ui\ModPanel.tsx:148:42)

 [32mÔťô[39m tests/grooves-wave-3.test.ts [2m([22m[2m7 tests[22m[2m)[22m[33m 364[2mms[22m[39m
stderr | tests/ui/ModPanel.test.tsx > ModPanel ÔÇö Ultina deep-parameter lane targets (phase U1) > no filter input and no deep groups without an Ultina on the track
Warning: An update to ScenePanel inside a test was not wrapped in act(...).

When testing, code that causes React state updates should be wrapped into act(...):

act(() => {
  /* fire events that update state */
});
/* assert on the output */

This ensures that you're testing the behavior the user would see in the browser. Learn more at https://reactjs.org/link/wrap-tests-with-act
    at ScenePanel (D:\pulse-forge\src\ui\ModPanel.tsx:1872:42)
    at div
    at section
    at ModPanel (D:\pulse-forge\src\ui\ModPanel.tsx:148:42)
Warning: An update to ScenePanel inside a test was not wrapped in act(...).

When testing, code that causes React state updates should be wrapped into act(...):

act(() => {
  /* fire events that update state */
});
/* assert on the output */

This ensures that you're testing the behavior the user would see in the browser. Learn more at https://reactjs.org/link/wrap-tests-with-act
    at ScenePanel (D:\pulse-forge\src\ui\ModPanel.tsx:1872:42)
    at div
    at section
    at ModPanel (D:\pulse-forge\src\ui\ModPanel.tsx:148:42)

 [32mÔťô[39m tests/ui/input-gain-slider.test.ts [2m([22m[2m11 tests[22m[2m)[22m[90m 84[2mms[22m[39m
 [32mÔťô[39m tests/groove-steal.test.ts [2m([22m[2m5 tests[22m[2m)[22m[90m 53[2mms[22m[39m
stderr | tests/ui/ModPanel.test.tsx > ModPanel ÔÇö ScenePanel wall-clock info (Wave 2) > shows the pattern loop length in wall-clock seconds
Warning: An update to ScenePanel inside a test was not wrapped in act(...).

When testing, code that causes React state updates should be wrapped into act(...):

act(() => {
  /* fire events that update state */
});
/* assert on the output */

This ensures that you're testing the behavior the user would see in the browser. Learn more at https://reactjs.org/link/wrap-tests-with-act
    at ScenePanel (D:\pulse-forge\src\ui\ModPanel.tsx:1872:42)
    at div
    at section
    at ModPanel (D:\pulse-forge\src\ui\ModPanel.tsx:148:42)
Warning: An update to ScenePanel inside a test was not wrapped in act(...).

When testing, code that causes React state updates should be wrapped into act(...):
 [32mÔťô[39m tests/ui/ModPanel.test.tsx [2m([22m[2m9 tests[22m[2m)[22m[33m 3911[2mms[22m[39m

act(() => {
  /* fire events that update state */
});
/* assert on the output */

This ensures that you're testing the behavior the user would see in the browser. Learn more at https://reactjs.org/link/wrap-tests-with-act
    at ScenePanel (D:\pulse-forge\src\ui\ModPanel.tsx:1872:42)
    at div
    at section
    at ModPanel (D:\pulse-forge\src\ui\ModPanel.tsx:148:42)

   [33m[2mÔťô[22m[39m ModPanel[2m > [22mrenders with correct aria label [33m1096[2mms[22m[39m
   [33m[2mÔťô[22m[39m ModPanel[2m > [22mrenders AUTOMATION section [33m327[2mms[22m[39m
   [33m[2mÔťô[22m[39m ModPanel ÔÇö Ultina deep-parameter lane targets (phase U1)[2m > [22moffers grouped deep parameters with a filter input when an Ultina is present [33m1124[2mms[22m[39m
   [33m[2mÔťô[22m[39m ModPanel ÔÇö Ultina deep-parameter lane targets (phase U1)[2m > [22madds a deep-parameter lane through the picker [33m591[2mms[22m[39m
 [32mÔťô[39m tests/ui/DiceContext.test.tsx [2m([22m[2m6 tests[22m[2m)[22m[33m 1499[2mms[22m[39m
   [33m[2mÔťô[22m[39m DiceContext[2m > [22mrollFull mutates the seed chain (cursor advances) [33m812[2mms[22m[39m
   [33m[2mÔťô[22m[39m DiceContext[2m > [22mpreviews and commits a deterministic FX card in the same undoable FULL roll [33m345[2mms[22m[39m
stderr | tests/ui/snapshots-panel.test.tsx > snapshots section in the history panel > ÔťĽ delete failure surfaces an error instead of an unhandled rejection
[snapshots] delete failed: Error: QuotaExceededError
    at Object.<anonymous> (D:\pulse-forge\tests\ui\snapshots-panel.test.tsx:102:13)
    at Object.mockCall (file:///D:/pulse-forge/node_modules/@vitest/spy/dist/index.js:61:17)
    at Object.spy [as delete] (file:///D:/pulse-forge/node_modules/tinyspy/dist/index.js:45:80)
    at deleteSnapshot (D:\pulse-forge\src\ui\UndoHistoryPanel.tsx:96:8)
    at onClick (D:\pulse-forge\src\ui\UndoHistoryPanel.tsx:213:30)
    at HTMLUnknownElement.callCallback (D:\pulse-forge\node_modules\react-dom\cjs\react-dom.development.js:4164:14)
    at HTMLUnknownElement.callTheUserObjectsOperation (D:\pulse-forge\node_modules\jsdom\lib\generated\idl\EventListener.js:26:30)
    at innerInvokeEventListeners (D:\pulse-forge\node_modules\jsdom\lib\jsdom\living\events\EventTarget-impl.js:360:16)
    at invokeEventListeners (D:\pulse-forge\node_modules\jsdom\lib\jsdom\living\events\EventTarget-impl.js:296:3)
    at HTMLUnknownElementImpl._dispatch (D:\pulse-forge\node_modules\jsdom\lib\jsdom\living\events\EventTarget-impl.js:243:9)

 [32mÔťô[39m tests/ui/snapshots-panel.test.tsx [2m([22m[2m6 tests[22m[2m)[22m[33m 1426[2mms[22m[39m
   [33m[2mÔťô[22m[39m snapshots section in the history panel[2m > [22mÔťĽ deletes the snapshot and drops it from the list [33m678[2mms[22m[39m
 [32mÔťô[39m tests/ui/WavetablePreview.test.tsx [2m([22m[2m9 tests[22m[2m)[22m[33m 357[2mms[22m[39m
stderr | tests/ui/ozvena-panel.test.tsx > OzvenaPanel blend pad ÔÇö keyboard accessibility > is focusable and moves X/Y with arrow keys
Not implemented: HTMLCanvasElement's getContext() method: without installing the canvas npm package

stderr | tests/ui/ozvena-panel.test.tsx > OzvenaPanel blend pad ÔÇö keyboard accessibility > shift+arrow is a fine step, PageUp/Down a coarse Y step
Not implemented: HTMLCanvasElement's getContext() method: without installing the canvas npm package

stderr | tests/ui/ozvena-panel.test.tsx > OzvenaPanel blend pad ÔÇö keyboard accessibility > clamps at the pad edges (no spurious calls at the boundary)
Not implemented: HTMLCanvasElement's getContext() method: without installing the canvas npm package

stderr | tests/ui/ozvena-panel.test.tsx > OzvenaPanel blend pad ÔÇö keyboard accessibility > announces the engine distribution to screen readers
Not implemented: HTMLCanvasElement's getContext() method: without installing the canvas npm package

stderr | tests/ui/ozvena-panel.test.tsx > OzvenaPanel blend pad ÔÇö keyboard accessibility > exposes numeric X/Y fields that write typed percentages
Not implemented: HTMLCanvasElement's getContext() method: without installing the canvas npm package

stderr | tests/ui/ozvena-panel.test.tsx > OzvenaPanel blend pad ÔÇö keyboard accessibility > clamps typed pad percentages to 0..100
Not implemented: HTMLCanvasElement's getContext() method: without installing the canvas npm package

stderr | tests/ui/ozvena-panel.test.tsx > OzvenaPanel Reverb Assistant ÔÇö diff-based patch > ASSIST proposes only changed fields and preserves user config
Not implemented: HTMLCanvasElement's getContext() method: without installing the canvas npm package
Not implemented: HTMLCanvasElement's getContext() method: without installing the canvas npm package

 [32mÔťô[39m tests/ui/ozvena-panel.test.tsx [2m([22m[2m7 tests[22m[2m)[22m[33m 1497[2mms[22m[39m
   [33m[2mÔťô[22m[39m OzvenaPanel blend pad ÔÇö keyboard accessibility[2m > [22mis focusable and moves X/Y with arrow keys [33m955[2mms[22m[39m
 [32mÔťô[39m tests/ui/effect-quick-controls.test.tsx [2m([22m[2m9 tests[22m[2m)[22m[33m 668[2mms[22m[39m
   [33m[2mÔťô[22m[39m EffectQuickControls ÔÇö rendering[2m > [22mrenders each promoted label exactly once even across alias spellings [33m397[2mms[22m[39m
 [32mÔťô[39m tests/ui/touch.test.tsx [2m([22m[2m7 tests[22m[2m)[22m[33m 1091[2mms[22m[39m
   [33m[2mÔťô[22m[39m AudioUnlock[2m > [22mshows the banner on suspended touch devices and unlocks on tap [33m768[2mms[22m[39m
 [32mÔťô[39m tests/ui/GenerateDialog.race.test.tsx [2m([22m[2m2 tests[22m[2m)[22m[33m 2283[2mms[22m[39m
   [33m[2mÔťô[22m[39m GenerateDialog ÔÇö async preview race protection[2m > [22man older preview resolving after a newer one cannot replace it, and APPLY commits the newer preview [33m1292[2mms[22m[39m
   [33m[2mÔťô[22m[39m GenerateDialog ÔÇö async preview race protection[2m > [22mwhile a preview is pending the GENERATE button cannot commit a stale result [33m989[2mms[22m[39m
 [32mÔťô[39m tests/ui/PresetBrowser.test.tsx [2m([22m[2m3 tests[22m[2m)[22m[33m 4430[2mms[22m[39m
   [33m[2mÔťô[22m[39m PresetBrowser audition workflow[2m > [22mpreviews without mutating the project and applies through one command [33m2478[2mms[22m[39m
   [33m[2mÔťô[22m[39m PresetBrowser audition workflow[2m > [22mstops an active audition without applying the preset [33m694[2mms[22m[39m
   [33m[2mÔťô[22m[39m PresetBrowser audition workflow[2m > [22mfilters the catalog by curated role and energy metadata [33m1241[2mms[22m[39m
 [32mÔťô[39m tests/ui/ProjectBrowser.test.tsx [2m([22m[2m2 tests[22m[2m)[22m[33m 1851[2mms[22m[39m
   [33m[2mÔťô[22m[39m ProjectBrowser ÔÇö import does not overwrite by embedded id[2m > [22msaves an imported file under a FRESH id and opens the fresh copy [33m359[2mms[22m[39m
   [33m[2mÔťô[22m[39m ProjectBrowser ÔÇö import does not overwrite by embedded id[2m > [22mshows newer-version projects without offering open, and still allows explicit deletion [33m1490[2mms[22m[39m
 [32mÔťô[39m tests/ui/fx-intent-bar.test.tsx [2m([22m[2m8 tests[22m[2m)[22m[33m 4550[2mms[22m[39m
   [33m[2mÔťô[22m[39m FxIntentBar UI[2m > [22mapplies an idea through ONE store.execute and echoes the plan summary [33m1768[2mms[22m[39m
   [33m[2mÔťô[22m[39m FxIntentBar UI[2m > [22mshows the guidance message and does not touch the store on unknown words [33m1118[2mms[22m[39m
   [33m[2mÔťô[22m[39m FxIntentBar UI[2m > [22mkeeps the text for editing when the idea was not understood [33m1527[2mms[22m[39m
 [32mÔťô[39m tests/ui/HelpOverlay.test.tsx [2m([22m[2m11 tests[22m[2m)[22m[33m 2378[2mms[22m[39m
   [33m[2mÔťô[22m[39m HelpOverlay[2m > [22mrenders dialog when open [33m713[2mms[22m[39m
   [33m[2mÔťô[22m[39m HelpOverlay[2m > [22mcalls onClose when CLOSE button clicked [33m302[2mms[22m[39m
   [33m[2mÔťô[22m[39m HelpOverlay[2m > [22mfilters shortcuts and gestures by text [33m391[2mms[22m[39m
 [32mÔťô[39m tests/ui/SliderPreview.test.tsx [2m([22m[2m6 tests[22m[2m)[22m[33m 444[2mms[22m[39m
 [32mÔťô[39m tests/ui/FxAddPopover.test.tsx [2m([22m[2m9 tests[22m[2m)[22m[33m 1532[2mms[22m[39m
   [33m[2mÔťô[22m[39m FxAddPopover[2m > [22mrenders the device grid with names and blurbs [33m482[2mms[22m[39m
   [33m[2mÔťô[22m[39m FxAddPopover[2m > [22mtext search filters by device name [33m374[2mms[22m[39m
 [32mÔťô[39m tests/ui/MidiCreativity.test.tsx [2m([22m[2m3 tests[22m[2m)[22m[33m 2626[2mms[22m[39m
   [33m[2mÔťô[22m[39m MIDI creativity UI[2m > [22mopens the creativity tab and applies a chord command [33m1770[2mms[22m[39m
   [33m[2mÔťô[22m[39m MIDI creativity UI[2m > [22mexposes phase-two generators and applies them through the command store [33m620[2mms[22m[39m
stderr | tests/ui/DropZone.test.tsx > DropZone > offers fitted timeline placement for a single loop with detected tempo
Warning: An update to DropZone inside a test was not wrapped in act(...).

When testing, code that causes React state updates should be wrapped into act(...):

act(() => {
  /* fire events that update state */
});
/* assert on the output */

This ensures that you're testing the behavior the user would see in the browser. Learn more at https://reactjs.org/link/wrap-tests-with-act
    at DropZone (D:\pulse-forge\src\ui\DropZone.tsx:29:21)
Warning: An update to DropZone inside a test was not wrapped in act(...).

When testing, code that causes React state updates should be wrapped into act(...):

act(() => {
  /* fire events that update state */
});
/* assert on the output */

This ensures that you're testing the behavior the user would see in the browser. Learn more at https://reactjs.org/link/wrap-tests-with-act
    at DropZone (D:\pulse-forge\src\ui\DropZone.tsx:29:21)

 [32mÔťô[39m tests/ui/ErrorBoundary.test.tsx [2m([22m[2m8 tests[22m[2m)[22m[33m 1735[2mms[22m[39m
   [33m[2mÔťô[22m[39m ErrorBoundary[2m > [22mshows reload button [33m1044[2mms[22m[39m
stderr | tests/ui/DropZone.test.tsx > DropZone > imports a valid audio file and calls onImport with an asset
Warning: An update to DropZone inside a test was not wrapped in act(...).

When testing, code that causes React state updates should be wrapped into act(...):

act(() => {
  /* fire events that update state */
});
/* assert on the output */

This ensures that you're testing the behavior the user would see in the browser. Learn more at https://reactjs.org/link/wrap-tests-with-act
    at DropZone (D:\pulse-forge\src\ui\DropZone.tsx:29:21)

 [32mÔťô[39m tests/ui/DropZone.test.tsx [2m([22m[2m5 tests[22m[2m)[22m[33m 1922[2mms[22m[39m
   [33m[2mÔťô[22m[39m DropZone[2m > [22mrenders the drop zone button with the aria-label [33m1394[2mms[22m[39m
   [33m[2mÔťô[22m[39m DropZone[2m > [22moffers fitted timeline placement for a single loop with detected tempo [33m317[2mms[22m[39m
 [32mÔťô[39m tests/ui/CollabPanel.test.tsx [2m([22m[2m4 tests[22m[2m)[22m[33m 1392[2mms[22m[39m
   [33m[2mÔťô[22m[39m CollabPanel project swap race[2m > [22ma second click during an in-flight swap does not start a second openProject [33m1140[2mms[22m[39m
 [32mÔťô[39m tests/groove-extraction.test.ts [2m([22m[2m4 tests[22m[2m)[22m[33m 394[2mms[22m[39m
 [32mÔťô[39m tests/ui/SamplerMapping.test.tsx [2m([22m[2m2 tests[22m[2m)[22m[33m 7543[2mms[22m[39m
   [33m[2mÔťô[22m[39m Sampler AutoMap UI contract[2m > [22mkeeps multi-file import as a proposal and applies it in one command [33m4769[2mms[22m[39m
   [33m[2mÔťô[22m[39m Sampler AutoMap UI contract[2m > [22mcancels the mapping proposal without touching project history [33m2771[2mms[22m[39m
 [32mÔťô[39m tests/ui/fine-grained-selectors.test.tsx [2m([22m[2m3 tests[22m[2m)[22m[90m 96[2mms[22m[39m
 [32mÔťô[39m tests/ui/melodicKeys.test.ts [2m([22m[2m5 tests[22m[2m)[22m[90m 49[2mms[22m[39m
 [32mÔťô[39m tests/ui/RackStrip.test.tsx [2m([22m[2m7 tests[22m[2m)[22m[33m 2426[2mms[22m[39m
   [33m[2mÔťô[22m[39m RackStrip[2m > [22mcalls onSelectPad on click [33m1270[2mms[22m[39m
   [33m[2mÔťô[22m[39m RackStrip[2m > [22mkeeps keymap sharing inside the KEYS menu, not as always-visible chrome [33m744[2mms[22m[39m
 [32mÔťô[39m tests/ui/CandidateLaneReceipt.test.tsx [2m([22m[2m4 tests[22m[2m)[22m[90m 246[2mms[22m[39m
stderr | tests/ui/WavetablePanel.test.tsx > WavetablePanel > renders the wavetable canvas with the table name in the aria-label
Not implemented: HTMLCanvasElement's getContext() method: without installing the canvas npm package

stderr | tests/ui/WavetablePanel.test.tsx > WavetablePanel > renders MOD A and MOD B modulation rows with source/destination selectors
Not implemented: HTMLCanvasElement's getContext() method: without installing the canvas npm package

stderr | tests/ui/WavetablePanel.test.tsx > WavetablePanel > changing the MOD A destination commits a setInstrumentParam command
Not implemented: HTMLCanvasElement's getContext() method: without installing the canvas npm package

stderr | tests/ui/WavetablePanel.test.tsx > WavetablePanel > exposes a MOD LFO rate slider that defaults to the source's rate value
Not implemented: HTMLCanvasElement's getContext() method: without installing the canvas npm package

 [32mÔťô[39m tests/ui/WavetablePanel.test.tsx [2m([22m[2m4 tests[22m[2m)[22m[33m 1364[2mms[22m[39m
   [33m[2mÔťô[22m[39m WavetablePanel[2m > [22mrenders the wavetable canvas with the table name in the aria-label [33m498[2mms[22m[39m
   [33m[2mÔťô[22m[39m WavetablePanel[2m > [22mrenders MOD A and MOD B modulation rows with source/destination selectors [33m656[2mms[22m[39m
 [32mÔťô[39m tests/ui/mobile-layout.test.tsx [2m([22m[2m4 tests[22m[2m)[22m[33m 1997[2mms[22m[39m
   [33m[2mÔťô[22m[39m fullscreen piano roll[2m > [22mis inline by default ÔÇö no fullscreen class, no toggle button [33m541[2mms[22m[39m
   [33m[2mÔťô[22m[39m fullscreen piano roll[2m > [22mSequencer wires the toggle per track (only that track goes fullscreen) [33m1280[2mms[22m[39m
 [32mÔťô[39m tests/ui/OnboardingTour.test.tsx [2m([22m[2m5 tests[22m[2m)[22m[33m 5500[2mms[22m[39m
   [33m[2mÔťô[22m[39m OnboardingTour[2m > [22mappears on first run after the boot delay and shows the first step [33m714[2mms[22m[39m
   [33m[2mÔťô[22m[39m OnboardingTour[2m > [22mNEXT advances to the next tour step [33m1920[2mms[22m[39m
   [33m[2mÔťô[22m[39m OnboardingTour[2m > [22mSKIP closes the tour, persists the flag, and flushes the save service [33m1155[2mms[22m[39m
   [33m[2mÔťô[22m[39m OnboardingTour[2m > [22mthe final step offers a LET'S FORGE button that closes the tour [33m1567[2mms[22m[39m
 [32mÔťô[39m tests/ui/Mixer.test.tsx [2m([22m[2m6 tests[22m[2m)[22m[33m 4342[2mms[22m[39m
   [33m[2mÔťô[22m[39m Mixer performance workflow[2m > [22msurfaces the first four performance macros in the mixer [33m1870[2mms[22m[39m
   [33m[2mÔťô[22m[39m Mixer performance workflow[2m > [22mreveals the FX rack after a batch add (device UI becomes visible) [33m1175[2mms[22m[39m
   [33m[2mÔťô[22m[39m Mixer performance workflow[2m > [22mtoggles the master buss glue through one command [33m488[2mms[22m[39m
 [32mÔťô[39m tests/ui/FreesoundSection.test.tsx [2m([22m[2m3 tests[22m[2m)[22m[33m 1071[2mms[22m[39m
   [33m[2mÔťô[22m[39m FreesoundSection[2m > [22msearches on Enter and renders results with import buttons [33m574[2mms[22m[39m
   [33m[2mÔťô[22m[39m FreesoundSection[2m > [22mimports a result into the bank + user samples and calls onImport [33m300[2mms[22m[39m
 [32mÔťô[39m tests/ui/StretchDialog.test.tsx [2m([22m[2m7 tests[22m[2m)[22m[33m 321[2mms[22m[39m
 [32mÔťô[39m tests/ui/InstallPrompt.test.tsx [2m([22m[2m6 tests[22m[2m)[22m[33m 1026[2mms[22m[39m
   [33m[2mÔťô[22m[39m InstallPrompt[2m > [22mINSTALL button triggers the native prompt and hides on accept [33m652[2mms[22m[39m
 [32mÔťô[39m tests/ui/gestureHints.test.tsx [2m([22m[2m5 tests[22m[2m)[22m[33m 1110[2mms[22m[39m
   [33m[2mÔťô[22m[39m GestureHintToast[2m > [22mshows a hint the first time its gesture fires, never again [33m789[2mms[22m[39m
 [32mÔťô[39m tests/ui/ModMatrixRow.test.tsx [2m([22m[2m3 tests[22m[2m)[22m[33m 1494[2mms[22m[39m
   [33m[2mÔťô[22m[39m ModMatrixRow[2m > [22mrenders both routes with source/destination selects and an LFO slider [33m987[2mms[22m[39m
   [33m[2mÔťô[22m[39m ModMatrixRow[2m > [22mchanging a route commits the mod param through the store [33m382[2mms[22m[39m
 [32mÔťô[39m tests/ui/shortcuts.test.ts [2m([22m[2m5 tests[22m[2m)[22m[90m 43[2mms[22m[39m
 [32mÔťô[39m tests/ui/ContextMenu.test.tsx [2m([22m[2m3 tests[22m[2m)[22m[33m 1298[2mms[22m[39m
   [33m[2mÔťô[22m[39m ContextMenu[2m > [22mdeletes selected arrangement and audio clips as one undoable command [33m1068[2mms[22m[39m
 [32mÔťô[39m tests/ui/TrackTabs.test.tsx [2m([22m[2m6 tests[22m[2m)[22m[33m 2161[2mms[22m[39m
   [33m[2mÔťô[22m[39m TrackTabs[2m > [22mrenders all track tabs [33m1173[2mms[22m[39m
   [33m[2mÔťô[22m[39m TrackTabs[2m > [22mcalls onSelectTrack on click [33m327[2mms[22m[39m
   [33m[2mÔťô[22m[39m TrackTabs[2m > [22mexecutes createDrumTrack when adding drum [33m382[2mms[22m[39m
 [32mÔťô[39m tests/ui/slider-taper.test.tsx [2m([22m[2m4 tests[22m[2m)[22m[33m 834[2mms[22m[39m
   [33m[2mÔťô[22m[39m Slider taper behavior[2m > [22mmid-track drag commits the geometric mean on log taper [33m502[2mms[22m[39m
 [32mÔťô[39m tests/ui/AudioUnlock.test.tsx [2m([22m[2m4 tests[22m[2m)[22m[33m 1002[2mms[22m[39m
   [33m[2mÔťô[22m[39m AudioUnlock[2m > [22mrenders the unlock banner when context is suspended on a coarse-pointer device [33m709[2mms[22m[39m
 [32mÔťô[39m tests/ui/DiceTray.test.tsx [2m([22m[2m3 tests[22m[2m)[22m[33m 1527[2mms[22m[39m
   [33m[2mÔťô[22m[39m DiceTray[2m > [22mrenders on a project without a drum track instead of crashing [33m964[2mms[22m[39m
   [33m[2mÔťô[22m[39m DiceTray[2m > [22mscopes the D hotkey to the tray and yields to armed pad keys [33m360[2mms[22m[39m
 [32mÔťô[39m tests/ui/StepGridEditor.test.tsx [2m([22m[2m4 tests[22m[2m)[22m[33m 1050[2mms[22m[39m
   [33m[2mÔťô[22m[39m StepGridEditor[2m > [22mrenders a slider with the step count in the label [33m851[2mms[22m[39m
 [32mÔťô[39m tests/ui/FloatingPlugin.test.tsx [2m([22m[2m4 tests[22m[2m)[22m[33m 1041[2mms[22m[39m
   [33m[2mÔťô[22m[39m FloatingPlugin[2m > [22mrenders the plugin header for a drums track, with mode buttons and Close [33m818[2mms[22m[39m
stderr | tests/ui/GenerateDialog.test.tsx > GenerateDialog > renders nothing when open=false
Warning: An update to GenerateDialog inside a test was not wrapped in act(...).

When testing, code that causes React state updates should be wrapped into act(...):

act(() => {
  /* fire events that update state */
});
/* assert on the output */

This ensures that you're testing the behavior the user would see in the browser. Learn more at https://reactjs.org/link/wrap-tests-with-act
    at GenerateDialog (D:\pulse-forge\src\ui\GenerateDialog.tsx:71:27)
Warning: An update to GenerateDialog inside a test was not wrapped in act(...).

When testing, code that causes React state updates should be wrapped into act(...):

act(() => {
  /* fire events that update state */
});
/* assert on the output */

This ensures that you're testing the behavior the user would see in the browser. Learn more at https://reactjs.org/link/wrap-tests-with-act
    at GenerateDialog (D:\pulse-forge\src\ui\GenerateDialog.tsx:71:27)

stderr | tests/ui/GenerateDialog.test.tsx > GenerateDialog > renders the dialog with MODE/GENRE/STYLE/SEED controls when open
Warning: An update to GenerateDialog inside a test was not wrapped in act(...).

When testing, code that causes React state updates should be wrapped into act(...):

act(() => {
  /* fire events that update state */
});
/* assert on the output */

This ensures that you're testing the behavior the user would see in the browser. Learn more at https://reactjs.org/link/wrap-tests-with-act
    at GenerateDialog (D:\pulse-forge\src\ui\GenerateDialog.tsx:71:27)
Warning: An update to GenerateDialog inside a test was not wrapped in act(...).

When testing, code that causes React state updates should be wrapped into act(...):

act(() => {
  /* fire events that update state */
});
/* assert on the output */

This ensures that you're testing the behavior the user would see in the browser. Learn more at https://reactjs.org/link/wrap-tests-with-act
    at GenerateDialog (D:\pulse-forge\src\ui\GenerateDialog.tsx:71:27)

stderr | tests/ui/SliceLab.test.tsx > SliceLab > renders the SliceLab header and Close button
Not implemented: HTMLCanvasElement's getContext() method: without installing the canvas npm package
Warning: An update to SampleBrowser inside a test was not wrapped in act(...).

When testing, code that causes React state updates should be wrapped into act(...):

act(() => {
  /* fire events that update state */
});
/* assert on the output */

This ensures that you're testing the behavior the user would see in the browser. Learn more at https://reactjs.org/link/wrap-tests-with-act
    at SampleBrowser (D:\pulse-forge\src\ui\SampleBrowser.tsx:19:3)
    at aside
    at div
    at div
    at div
    at SliceLab (D:\pulse-forge\src\ui\SliceLab.tsx:34:21)
Warning: An update to SliceLab inside a test was not wrapped in act(...).

When testing, code that causes React state updates should be wrapped into act(...):

act(() => {
  /* fire events that update state */
});
/* assert on the output */

This ensures that you're testing the behavior the user would see in the browser. Learn more at https://reactjs.org/link/wrap-tests-with-act
    at SliceLab (D:\pulse-forge\src\ui\SliceLab.tsx:34:21)

stderr | tests/ui/SliceLab.test.tsx > SliceLab > clicking Close calls the onClose handler
Not implemented: HTMLCanvasElement's getContext() method: without installing the canvas npm package
Warning: An update to SampleBrowser inside a test was not wrapped in act(...).

When testing, code that causes React state updates should be wrapped into act(...):

act(() => {
  /* fire events that update state */
});
/* assert on the output */

This ensures that you're testing the behavior the user would see in the browser. Learn more at https://reactjs.org/link/wrap-tests-with-act
    at SampleBrowser (D:\pulse-forge\src\ui\SampleBrowser.tsx:19:3)
    at aside
    at div
    at div
    at div
    at SliceLab (D:\pulse-forge\src\ui\SliceLab.tsx:34:21)
Warning: An update to SliceLab inside a test was not wrapped in act(...).

When testing, code that causes React state updates should be wrapped into act(...):

act(() => {
  /* fire events that update state */
});
/* assert on the output */

This ensures that you're testing the behavior the user would see in the browser. Learn more at https://reactjs.org/link/wrap-tests-with-act
    at SliceLab (D:\pulse-forge\src\ui\SliceLab.tsx:34:21)

stderr | tests/ui/SliceLab.test.tsx > SliceLab > renders mode toggle buttons (1/16, 1/8, HITS) when a buffer is loaded
Not implemented: HTMLCanvasElement's getContext() method: without installing the canvas npm package
Warning: An update to SampleBrowser inside a test was not wrapped in act(...).

When testing, code that causes React state updates should be wrapped into act(...):

act(() => {
  /* fire events that update state */
});
/* assert on the output */

This ensures that you're testing the behavior the user would see in the browser. Learn more at https://reactjs.org/link/wrap-tests-with-act
    at SampleBrowser (D:\pulse-forge\src\ui\SampleBrowser.tsx:19:3)
    at aside
    at div
    at div
    at div
    at SliceLab (D:\pulse-forge\src\ui\SliceLab.tsx:34:21)
Warning: An update to SliceLab inside a test was not wrapped in act(...).

When testing, code that causes React state updates should be wrapped into act(...):

act(() => {
  /* fire events that update state */
});
/* assert on the output */

This ensures that you're testing the behavior the user would see in the browser. Learn more at https://reactjs.org/link/wrap-tests-with-act
    at SliceLab (D:\pulse-forge\src\ui\SliceLab.tsx:34:21)

stderr | tests/ui/SliceLab.test.tsx > SliceLab > changing to HITS mode activates the HITS toggle
Not implemented: HTMLCanvasElement's getContext() method: without installing the canvas npm package
Not implemented: HTMLCanvasElement's getContext() method: without installing the canvas npm package
Warning: An update to SampleBrowser inside a test was not wrapped in act(...).

When testing, code that causes React state updates should be wrapped into act(...):

act(() => {
  /* fire events that update state */
});
/* assert on the output */

This ensures that you're testing the behavior the user would see in the browser. Learn more at https://reactjs.org/link/wrap-tests-with-act
    at SampleBrowser (D:\pulse-forge\src\ui\SampleBrowser.tsx:19:3)
    at aside
    at div
    at div
    at div
    at SliceLab (D:\pulse-forge\src\ui\SliceLab.tsx:34:21)
Warning: An update to SliceLab inside a test was not wrapped in act(...).

When testing, code that causes React state updates should be wrapped into act(...):

act(() => {
  /* fire events that update state */
});
/* assert on the output */

This ensures that you're testing the behavior the user would see in the browser. Learn more at https://reactjs.org/link/wrap-tests-with-act
    at SliceLab (D:\pulse-forge\src\ui\SliceLab.tsx:34:21)
Warning: An update to SliceLab inside a test was not wrapped in act(...).

When testing, code that causes React state updates should be wrapped into act(...):

act(() => {
  /* fire events that update state */
});
/* assert on the output */

This ensures that you're testing the behavior the user would see in the browser. Learn more at https://reactjs.org/link/wrap-tests-with-act
    at SliceLab (D:\pulse-forge\src\ui\SliceLab.tsx:34:21)
Warning: An update to SliceLab inside a test was not wrapped in act(...).

When testing, code that causes React state updates should be wrapped into act(...):

act(() => {
  /* fire events that update state */
});
/* assert on the output */

This ensures that you're testing the behavior the user would see in the browser. Learn more at https://reactjs.org/link/wrap-tests-with-act
    at SliceLab (D:\pulse-forge\src\ui\SliceLab.tsx:34:21)

 [32mÔťô[39m tests/ui/SliceLab.test.tsx [2m([22m[2m4 tests[22m[2m)[22m[33m 5506[2mms[22m[39m
   [33m[2mÔťô[22m[39m SliceLab[2m > [22mrenders the SliceLab header and Close button [33m2291[2mms[22m[39m
   [33m[2mÔťô[22m[39m SliceLab[2m > [22mclicking Close calls the onClose handler [33m1350[2mms[22m[39m
   [33m[2mÔťô[22m[39m SliceLab[2m > [22mrenders mode toggle buttons (1/16, 1/8, HITS) when a buffer is loaded [33m996[2mms[22m[39m
   [33m[2mÔťô[22m[39m SliceLab[2m > [22mchanging to HITS mode activates the HITS toggle [33m865[2mms[22m[39m
 [32mÔťô[39m tests/ui/GenerateDialog.test.tsx [2m([22m[2m5 tests[22m[2m)[22m[33m 1775[2mms[22m[39m
   [33m[2mÔťô[22m[39m GenerateDialog[2m > [22mrenders the dialog with MODE/GENRE/STYLE/SEED controls when open [33m747[2mms[22m[39m
   [33m[2mÔťô[22m[39m GenerateDialog[2m > [22mclicking the ÔťĽ button closes the dialog via onClose [33m358[2mms[22m[39m
   [33m[2mÔťô[22m[39m GenerateDialog[2m > [22mtoggling mode to REPLACE activates the REPLACE button [33m395[2mms[22m[39m
 [32mÔťô[39m tests/ui/PaletteOverlay.test.tsx [2m([22m[2m3 tests[22m[2m)[22m[33m 1421[2mms[22m[39m
   [33m[2mÔťô[22m[39m PaletteOverlay ÔÇö user-facing addendum[2m > [22mclicking a result runs it and closes the palette [33m731[2mms[22m[39m
   [33m[2mÔťô[22m[39m PaletteOverlay ÔÇö user-facing addendum[2m > [22mclicking the backdrop closes the palette, but a click inside the card does not [33m416[2mms[22m[39m
 [32mÔťô[39m tests/ui/ScalePanel.test.tsx [2m([22m[2m7 tests[22m[2m)[22m[33m 943[2mms[22m[39m
   [33m[2mÔťô[22m[39m ScalePanel[2m > [22mshows SNAP OFF when scaleSnap is false [33m385[2mms[22m[39m
stderr | tests/ui/GranularPanel.test.tsx > GranularPanel > renders the granular playhead canvas with a sane aria-label
Not implemented: HTMLCanvasElement's getContext() method: without installing the canvas npm package

stderr | tests/ui/GranularPanel.test.tsx > GranularPanel > the caption shows GRAIN and POS markers
Not implemented: HTMLCanvasElement's getContext() method: without installing the canvas npm package

stderr | tests/ui/GranularPanel.test.tsx > GranularPanel > renders without crashing when the bank has no sample (empty-state path)
Not implemented: HTMLCanvasElement's getContext() method: without installing the canvas npm package

stderr | tests/ui/GranularPanel.test.tsx > GranularPanel > reading the test track params shows position at 25%
Not implemented: HTMLCanvasElement's getContext() method: without installing the canvas npm package

 [32mÔťô[39m tests/ui/GranularPanel.test.tsx [2m([22m[2m4 tests[22m[2m)[22m[90m 229[2mms[22m[39m
 [32mÔťô[39m tests/ui/MidiPanel.test.tsx [2m([22m[2m4 tests[22m[2m)[22m[33m 904[2mms[22m[39m
   [33m[2mÔťô[22m[39m MidiPanel[2m > [22mrenders the MIDI section header and tabs INPUT / CREATIVITY [33m580[2mms[22m[39m
 [32mÔťô[39m tests/ui/MpeIndicator.test.tsx [2m([22m[2m3 tests[22m[2m)[22m[90m 202[2mms[22m[39m
stderr | tests/ui/FxEqPanel.test.tsx > FxEqPanel > renders the PRISM multiband editor with a band-select group and preset select
Not implemented: HTMLCanvasElement's getContext() method: without installing the canvas npm package
Not implemented: HTMLCanvasElement's getContext() method: without installing the canvas npm package

stderr | tests/ui/FxEqPanel.test.tsx > FxEqPanel > renders one B{i} button per band, defaulting 6 bands
Not implemented: HTMLCanvasElement's getContext() method: without installing the canvas npm package
Not implemented: HTMLCanvasElement's getContext() method: without installing the canvas npm package

stderr | tests/ui/FxEqPanel.test.tsx > FxEqPanel > clicking B3 switches the active band to 3
Not implemented: HTMLCanvasElement's getContext() method: without installing the canvas npm package
Not implemented: HTMLCanvasElement's getContext() method: without installing the canvas npm package

stderr | tests/ui/FxEqPanel.test.tsx > FxEqPanel > clicking B3 switches the active band to 3
Not implemented: HTMLCanvasElement's getContext() method: without installing the canvas npm package

stderr | tests/ui/FxEqPanel.test.tsx > FxEqPanel > clicking B3 switches the active band to 3
Not implemented: HTMLCanvasElement's getContext() method: without installing the canvas npm package
Not implemented: HTMLCanvasElement's getContext() method: without installing the canvas npm package

stderr | tests/ui/FxEqPanel.test.tsx > FxEqPanel > renders the degraded banner when degraded=true
Not implemented: HTMLCanvasElement's getContext() method: without installing the canvas npm package
Not implemented: HTMLCanvasElement's getContext() method: without installing the canvas npm package

stderr | tests/ui/FxEqPanel.test.tsx > FxEqPanel > renders no degraded banner when degraded is false/undefined
Not implemented: HTMLCanvasElement's getContext() method: without installing the canvas npm package
Not implemented: HTMLCanvasElement's getContext() method: without installing the canvas npm package

 [32mÔťô[39m tests/ui/FxEqPanel.test.tsx [2m([22m[2m5 tests[22m[2m)[22m[33m 1896[2mms[22m[39m
   [33m[2mÔťô[22m[39m FxEqPanel[2m > [22mrenders the PRISM multiband editor with a band-select group and preset select [33m835[2mms[22m[39m
   [33m[2mÔťô[22m[39m FxEqPanel[2m > [22mrenders one B{i} button per band, defaulting 6 bands [33m472[2mms[22m[39m
   [33m[2mÔťô[22m[39m FxEqPanel[2m > [22mclicking B3 switches the active band to 3 [33m398[2mms[22m[39m
 [32mÔťô[39m tests/ui/LatencyCalibrationWizard.test.tsx [2m([22m[2m2 tests[22m[2m)[22m[33m 1044[2mms[22m[39m
   [33m[2mÔťô[22m[39m LatencyCalibrationWizard[2m > [22mopens on the intro step and allows MIDI fine-tune without project edits [33m892[2mms[22m[39m
 [32mÔťô[39m tests/ui/EnvEditor.test.tsx [2m([22m[2m3 tests[22m[2m)[22m[90m 231[2mms[22m[39m
 [32mÔťô[39m tests/ui/IntentPanelRegen.test.tsx [2m([22m[2m1 test[22m[2m)[22m[33m 1207[2mms[22m[39m
   [33m[2mÔťô[22m[39m IntentPanel ÔÇö B1 regenerate with intent[2m > [22mauto-runs one fresh-seed generation from the imported beat's provenance [33m1204[2mms[22m[39m
stderr | tests/ui/JamGate.test.tsx > JamGate > tapping the gate calls ensureContext and resume
Warning: An update to JamGate inside a test was not wrapped in act(...).

When testing, code that causes React state updates should be wrapped into act(...):

act(() => {
  /* fire events that update state */
});
/* assert on the output */

This ensures that you're testing the behavior the user would see in the browser. Learn more at https://reactjs.org/link/wrap-tests-with-act
    at JamGate (D:\pulse-forge\src\ui\JamGate.tsx:5:20)

 [32mÔťô[39m tests/ui/JamGate.test.tsx [2m([22m[2m4 tests[22m[2m)[22m[33m 412[2mms[22m[39m
 [32mÔťô[39m tests/ui/CommandToast.test.tsx [2m([22m[2m3 tests[22m[2m)[22m[33m 1098[2mms[22m[39m
   [33m[2mÔťô[22m[39m CommandToast[2m > [22mhas correct aria attributes when visible [33m848[2mms[22m[39m
stderr | tests/ui/PatternBar.test.tsx > PatternBar > renders the action buttons and at least one pattern chip from the default doc
Warning: An update to GenerateDialog inside a test was not wrapped in act(...).

When testing, code that causes React state updates should be wrapped into act(...):

act(() => {
  /* fire events that update state */
});
/* assert on the output */

This ensures that you're testing the behavior the user would see in the browser. Learn more at https://reactjs.org/link/wrap-tests-with-act
    at GenerateDialog (D:\pulse-forge\src\ui\GenerateDialog.tsx:71:27)
    at section
    at PatternBar (D:\pulse-forge\src\ui\PatternBar.tsx:21:3)
Warning: An update to GenerateDialog inside a test was not wrapped in act(...).

When testing, code that causes React state updates should be wrapped into act(...):

act(() => {
  /* fire events that update state */
});
/* assert on the output */

This ensures that you're testing the behavior the user would see in the browser. Learn more at https://reactjs.org/link/wrap-tests-with-act
    at GenerateDialog (D:\pulse-forge\src\ui\GenerateDialog.tsx:71:27)
    at section
    at PatternBar (D:\pulse-forge\src\ui\PatternBar.tsx:21:3)

 [32mÔťô[39m tests/ui/PatternBar.test.tsx [2m([22m[2m3 tests[22m[2m)[22m[33m 1739[2mms[22m[39m
   [33m[2mÔťô[22m[39m PatternBar[2m > [22mrenders the action buttons and at least one pattern chip from the default doc [33m1053[2mms[22m[39m
   [33m[2mÔťô[22m[39m PatternBar[2m > [22mclicking ADD calls services.store.execute (createPattern command) [33m411[2mms[22m[39m
 [32mÔťô[39m tests/ui/ThemePanel.test.tsx [2m([22m[2m3 tests[22m[2m)[22m[33m 1717[2mms[22m[39m
   [33m[2mÔťô[22m[39m ThemePanel install-from-code[2m > [22mrejects a malformed code and leaves the theme unchanged [33m1252[2mms[22m[39m
   [33m[2mÔťô[22m[39m ThemePanel install-from-code[2m > [22minstalls a valid code [33m341[2mms[22m[39m
stderr | tests/ui/App.test.tsx > App (top-level shell) > renders the .app root without crashing
TypeError: Cannot read properties of undefined (reading 'getSnapshot')
    at MtcChip (D:\pulse-forge\src\ui\App.tsx:183:33)
    at renderWithHooks (D:\pulse-forge\node_modules\react-dom\cjs\react-dom.development.js:15486:18)
    at mountIndeterminateComponent (D:\pulse-forge\node_modules\react-dom\cjs\react-dom.development.js:20103:13)
    at beginWork (D:\pulse-forge\node_modules\react-dom\cjs\react-dom.development.js:21626:16)
    at HTMLUnknownElement.callCallback (D:\pulse-forge\node_modules\react-dom\cjs\react-dom.development.js:4164:14)
    at HTMLUnknownElement.callTheUserObjectsOperation (D:\pulse-forge\node_modules\jsdom\lib\generated\idl\EventListener.js:26:30)
    at innerInvokeEventListeners (D:\pulse-forge\node_modules\jsdom\lib\jsdom\living\events\EventTarget-impl.js:360:16)
    at invokeEventListeners (D:\pulse-forge\node_modules\jsdom\lib\jsdom\living\events\EventTarget-impl.js:296:3)
    at HTMLUnknownElementImpl._dispatch (D:\pulse-forge\node_modules\jsdom\lib\jsdom\living\events\EventTarget-impl.js:243:9)
    at HTMLUnknownElementImpl.dispatchEvent (D:\pulse-forge\node_modules\jsdom\lib\jsdom\living\events\EventTarget-impl.js:114:17)
TypeError: Cannot read properties of undefined (reading 'status')
    at LinkChip (D:\pulse-forge\src\ui\App.tsx:146:70)
    at renderWithHooks (D:\pulse-forge\node_modules\react-dom\cjs\react-dom.development.js:15486:18)
    at mountIndeterminateComponent (D:\pulse-forge\node_modules\react-dom\cjs\react-dom.development.js:20103:13)
    at beginWork (D:\pulse-forge\node_modules\react-dom\cjs\react-dom.development.js:21626:16)
    at HTMLUnknownElement.callCallback (D:\pulse-forge\node_modules\react-dom\cjs\react-dom.development.js:4164:14)
    at HTMLUnknownElement.callTheUserObjectsOperation (D:\pulse-forge\node_modules\jsdom\lib\generated\idl\EventListener.js:26:30)
    at innerInvokeEventListeners (D:\pulse-forge\node_modules\jsdom\lib\jsdom\living\events\EventTarget-impl.js:360:16)
    at invokeEventListeners (D:\pulse-forge\node_modules\jsdom\lib\jsdom\living\events\EventTarget-impl.js:296:3)
    at HTMLUnknownElementImpl._dispatch (D:\pulse-forge\node_modules\jsdom\lib\jsdom\living\events\EventTarget-impl.js:243:9)
    at HTMLUnknownElementImpl.dispatchEvent (D:\pulse-forge\node_modules\jsdom\lib\jsdom\living\events\EventTarget-impl.js:114:17)
TypeError: Cannot read properties of undefined (reading 'getSnapshot')
    at MtcChip (D:\pulse-forge\src\ui\App.tsx:183:33)
    at renderWithHooks (D:\pulse-forge\node_modules\react-dom\cjs\react-dom.development.js:15486:18)
    at mountIndeterminateComponent (D:\pulse-forge\node_modules\react-dom\cjs\react-dom.development.js:20103:13)
    at beginWork (D:\pulse-forge\node_modules\react-dom\cjs\react-dom.development.js:21626:16)
    at HTMLUnknownElement.callCallback (D:\pulse-forge\node_modules\react-dom\cjs\react-dom.development.js:4164:14)
    at HTMLUnknownElement.callTheUserObjectsOperation (D:\pulse-forge\node_modules\jsdom\lib\generated\idl\EventListener.js:26:30)
    at innerInvokeEventListeners (D:\pulse-forge\node_modules\jsdom\lib\jsdom\living\events\EventTarget-impl.js:360:16)
    at invokeEventListeners (D:\pulse-forge\node_modules\jsdom\lib\jsdom\living\events\EventTarget-impl.js:296:3)
    at HTMLUnknownElementImpl._dispatch (D:\pulse-forge\node_modules\jsdom\lib\jsdom\living\events\EventTarget-impl.js:243:9)
    at HTMLUnknownElementImpl.dispatchEvent (D:\pulse-forge\node_modules\jsdom\lib\jsdom\living\events\EventTarget-impl.js:114:17)
TypeError: Cannot read properties of undefined (reading 'status')
    at LinkChip (D:\pulse-forge\src\ui\App.tsx:146:70)
    at renderWithHooks (D:\pulse-forge\node_modules\react-dom\cjs\react-dom.development.js:15486:18)
    at mountIndeterminateComponent (D:\pulse-forge\node_modules\react-dom\cjs\react-dom.development.js:20103:13)
    at beginWork (D:\pulse-forge\node_modules\react-dom\cjs\react-dom.development.js:21626:16)
    at HTMLUnknownElement.callCallback (D:\pulse-forge\node_modules\react-dom\cjs\react-dom.development.js:4164:14)
    at HTMLUnknownElement.callTheUserObjectsOperation (D:\pulse-forge\node_modules\jsdom\lib\generated\idl\EventListener.js:26:30)
    at innerInvokeEventListeners (D:\pulse-forge\node_modules\jsdom\lib\jsdom\living\events\EventTarget-impl.js:360:16)
    at invokeEventListeners (D:\pulse-forge\node_modules\jsdom\lib\jsdom\living\events\EventTarget-impl.js:296:3)
    at HTMLUnknownElementImpl._dispatch (D:\pulse-forge\node_modules\jsdom\lib\jsdom\living\events\EventTarget-impl.js:243:9)
    at HTMLUnknownElementImpl.dispatchEvent (D:\pulse-forge\node_modules\jsdom\lib\jsdom\living\events\EventTarget-impl.js:114:17)
The above error occurred in the <MtcChip> component:

    at MtcChip (D:\pulse-forge\src\ui\App.tsx:176:20)
    at footer
    at div
    at DiceProvider (D:\pulse-forge\src\ui\DiceContext.tsx:49:3)
    at App (D:\pulse-forge\src\ui\App.tsx:198:3)

Consider adding an error boundary to your tree to customize error handling behavior.
Visit https://reactjs.org/link/error-boundaries to learn more about error boundaries.
The above error occurred in the <LinkChip> component:

    at LinkChip (D:\pulse-forge\src\ui\App.tsx:149:21)
    at footer
    at div
    at DiceProvider (D:\pulse-forge\src\ui\DiceContext.tsx:49:3)
    at App (D:\pulse-forge\src\ui\App.tsx:198:3)

Consider adding an error boundary to your tree to customize error handling behavior.
Visit https://reactjs.org/link/error-boundaries to learn more about error boundaries.

stderr | tests/ui/App.test.tsx > App (top-level shell) > the AudioUnlock global pointer-down listener registers once at mount
TypeError: Cannot read properties of undefined (reading 'getSnapshot')
    at MtcChip (D:\pulse-forge\src\ui\App.tsx:183:33)
    at renderWithHooks (D:\pulse-forge\node_modules\react-dom\cjs\react-dom.development.js:15486:18)
    at mountIndeterminateComponent (D:\pulse-forge\node_modules\react-dom\cjs\react-dom.development.js:20103:13)
    at beginWork (D:\pulse-forge\node_modules\react-dom\cjs\react-dom.development.js:21626:16)
    at HTMLUnknownElement.callCallback (D:\pulse-forge\node_modules\react-dom\cjs\react-dom.development.js:4164:14)
    at HTMLUnknownElement.callTheUserObjectsOperation (D:\pulse-forge\node_modules\jsdom\lib\generated\idl\EventListener.js:26:30)
    at innerInvokeEventListeners (D:\pulse-forge\node_modules\jsdom\lib\jsdom\living\events\EventTarget-impl.js:360:16)
    at invokeEventListeners (D:\pulse-forge\node_modules\jsdom\lib\jsdom\living\events\EventTarget-impl.js:296:3)
    at HTMLUnknownElementImpl._dispatch (D:\pulse-forge\node_modules\jsdom\lib\jsdom\living\events\EventTarget-impl.js:243:9)
    at HTMLUnknownElementImpl.dispatchEvent (D:\pulse-forge\node_modules\jsdom\lib\jsdom\living\events\EventTarget-impl.js:114:17)
TypeError: Cannot read properties of undefined (reading 'status')
    at LinkChip (D:\pulse-forge\src\ui\App.tsx:146:70)
    at renderWithHooks (D:\pulse-forge\node_modules\react-dom\cjs\react-dom.development.js:15486:18)
    at mountIndeterminateComponent (D:\pulse-forge\node_modules\react-dom\cjs\react-dom.development.js:20103:13)
    at beginWork (D:\pulse-forge\node_modules\react-dom\cjs\react-dom.development.js:21626:16)
    at HTMLUnknownElement.callCallback (D:\pulse-forge\node_modules\react-dom\cjs\react-dom.development.js:4164:14)
    at HTMLUnknownElement.callTheUserObjectsOperation (D:\pulse-forge\node_modules\jsdom\lib\generated\idl\EventListener.js:26:30)
    at innerInvokeEventListeners (D:\pulse-forge\node_modules\jsdom\lib\jsdom\living\events\EventTarget-impl.js:360:16)
    at invokeEventListeners (D:\pulse-forge\node_modules\jsdom\lib\jsdom\living\events\EventTarget-impl.js:296:3)
    at HTMLUnknownElementImpl._dispatch (D:\pulse-forge\node_modules\jsdom\lib\jsdom\living\events\EventTarget-impl.js:243:9)
    at HTMLUnknownElementImpl.dispatchEvent (D:\pulse-forge\node_modules\jsdom\lib\jsdom\living\events\EventTarget-impl.js:114:17)
TypeError: Cannot read properties of undefined (reading 'getSnapshot')
    at MtcChip (D:\pulse-forge\src\ui\App.tsx:183:33)
    at renderWithHooks (D:\pulse-forge\node_modules\react-dom\cjs\react-dom.development.js:15486:18)
    at mountIndeterminateComponent (D:\pulse-forge\node_modules\react-dom\cjs\react-dom.development.js:20103:13)
    at beginWork (D:\pulse-forge\node_modules\react-dom\cjs\react-dom.development.js:21626:16)
    at HTMLUnknownElement.callCallback (D:\pulse-forge\node_modules\react-dom\cjs\react-dom.development.js:4164:14)
    at HTMLUnknownElement.callTheUserObjectsOperation (D:\pulse-forge\node_modules\jsdom\lib\generated\idl\EventListener.js:26:30)
    at innerInvokeEventListeners (D:\pulse-forge\node_modules\jsdom\lib\jsdom\living\events\EventTarget-impl.js:360:16)
    at invokeEventListeners (D:\pulse-forge\node_modules\jsdom\lib\jsdom\living\events\EventTarget-impl.js:296:3)
    at HTMLUnknownElementImpl._dispatch (D:\pulse-forge\node_modules\jsdom\lib\jsdom\living\events\EventTarget-impl.js:243:9)
    at HTMLUnknownElementImpl.dispatchEvent (D:\pulse-forge\node_modules\jsdom\lib\jsdom\living\events\EventTarget-impl.js:114:17)
TypeError: Cannot read properties of undefined (reading 'status')
    at LinkChip (D:\pulse-forge\src\ui\App.tsx:146:70)
    at renderWithHooks (D:\pulse-forge\node_modules\react-dom\cjs\react-dom.development.js:15486:18)
    at mountIndeterminateComponent (D:\pulse-forge\node_modules\react-dom\cjs\react-dom.development.js:20103:13)
    at beginWork (D:\pulse-forge\node_modules\react-dom\cjs\react-dom.development.js:21626:16)
    at HTMLUnknownElement.callCallback (D:\pulse-forge\node_modules\react-dom\cjs\react-dom.development.js:4164:14)
    at HTMLUnknownElement.callTheUserObjectsOperation (D:\pulse-forge\node_modules\jsdom\lib\generated\idl\EventListener.js:26:30)
    at innerInvokeEventListeners (D:\pulse-forge\node_modules\jsdom\lib\jsdom\living\events\EventTarget-impl.js:360:16)
    at invokeEventListeners (D:\pulse-forge\node_modules\jsdom\lib\jsdom\living\events\EventTarget-impl.js:296:3)
    at HTMLUnknownElementImpl._dispatch (D:\pulse-forge\node_modules\jsdom\lib\jsdom\living\events\EventTarget-impl.js:243:9)
    at HTMLUnknownElementImpl.dispatchEvent (D:\pulse-forge\node_modules\jsdom\lib\jsdom\living\events\EventTarget-impl.js:114:17)
The above error occurred in the <MtcChip> component:

    at MtcChip (D:\pulse-forge\src\ui\App.tsx:176:20)
    at footer
    at div
    at DiceProvider (D:\pulse-forge\src\ui\DiceContext.tsx:49:3)
    at App (D:\pulse-forge\src\ui\App.tsx:198:3)

Consider adding an error boundary to your tree to customize error handling behavior.
Visit https://reactjs.org/link/error-boundaries to learn more about error boundaries.
The above error occurred in the <LinkChip> component:

    at LinkChip (D:\pulse-forge\src\ui\App.tsx:149:21)
    at footer
    at div
    at DiceProvider (D:\pulse-forge\src\ui\DiceContext.tsx:49:3)
    at App (D:\pulse-forge\src\ui\App.tsx:198:3)

Consider adding an error boundary to your tree to customize error handling behavior.
Visit https://reactjs.org/link/error-boundaries to learn more about error boundaries.

stderr | tests/ui/App.test.tsx > App (top-level shell) > the OnboardingTour appears after the boot delay (or is suppressed by the localStorage flag)
TypeError: Cannot read properties of undefined (reading 'getSnapshot')
    at MtcChip (D:\pulse-forge\src\ui\App.tsx:183:33)
    at renderWithHooks (D:\pulse-forge\node_modules\react-dom\cjs\react-dom.development.js:15486:18)
    at mountIndeterminateComponent (D:\pulse-forge\node_modules\react-dom\cjs\react-dom.development.js:20103:13)
    at beginWork (D:\pulse-forge\node_modules\react-dom\cjs\react-dom.development.js:21626:16)
    at HTMLUnknownElement.callCallback (D:\pulse-forge\node_modules\react-dom\cjs\react-dom.development.js:4164:14)
    at HTMLUnknownElement.callTheUserObjectsOperation (D:\pulse-forge\node_modules\jsdom\lib\generated\idl\EventListener.js:26:30)
    at innerInvokeEventListeners (D:\pulse-forge\node_modules\jsdom\lib\jsdom\living\events\EventTarget-impl.js:360:16)
    at invokeEventListeners (D:\pulse-forge\node_modules\jsdom\lib\jsdom\living\events\EventTarget-impl.js:296:3)
    at HTMLUnknownElementImpl._dispatch (D:\pulse-forge\node_modules\jsdom\lib\jsdom\living\events\EventTarget-impl.js:243:9)
    at HTMLUnknownElementImpl.dispatchEvent (D:\pulse-forge\node_modules\jsdom\lib\jsdom\living\events\EventTarget-impl.js:114:17)
TypeError: Cannot read properties of undefined (reading 'status')
    at LinkChip (D:\pulse-forge\src\ui\App.tsx:146:70)
    at renderWithHooks (D:\pulse-forge\node_modules\react-dom\cjs\react-dom.development.js:15486:18)
    at mountIndeterminateComponent (D:\pulse-forge\node_modules\react-dom\cjs\react-dom.development.js:20103:13)
    at beginWork (D:\pulse-forge\node_modules\react-dom\cjs\react-dom.development.js:21626:16)
    at HTMLUnknownElement.callCallback (D:\pulse-forge\node_modules\react-dom\cjs\react-dom.development.js:4164:14)
    at HTMLUnknownElement.callTheUserObjectsOperation (D:\pulse-forge\node_modules\jsdom\lib\generated\idl\EventListener.js:26:30)
    at innerInvokeEventListeners (D:\pulse-forge\node_modules\jsdom\lib\jsdom\living\events\EventTarget-impl.js:360:16)
    at invokeEventListeners (D:\pulse-forge\node_modules\jsdom\lib\jsdom\living\events\EventTarget-impl.js:296:3)
    at HTMLUnknownElementImpl._dispatch (D:\pulse-forge\node_modules\jsdom\lib\jsdom\living\events\EventTarget-impl.js:243:9)
    at HTMLUnknownElementImpl.dispatchEvent (D:\pulse-forge\node_modules\jsdom\lib\jsdom\living\events\EventTarget-impl.js:114:17)
TypeError: Cannot read properties of undefined (reading 'getSnapshot')
    at MtcChip (D:\pulse-forge\src\ui\App.tsx:183:33)
    at renderWithHooks (D:\pulse-forge\node_modules\react-dom\cjs\react-dom.development.js:15486:18)
    at mountIndeterminateComponent (D:\pulse-forge\node_modules\react-dom\cjs\react-dom.development.js:20103:13)
    at beginWork (D:\pulse-forge\node_modules\react-dom\cjs\react-dom.development.js:21626:16)
    at HTMLUnknownElement.callCallback (D:\pulse-forge\node_modules\react-dom\cjs\react-dom.development.js:4164:14)
    at HTMLUnknownElement.callTheUserObjectsOperation (D:\pulse-forge\node_modules\jsdom\lib\generated\idl\EventListener.js:26:30)
    at innerInvokeEventListeners (D:\pulse-forge\node_modules\jsdom\lib\jsdom\living\events\EventTarget-impl.js:360:16)
    at invokeEventListeners (D:\pulse-forge\node_modules\jsdom\lib\jsdom\living\events\EventTarget-impl.js:296:3)
    at HTMLUnknownElementImpl._dispatch (D:\pulse-forge\node_modules\jsdom\lib\jsdom\living\events\EventTarget-impl.js:243:9)
    at HTMLUnknownElementImpl.dispatchEvent (D:\pulse-forge\node_modules\jsdom\lib\jsdom\living\events\EventTarget-impl.js:114:17)
TypeError: Cannot read properties of undefined (reading 'status')
    at LinkChip (D:\pulse-forge\src\ui\App.tsx:146:70)
    at renderWithHooks (D:\pulse-forge\node_modules\react-dom\cjs\react-dom.development.js:15486:18)
    at mountIndeterminateComponent (D:\pulse-forge\node_modules\react-dom\cjs\react-dom.development.js:20103:13)
    at beginWork (D:\pulse-forge\node_modules\react-dom\cjs\react-dom.development.js:21626:16)
    at HTMLUnknownElement.callCallback (D:\pulse-forge\node_modules\react-dom\cjs\react-dom.development.js:4164:14)
    at HTMLUnknownElement.callTheUserObjectsOperation (D:\pulse-forge\node_modules\jsdom\lib\generated\idl\EventListener.js:26:30)
    at innerInvokeEventListeners (D:\pulse-forge\node_modules\jsdom\lib\jsdom\living\events\EventTarget-impl.js:360:16)
    at invokeEventListeners (D:\pulse-forge\node_modules\jsdom\lib\jsdom\living\events\EventTarget-impl.js:296:3)
    at HTMLUnknownElementImpl._dispatch (D:\pulse-forge\node_modules\jsdom\lib\jsdom\living\events\EventTarget-impl.js:243:9)
    at HTMLUnknownElementImpl.dispatchEvent (D:\pulse-forge\node_modules\jsdom\lib\jsdom\living\events\EventTarget-impl.js:114:17)
The above error occurred in the <MtcChip> component:

    at MtcChip (D:\pulse-forge\src\ui\App.tsx:176:20)
    at footer
    at div
    at DiceProvider (D:\pulse-forge\src\ui\DiceContext.tsx:49:3)
    at App (D:\pulse-forge\src\ui\App.tsx:198:3)

Consider adding an error boundary to your tree to customize error handling behavior.
Visit https://reactjs.org/link/error-boundaries to learn more about error boundaries.
The above error occurred in the <LinkChip> component:

    at LinkChip (D:\pulse-forge\src\ui\App.tsx:149:21)
    at footer
    at div
    at DiceProvider (D:\pulse-forge\src\ui\DiceContext.tsx:49:3)
    at App (D:\pulse-forge\src\ui\App.tsx:198:3)

Consider adding an error boundary to your tree to customize error handling behavior.
Visit https://reactjs.org/link/error-boundaries to learn more about error boundaries.

stderr | tests/ui/App.test.tsx > App (top-level shell) > if the tour has been completed (flag set), the OnboardingTour does NOT appear
TypeError: Cannot read properties of undefined (reading 'getSnapshot')
    at MtcChip (D:\pulse-forge\src\ui\App.tsx:183:33)
    at renderWithHooks (D:\pulse-forge\node_modules\react-dom\cjs\react-dom.development.js:15486:18)
    at mountIndeterminateComponent (D:\pulse-forge\node_modules\react-dom\cjs\react-dom.development.js:20103:13)
    at beginWork (D:\pulse-forge\node_modules\react-dom\cjs\react-dom.development.js:21626:16)
    at HTMLUnknownElement.callCallback (D:\pulse-forge\node_modules\react-dom\cjs\react-dom.development.js:4164:14)
    at HTMLUnknownElement.callTheUserObjectsOperation (D:\pulse-forge\node_modules\jsdom\lib\generated\idl\EventListener.js:26:30)
    at innerInvokeEventListeners (D:\pulse-forge\node_modules\jsdom\lib\jsdom\living\events\EventTarget-impl.js:360:16)
    at invokeEventListeners (D:\pulse-forge\node_modules\jsdom\lib\jsdom\living\events\EventTarget-impl.js:296:3)
    at HTMLUnknownElementImpl._dispatch (D:\pulse-forge\node_modules\jsdom\lib\jsdom\living\events\EventTarget-impl.js:243:9)
    at HTMLUnknownElementImpl.dispatchEvent (D:\pulse-forge\node_modules\jsdom\lib\jsdom\living\events\EventTarget-impl.js:114:17)
TypeError: Cannot read properties of undefined (reading 'status')
    at LinkChip (D:\pulse-forge\src\ui\App.tsx:146:70)
    at renderWithHooks (D:\pulse-forge\node_modules\react-dom\cjs\react-dom.development.js:15486:18)
    at mountIndeterminateComponent (D:\pulse-forge\node_modules\react-dom\cjs\react-dom.development.js:20103:13)
    at beginWork (D:\pulse-forge\node_modules\react-dom\cjs\react-dom.development.js:21626:16)
    at HTMLUnknownElement.callCallback (D:\pulse-forge\node_modules\react-dom\cjs\react-dom.development.js:4164:14)
    at HTMLUnknownElement.callTheUserObjectsOperation (D:\pulse-forge\node_modules\jsdom\lib\generated\idl\EventListener.js:26:30)
    at innerInvokeEventListeners (D:\pulse-forge\node_modules\jsdom\lib\jsdom\living\events\EventTarget-impl.js:360:16)
    at invokeEventListeners (D:\pulse-forge\node_modules\jsdom\lib\jsdom\living\events\EventTarget-impl.js:296:3)
    at HTMLUnknownElementImpl._dispatch (D:\pulse-forge\node_modules\jsdom\lib\jsdom\living\events\EventTarget-impl.js:243:9)
    at HTMLUnknownElementImpl.dispatchEvent (D:\pulse-forge\node_modules\jsdom\lib\jsdom\living\events\EventTarget-impl.js:114:17)
TypeError: Cannot read properties of undefined (reading 'getSnapshot')
    at MtcChip (D:\pulse-forge\src\ui\App.tsx:183:33)
    at renderWithHooks (D:\pulse-forge\node_modules\react-dom\cjs\react-dom.development.js:15486:18)
    at mountIndeterminateComponent (D:\pulse-forge\node_modules\react-dom\cjs\react-dom.development.js:20103:13)
    at beginWork (D:\pulse-forge\node_modules\react-dom\cjs\react-dom.development.js:21626:16)
    at HTMLUnknownElement.callCallback (D:\pulse-forge\node_modules\react-dom\cjs\react-dom.development.js:4164:14)
    at HTMLUnknownElement.callTheUserObjectsOperation (D:\pulse-forge\node_modules\jsdom\lib\generated\idl\EventListener.js:26:30)
    at innerInvokeEventListeners (D:\pulse-forge\node_modules\jsdom\lib\jsdom\living\events\EventTarget-impl.js:360:16)
    at invokeEventListeners (D:\pulse-forge\node_modules\jsdom\lib\jsdom\living\events\EventTarget-impl.js:296:3)
    at HTMLUnknownElementImpl._dispatch (D:\pulse-forge\node_modules\jsdom\lib\jsdom\living\events\EventTarget-impl.js:243:9)
    at HTMLUnknownElementImpl.dispatchEvent (D:\pulse-forge\node_modules\jsdom\lib\jsdom\living\events\EventTarget-impl.js:114:17)
TypeError: Cannot read properties of undefined (reading 'status')
    at LinkChip (D:\pulse-forge\src\ui\App.tsx:146:70)
    at renderWithHooks (D:\pulse-forge\node_modules\react-dom\cjs\react-dom.development.js:15486:18)
    at mountIndeterminateComponent (D:\pulse-forge\node_modules\react-dom\cjs\react-dom.development.js:20103:13)
    at beginWork (D:\pulse-forge\node_modules\react-dom\cjs\react-dom.development.js:21626:16)
    at HTMLUnknownElement.callCallback (D:\pulse-forge\node_modules\react-dom\cjs\react-dom.development.js:4164:14)
    at HTMLUnknownElement.callTheUserObjectsOperation (D:\pulse-forge\node_modules\jsdom\lib\generated\idl\EventListener.js:26:30)
    at innerInvokeEventListeners (D:\pulse-forge\node_modules\jsdom\lib\jsdom\living\events\EventTarget-impl.js:360:16)
    at invokeEventListeners (D:\pulse-forge\node_modules\jsdom\lib\jsdom\living\events\EventTarget-impl.js:296:3)
    at HTMLUnknownElementImpl._dispatch (D:\pulse-forge\node_modules\jsdom\lib\jsdom\living\events\EventTarget-impl.js:243:9)
    at HTMLUnknownElementImpl.dispatchEvent (D:\pulse-forge\node_modules\jsdom\lib\jsdom\living\events\EventTarget-impl.js:114:17)
The above error occurred in the <MtcChip> component:

    at MtcChip (D:\pulse-forge\src\ui\App.tsx:176:20)
    at footer
    at div
    at DiceProvider (D:\pulse-forge\src\ui\DiceContext.tsx:49:3)
    at App (D:\pulse-forge\src\ui\App.tsx:198:3)

Consider adding an error boundary to your tree to customize error handling behavior.
Visit https://reactjs.org/link/error-boundaries to learn more about error boundaries.
The above error occurred in the <LinkChip> component:

    at LinkChip (D:\pulse-forge\src\ui\App.tsx:149:21)
    at footer
    at div
    at DiceProvider (D:\pulse-forge\src\ui\DiceContext.tsx:49:3)
    at App (D:\pulse-forge\src\ui\App.tsx:198:3)

Consider adding an error boundary to your tree to customize error handling behavior.
Visit https://reactjs.org/link/error-boundaries to learn more about error boundaries.

 [31mÔŁ»[39m tests/ui/App.test.tsx [2m([22m[2m4 tests[22m[2m | [22m[31m4 failed[39m[2m)[22m[33m 4538[2mms[22m[39m
[31m   [31m├Ś[31m App (top-level shell)[2m > [22mrenders the .app root without crashing[33m 2306[2mms[22m[31m[39m
[31m     Ôćĺ Cannot read properties of undefined (reading 'getSnapshot')[39m
[31m   [31m├Ś[31m App (top-level shell)[2m > [22mthe AudioUnlock global pointer-down listener registers once at mount[33m 807[2mms[22m[31m[39m
[31m     Ôćĺ Cannot read properties of undefined (reading 'getSnapshot')[39m
[31m   [31m├Ś[31m App (top-level shell)[2m > [22mthe OnboardingTour appears after the boot delay (or is suppressed by the localStorage flag)[33m 898[2mms[22m[31m[39m
[31m     Ôćĺ Cannot read properties of undefined (reading 'getSnapshot')[39m
[31m   [31m├Ś[31m App (top-level shell)[2m > [22mif the tour has been completed (flag set), the OnboardingTour does NOT appear[33m 525[2mms[22m[31m[39m
[31m     Ôćĺ Cannot read properties of undefined (reading 'getSnapshot')[39m
stderr | tests/ui/Inspector.test.tsx > Inspector > renders the TRACK header and Volume slider
Warning: An update to SampleBrowser inside a test was not wrapped in act(...).

When testing, code that causes React state updates should be wrapped into act(...):

act(() => {
  /* fire events that update state */
});
/* assert on the output */

This ensures that you're testing the behavior the user would see in the browser. Learn more at https://reactjs.org/link/wrap-tests-with-act
    at SampleBrowser (D:\pulse-forge\src\ui\SampleBrowser.tsx:19:3)
    at aside
    at Inspector (D:\pulse-forge\src\ui\Inspector.tsx:63:3)

stderr | tests/ui/Inspector.test.tsx > Inspector > renders the Plugin button when onOpenPlugin is provided
Warning: An update to SampleBrowser inside a test was not wrapped in act(...).

When testing, code that causes React state updates should be wrapped into act(...):

act(() => {
  /* fire events that update state */
});
/* assert on the output */

This ensures that you're testing the behavior the user would see in the browser. Learn more at https://reactjs.org/link/wrap-tests-with-act
    at SampleBrowser (D:\pulse-forge\src\ui\SampleBrowser.tsx:19:3)
    at aside
    at Inspector (D:\pulse-forge\src\ui\Inspector.tsx:63:3)

stderr | tests/ui/Inspector.test.tsx > Inspector > clicking the Plugin button calls onOpenPlugin
Warning: An update to SampleBrowser inside a test was not wrapped in act(...).

When testing, code that causes React state updates should be wrapped into act(...):

act(() => {
  /* fire events that update state */
});
/* assert on the output */

This ensures that you're testing the behavior the user would see in the browser. Learn more at https://reactjs.org/link/wrap-tests-with-act
    at SampleBrowser (D:\pulse-forge\src\ui\SampleBrowser.tsx:19:3)
    at aside
    at Inspector (D:\pulse-forge\src\ui\Inspector.tsx:63:3)

 [32mÔťô[39m tests/ui/Inspector.test.tsx [2m([22m[2m3 tests[22m[2m)[22m[33m 3311[2mms[22m[39m
   [33m[2mÔťô[22m[39m Inspector[2m > [22mrenders the TRACK header and Volume slider [33m2514[2mms[22m[39m
   [33m[2mÔťô[22m[39m Inspector[2m > [22mrenders the Plugin button when onOpenPlugin is provided [33m321[2mms[22m[39m
   [33m[2mÔťô[22m[39m Inspector[2m > [22mclicking the Plugin button calls onOpenPlugin [33m474[2mms[22m[39m
stderr | tests/ui/SampleBrowser.test.tsx > SampleBrowser > renders a row for each factory asset (sample-name buttons visible)
Warning: An update to SampleBrowser inside a test was not wrapped in act(...).

When testing, code that causes React state updates should be wrapped into act(...):

act(() => {
  /* fire events that update state */
});
/* assert on the output */

This ensures that you're testing the behavior the user would see in the browser. Learn more at https://reactjs.org/link/wrap-tests-with-act
    at SampleBrowser (D:\pulse-forge\src\ui\SampleBrowser.tsx:19:3)

stderr | tests/ui/SampleBrowser.test.tsx > SampleBrowser > typing in the search box filters the visible tiles
Warning: An update to SampleBrowser inside a test was not wrapped in act(...).

When testing, code that causes React state updates should be wrapped into act(...):

act(() => {
  /* fire events that update state */
});
/* assert on the output */

This ensures that you're testing the behavior the user would see in the browser. Learn more at https://reactjs.org/link/wrap-tests-with-act
    at SampleBrowser (D:\pulse-forge\src\ui\SampleBrowser.tsx:19:3)

stderr | tests/ui/SampleBrowser.test.tsx > SampleBrowser > clicking a sample-name button fires onSelect with the asset id
Warning: An update to SampleBrowser inside a test was not wrapped in act(...).

When testing, code that causes React state updates should be wrapped into act(...):

act(() => {
  /* fire events that update state */
});
/* assert on the output */

This ensures that you're testing the behavior the user would see in the browser. Learn more at https://reactjs.org/link/wrap-tests-with-act
    at SampleBrowser (D:\pulse-forge\src\ui\SampleBrowser.tsx:19:3)

stderr | tests/ui/SampleBrowser.test.tsx > SampleBrowser > empty asset list renders no rows
Warning: An update to SampleBrowser inside a test was not wrapped in act(...).

When testing, code that causes React state updates should be wrapped into act(...):

act(() => {
  /* fire events that update state */
});
/* assert on the output */

This ensures that you're testing the behavior the user would see in the browser. Learn more at https://reactjs.org/link/wrap-tests-with-act
    at SampleBrowser (D:\pulse-forge\src\ui\SampleBrowser.tsx:19:3)

 [32mÔťô[39m tests/ui/SampleBrowser.test.tsx [2m([22m[2m4 tests[22m[2m)[22m[33m 5527[2mms[22m[39m
   [33m[2mÔťô[22m[39m SampleBrowser[2m > [22mrenders a row for each factory asset (sample-name buttons visible) [33m2969[2mms[22m[39m
   [33m[2mÔťô[22m[39m SampleBrowser[2m > [22mtyping in the search box filters the visible tiles [33m2285[2mms[22m[39m
 [32mÔťô[39m tests/ui/EffectAbControls.test.tsx [2m([22m[2m2 tests[22m[2m)[22m[33m 1239[2mms[22m[39m
   [33m[2mÔťô[22m[39m EffectAbControls[2m > [22mcan select an empty slot before storing a second variation [33m1083[2mms[22m[39m
stderr | tests/ui/OnboardingHint.test.tsx > OnboardingHint > shows DONE button on step 3
Warning: An update to OnboardingHint inside a test was not wrapped in act(...).

When testing, code that causes React state updates should be wrapped into act(...):

act(() => {
  /* fire events that update state */
});
/* assert on the output */

This ensures that you're testing the behavior the user would see in the browser. Learn more at https://reactjs.org/link/wrap-tests-with-act
    at OnboardingHint (D:\pulse-forge\src\ui\OnboardingHint.tsx:14:42)

 [32mÔťô[39m tests/ui/OnboardingHint.test.tsx [2m([22m[2m4 tests[22m[2m)[22m[33m 1629[2mms[22m[39m
   [33m[2mÔťô[22m[39m OnboardingHint[2m > [22mshows step 1 on first visit [33m390[2mms[22m[39m
   [33m[2mÔťô[22m[39m OnboardingHint[2m > [22mdismisses on ├Ś click [33m1174[2mms[22m[39m
 [32mÔťô[39m tests/ui/SpectrumAnalyzer.test.tsx [2m([22m[2m3 tests[22m[2m)[22m[90m 104[2mms[22m[39m
 [32mÔťô[39m tests/ui/SequencerCheatSheet.test.tsx [2m([22m[2m3 tests[22m[2m)[22m[33m 1262[2mms[22m[39m
   [33m[2mÔťô[22m[39m SequencerCheatSheet[2m > [22mrenders the gesture groups and key entries [33m695[2mms[22m[39m
   [33m[2mÔťô[22m[39m SequencerCheatSheet[2m > [22mcloses via the ÔťĽ button [33m542[2mms[22m[39m
 [32mÔťô[39m tests/ui/MacroPerformanceBar.test.tsx [2m([22m[2m2 tests[22m[2m)[22m[33m 1063[2mms[22m[39m
   [33m[2mÔťô[22m[39m MacroPerformanceBar[2m > [22mcollapses the fader grid and remembers the choice [33m895[2mms[22m[39m
 [32mÔťô[39m tests/ui/FreezeButton.test.tsx [2m([22m[2m3 tests[22m[2m)[22m[33m 674[2mms[22m[39m
   [33m[2mÔťô[22m[39m FreezeButton[2m > [22mrenders FREEZE and BOUNCE buttons for a non-frozen instrument track [33m542[2mms[22m[39m
stderr | tests/ui/OzvenaPanel.test.tsx > OzvenaPanel > renders the V├śID reverb editor region with the engine-mix weights group
Not implemented: HTMLCanvasElement's getContext() method: without installing the canvas npm package

stderr | tests/ui/OzvenaPanel.test.tsx > OzvenaPanel > renders a blend-pad canvas with a slider role and Blend pad label
Not implemented: HTMLCanvasElement's getContext() method: without installing the canvas npm package

stderr | tests/ui/OzvenaPanel.test.tsx > OzvenaPanel > renders the Reverb assistant block
Not implemented: HTMLCanvasElement's getContext() method: without installing the canvas npm package

stderr | tests/ui/OzvenaPanel.test.tsx > OzvenaPanel > renders the degraded banner when degraded=true
Not implemented: HTMLCanvasElement's getContext() method: without installing the canvas npm package

 [32mÔťô[39m tests/ui/OzvenaPanel.test.tsx [2m([22m[2m4 tests[22m[2m)[22m[33m 454[2mms[22m[39m
 [32mÔťô[39m tests/ui/MasterMeter.test.tsx [2m([22m[2m7 tests[22m[2m)[22m[33m 1390[2mms[22m[39m
   [33m[2mÔťô[22m[39m MasterMeter[2m > [22mrenders master meter group [33m812[2mms[22m[39m
 [32mÔťô[39m tests/ui/Diagnostics.test.tsx [2m([22m[2m5 tests[22m[2m)[22m[33m 865[2mms[22m[39m
   [33m[2mÔťô[22m[39m Diagnostics[2m > [22mswitches to MEMORY tab [33m462[2mms[22m[39m
 [32mÔťô[39m tests/ui/Goniometer.test.tsx [2m([22m[2m3 tests[22m[2m)[22m[90m 138[2mms[22m[39m
 [32mÔťô[39m tests/ui/Meter.test.tsx [2m([22m[2m3 tests[22m[2m)[22m[33m 394[2mms[22m[39m
   [33m[2mÔťô[22m[39m Meter[2m > [22mrenders with meter role [33m337[2mms[22m[39m
 [32mÔťô[39m tests/ui/AssistPanel.test.tsx [2m([22m[2m2 tests[22m[2m)[22m[33m 748[2mms[22m[39m
   [33m[2mÔťô[22m[39m AssistPanel[2m > [22mrenders a deterministic preview selector and grid [33m593[2mms[22m[39m
stderr | tests/ui/UndoHistoryPanel.test.tsx > UndoHistoryPanel > renders the undo history region when open
Warning: An update to UndoHistoryPanel inside a test was not wrapped in act(...).

When testing, code that causes React state updates should be wrapped into act(...):

act(() => {
  /* fire events that update state */
});
/* assert on the output */

This ensures that you're testing the behavior the user would see in the browser. Learn more at https://reactjs.org/link/wrap-tests-with-act
    at UndoHistoryPanel (D:\pulse-forge\src\ui\UndoHistoryPanel.tsx:20:29)

stderr | tests/ui/UndoHistoryPanel.test.tsx > UndoHistoryPanel > renders the snapshots section
Warning: An update to UndoHistoryPanel inside a test was not wrapped in act(...).

When testing, code that causes React state updates should be wrapped into act(...):

act(() => {
  /* fire events that update state */
});
/* assert on the output */

This ensures that you're testing the behavior the user would see in the browser. Learn more at https://reactjs.org/link/wrap-tests-with-act
    at UndoHistoryPanel (D:\pulse-forge\src\ui\UndoHistoryPanel.tsx:20:29)

 [32mÔťô[39m tests/ui/UndoHistoryPanel.test.tsx [2m([22m[2m3 tests[22m[2m)[22m[33m 368[2mms[22m[39m
   [33m[2mÔťô[22m[39m UndoHistoryPanel[2m > [22mrenders the undo history region when open [33m330[2mms[22m[39m
 [32mÔťô[39m tests/ui/SceneLauncher.test.tsx [2m([22m[2m2 tests[22m[2m)[22m[33m 1044[2mms[22m[39m
   [33m[2mÔťô[22m[39m SceneLauncher[2m > [22mseparates SELECT from LAUNCH [33m795[2mms[22m[39m
 [32mÔťô[39m tests/ui/LoudnessHistory.test.tsx [2m([22m[2m3 tests[22m[2m)[22m[90m 124[2mms[22m[39m

ÔÄ»ÔÄ»ÔÄ»ÔÄ»ÔÄ»ÔÄ»ÔÄ» Failed Tests 4 ÔÄ»ÔÄ»ÔÄ»ÔÄ»ÔÄ»ÔÄ»ÔÄ»

 FAIL  tests/ui/App.test.tsx > App (top-level shell) > renders the .app root without crashing
 FAIL  tests/ui/App.test.tsx > App (top-level shell) > the AudioUnlock global pointer-down listener registers once at mount
 FAIL  tests/ui/App.test.tsx > App (top-level shell) > the OnboardingTour appears after the boot delay (or is suppressed by the localStorage flag)
 FAIL  tests/ui/App.test.tsx > App (top-level shell) > if the tour has been completed (flag set), the OnboardingTour does NOT appear
TypeError: Cannot read properties of undefined (reading 'getSnapshot')
 ÔŁ» MtcChip src/ui/App.tsx:183:33
    181|     };
    182|   }, [services]);
    183|   const snapshot = services.mtc.getSnapshot();
       |                                 ^
    184|   if (!snapshot || !services.mtc.isFresh()) return null;
    185|   void tick;
 ÔŁ» renderWithHooks node_modules/react-dom/cjs/react-dom.development.js:15486:18
 ÔŁ» mountIndeterminateComponent node_modules/react-dom/cjs/react-dom.development.js:20103:13
 ÔŁ» beginWork node_modules/react-dom/cjs/react-dom.development.js:21626:16
 ÔŁ» beginWork$1 node_modules/react-dom/cjs/react-dom.development.js:27465:14
 ÔŁ» performUnitOfWork node_modules/react-dom/cjs/react-dom.development.js:26599:12
 ÔŁ» workLoopSync node_modules/react-dom/cjs/react-dom.development.js:26505:5
 ÔŁ» renderRootSync node_modules/react-dom/cjs/react-dom.development.js:26473:7
 ÔŁ» recoverFromConcurrentError node_modules/react-dom/cjs/react-dom.development.js:25889:20
 ÔŁ» performConcurrentWorkOnRoot node_modules/react-dom/cjs/react-dom.development.js:25789:22

ÔÄ»ÔÄ»ÔÄ»ÔÄ»ÔÄ»ÔÄ»ÔÄ»ÔÄ»ÔÄ»ÔÄ»ÔÄ»ÔÄ»ÔÄ»ÔÄ»ÔÄ»ÔÄ»ÔÄ»ÔÄ»ÔÄ»ÔÄ»ÔÄ»ÔÄ»ÔÄ»ÔÄ»[1/4]ÔÄ»

[2m Test Files [22m [1m[31m1 failed[39m[22m[2m | [22m[1m[32m114 passed[39m[22m[90m (115)[39m
[2m      Tests [22m [1m[31m4 failed[39m[22m[2m | [22m[1m[32m823 passed[39m[22m[90m (827)[39m
[2m   Start at [22m 12:24:47
[2m   Duration [22m 233.04s[2m (transform 356.72s, setup 362.68s, collect 936.18s, tests 274.68s, environment 1595.34s, prepare 52.23s)[22m

